╭──────────────────────────────────────────────────────────────────────────────╮
│ Rendering: 紙が布になるまで — 面数デモ                                       │
╰──────────────────────────────────────────────────────────────────────────────╯
Blender 4.5.3 LTS (hash 67807e1800cc built 2025-09-09 01:38:15)
bake: frame 1 :: 45
bake: frame 2 :: 45
bake: frame 3 :: 45
bake: frame 4 :: 45
bake: frame 5 :: 45
bake: frame 6 :: 45
bake: frame 7 :: 45
bake: frame 8 :: 45
bake: frame 9 :: 45
bake: frame 10 :: 45
bake: frame 11 :: 45
bake: frame 12 :: 45
bake: frame 13 :: 45
bake: frame 14 :: 45
bake: frame 15 :: 45
bake: frame 16 :: 45
bake: frame 17 :: 45
bake: frame 18 :: 45
bake: frame 19 :: 45
bake: frame 20 :: 45
bake: frame 21 :: 45
bake: frame 22 :: 45
bake: frame 23 :: 45
bake: frame 24 :: 45
bake: frame 25 :: 45
bake: frame 26 :: 45
bake: frame 27 :: 45
bake: frame 28 :: 45
bake: frame 29 :: 45
bake: frame 30 :: 45
bake: frame 31 :: 45
bake: frame 32 :: 45
bake: frame 33 :: 45
bake: frame 34 :: 45
bake: frame 35 :: 45
bake: frame 36 :: 45
bake: frame 37 :: 45
bake: frame 38 :: 45
bake: frame 39 :: 45
bake: frame 40 :: 45
bake: frame 41 :: 45
bake: frame 42 :: 45
bake: frame 43 :: 45
bake: frame 44 :: 45
bake: frame 45 :: 45
Fra:1 Mem:11.41M (Peak 11.41M) | Time:00:00.00 | Mem:0.00M, Peak:0.00M | Scene, ViewLayer | Synchronizing object | ClothKey
Fra:1 Mem:11.41M (Peak 11.41M) | Time:00:00.00 | Mem:0.00M, Peak:0.00M | Scene, ViewLayer | Synchronizing object | ClothFill
Fra:1 Mem:11.41M (Peak 11.41M) | Time:00:00.00 | Mem:0.00M, Peak:0.00M | Scene, ViewLayer | Synchronizing object | ClothRim
Fra:1 Mem:11.41M (Peak 11.41M) | Time:00:00.00 | Mem:0.00M, Peak:0.00M | Scene, ViewLayer | Synchronizing object | Rod
Fra:1 Mem:11.41M (Peak 11.41M) | Time:00:00.00 | Mem:0.00M, Peak:0.00M | Scene, ViewLayer | Synchronizing object | FacesLabel
Fra:1 Mem:11.62M (Peak 11.62M) | Time:00:00.00 | Mem:0.00M, Peak:0.00M | Scene, ViewLayer | Synchronizing object | Sheet
Fra:1 Mem:11.67M (Peak 11.67M) | Time:00:00.00 | Mem:0.00M, Peak:0.00M | Scene, ViewLayer | Synchronizing object | GlassSphere
Fra:1 Mem:11.86M (Peak 11.86M) | Time:00:00.00 | Mem:0.00M, Peak:0.00M | Scene, ViewLayer | Initializing
Fra:1 Mem:10.20M (Peak 11.86M) | Time:00:00.00 | Mem:0.00M, Peak:0.00M | Scene, ViewLayer | Waiting for render to start
Fra:1 Mem:10.20M (Peak 11.86M) | Time:00:00.00 | Mem:0.00M, Peak:0.00M | Scene, ViewLayer | Updating Scene
Fra:1 Mem:10.20M (Peak 11.86M) | Time:00:00.00 | Mem:0.00M, Peak:0.00M | Scene, ViewLayer | Updating Shaders
Fra:1 Mem:10.20M (Peak 11.86M) | Time:00:00.00 | Mem:0.00M, Peak:0.00M | Scene, ViewLayer | Loading render kernels (may take a few minutes the first time)
Fra:1 Mem:10.28M (Peak 11.86M) | Time:00:00.00 | Mem:0.00M, Peak:0.00M | Scene, ViewLayer | Updating Procedurals
Fra:1 Mem:10.28M (Peak 11.86M) | Time:00:00.00 | Mem:0.00M, Peak:0.00M | Scene, ViewLayer | Updating Background
Fra:1 Mem:10.28M (Peak 11.86M) | Time:00:00.00 | Mem:0.00M, Peak:0.00M | Scene, ViewLayer | Updating Camera
Fra:1 Mem:10.28M (Peak 11.86M) | Time:00:00.00 | Mem:0.00M, Peak:0.00M | Scene, ViewLayer | Updating Meshes Flags
Fra:1 Mem:10.28M (Peak 11.86M) | Time:00:00.00 | Mem:0.00M, Peak:0.00M | Scene, ViewLayer | Updating Objects
Fra:1 Mem:10.28M (Peak 11.86M) | Time:00:00.00 | Mem:0.00M, Peak:0.00M | Scene, ViewLayer | Updating Objects | Copying Transformations to device
Fra:1 Mem:10.28M (Peak 11.86M) | Time:00:00.00 | Mem:0.01M, Peak:0.01M | Scene, ViewLayer | Updating Particle Systems
Fra:1 Mem:10.28M (Peak 11.86M) | Time:00:00.00 | Mem:0.01M, Peak:0.01M | Scene, ViewLayer | Updating Particle Systems | Copying Particles to device
Fra:1 Mem:10.28M (Peak 11.86M) | Time:00:00.00 | Mem:0.01M, Peak:0.01M | Scene, ViewLayer | Updating Meshes
Fra:1 Mem:10.28M (Peak 11.86M) | Time:00:00.00 | Mem:0.01M, Peak:0.01M | Scene, ViewLayer | Updating Objects | Applying Static Transformations
Fra:1 Mem:10.28M (Peak 11.86M) | Time:00:00.00 | Mem:0.01M, Peak:0.01M | Scene, ViewLayer | Updating Mesh | Computing attributes
Fra:1 Mem:10.33M (Peak 11.86M) | Time:00:00.00 | Mem:0.01M, Peak:0.01M | Scene, ViewLayer | Updating Mesh | Copying Attributes to device
Fra:1 Mem:10.33M (Peak 11.86M) | Time:00:00.00 | Mem:0.05M, Peak:0.05M | Scene, ViewLayer | Updating Scene BVH | Building
Fra:1 Mem:10.33M (Peak 11.86M) | Time:00:00.00 | Mem:0.05M, Peak:0.05M | Scene, ViewLayer | Updating Scene BVH | Building BVH
Fra:1 Mem:10.33M (Peak 11.86M) | Time:00:00.00 | Mem:0.20M, Peak:0.20M | Scene, ViewLayer | Updating Scene BVH | Building BVH 0%
Fra:1 Mem:10.33M (Peak 11.86M) | Time:00:00.00 | Mem:0.39M, Peak:0.54M | Scene, ViewLayer | Updating Scene BVH | Copying BVH to device
Fra:1 Mem:10.33M (Peak 11.86M) | Time:00:00.00 | Mem:0.39M, Peak:0.54M | Scene, ViewLayer | Updating Mesh | Computing normals
Fra:1 Mem:10.49M (Peak 11.86M) | Time:00:00.00 | Mem:0.39M, Peak:0.54M | Scene, ViewLayer | Updating Mesh | Copying Mesh to device
Fra:1 Mem:10.49M (Peak 11.86M) | Time:00:00.00 | Mem:0.55M, Peak:0.55M | Scene, ViewLayer | Updating Objects Flags
Fra:1 Mem:10.49M (Peak 11.86M) | Time:00:00.00 | Mem:0.55M, Peak:0.55M | Scene, ViewLayer | Updating Primitive Offsets
Fra:1 Mem:10.49M (Peak 11.86M) | Time:00:00.00 | Mem:0.55M, Peak:0.55M | Scene, ViewLayer | Updating Images
Fra:1 Mem:10.49M (Peak 11.86M) | Time:00:00.00 | Mem:0.55M, Peak:0.55M | Scene, ViewLayer | Updating Camera Volume
Fra:1 Mem:10.49M (Peak 11.86M) | Time:00:00.00 | Mem:0.55M, Peak:0.55M | Scene, ViewLayer | Updating Lookup Tables
Fra:1 Mem:10.49M (Peak 11.86M) | Time:00:00.00 | Mem:0.63M, Peak:0.63M | Scene, ViewLayer | Updating Lights
Fra:1 Mem:10.49M (Peak 11.86M) | Time:00:00.00 | Mem:0.63M, Peak:0.63M | Scene, ViewLayer | Updating Lights | Computing tree
Fra:1 Mem:10.94M (Peak 11.86M) | Time:00:00.02 | Mem:1.09M, Peak:1.09M | Scene, ViewLayer | Updating Integrator
Fra:1 Mem:10.94M (Peak 11.86M) | Time:00:00.02 | Mem:1.09M, Peak:1.09M | Scene, ViewLayer | Updating Film
Fra:1 Mem:10.95M (Peak 11.86M) | Time:00:00.02 | Mem:1.00M, Peak:1.09M | Scene, ViewLayer | Updating Lookup Tables
Fra:1 Mem:10.95M (Peak 11.86M) | Time:00:00.02 | Mem:1.09M, Peak:1.09M | Scene, ViewLayer | Updating Baking
Fra:1 Mem:10.95M (Peak 11.86M) | Time:00:00.02 | Mem:1.09M, Peak:1.09M | Scene, ViewLayer | Updating Device | Writing constant memory
Fra:1 Mem:10.95M (Peak 11.86M) | Time:00:00.02 | Mem:1.09M, Peak:1.09M | Scene, ViewLayer | Sample 0/32
Fra:1 Mem:28.79M (Peak 28.79M) | Time:00:00.52 | Remaining:00:15.69 | Mem:18.89M, Peak:18.89M | Scene, ViewLayer | Sample 1/32
Fra:1 Mem:36.70M (Peak 52.52M) | Time:00:16.94 | Mem:18.89M, Peak:18.89M | Scene, ViewLayer | Sample 32/32
Fra:1 Mem:36.70M (Peak 52.52M) | Time:00:16.94 | Mem:18.89M, Peak:18.89M | Scene, ViewLayer | Finished
Saved: '/home/runner/work/chaosim/chaosim/outputs/renders/paper_to_cloth_frames/frame_0001.png'
Time: 00:17.07 (Saving: 00:00.13)

Fra:2 Mem:11.45M (Peak 52.52M) | Time:00:00.00 | Mem:0.00M, Peak:0.00M | Scene, ViewLayer | Synchronizing object | ClothKey
Fra:2 Mem:11.45M (Peak 52.52M) | Time:00:00.00 | Mem:0.00M, Peak:0.00M | Scene, ViewLayer | Synchronizing object | ClothRim
Fra:2 Mem:11.45M (Peak 52.52M) | Time:00:00.00 | Mem:0.00M, Peak:0.00M | Scene, ViewLayer | Synchronizing object | Rod
Fra:2 Mem:11.45M (Peak 52.52M) | Time:00:00.00 | Mem:0.00M, Peak:0.00M | Scene, ViewLayer | Synchronizing object | Sheet
Fra:2 Mem:11.46M (Peak 52.52M) | Time:00:00.00 | Mem:0.00M, Peak:0.00M | Scene, ViewLayer | Synchronizing object | FacesLabel
Fra:2 Mem:11.86M (Peak 52.52M) | Time:00:00.00 | Mem:0.00M, Peak:0.00M | Scene, ViewLayer | Initializing
Fra:2 Mem:10.20M (Peak 52.52M) | Time:00:00.00 | Mem:0.00M, Peak:0.00M | Scene, ViewLayer | Waiting for render to start
Fra:2 Mem:10.20M (Peak 52.52M) | Time:00:00.00 | Mem:0.00M, Peak:0.00M | Scene, ViewLayer | Updating Scene
Fra:2 Mem:10.20M (Peak 52.52M) | Time:00:00.00 | Mem:0.00M, Peak:0.00M | Scene, ViewLayer | Updating Shaders
Fra:2 Mem:10.20M (Peak 52.52M) | Time:00:00.00 | Mem:0.00M, Peak:0.00M | Scene, ViewLayer | Loading render kernels (may take a few minutes the first time)
Fra:2 Mem:10.28M (Peak 52.52M) | Time:00:00.00 | Mem:0.00M, Peak:0.00M | Scene, ViewLayer | Updating Procedurals
Fra:2 Mem:10.28M (Peak 52.52M) | Time:00:00.00 | Mem:0.00M, Peak:0.00M | Scene, ViewLayer | Updating Background
Fra:2 Mem:10.28M (Peak 52.52M) | Time:00:00.00 | Mem:0.00M, Peak:0.00M | Scene, ViewLayer | Updating Camera
Fra:2 Mem:10.28M (Peak 52.52M) | Time:00:00.00 | Mem:0.00M, Peak:0.00M | Scene, ViewLayer | Updating Meshes Flags
Fra:2 Mem:10.28M (Peak 52.52M) | Time:00:00.00 | Mem:0.00M, Peak:0.00M | Scene, ViewLayer | Updating Objects
Fra:2 Mem:10.28M (Peak 52.52M) | Time:00:00.00 | Mem:0.00M, Peak:0.00M | Scene, ViewLayer | Updating Objects | Copying Transformations to device
Fra:2 Mem:10.28M (Peak 52.52M) | Time:00:00.00 | Mem:0.01M, Peak:0.01M | Scene, ViewLayer | Updating Particle Systems
Fra:2 Mem:10.28M (Peak 52.52M) | Time:00:00.00 | Mem:0.01M, Peak:0.01M | Scene, ViewLayer | Updating Particle Systems | Copying Particles to device
Fra:2 Mem:10.28M (Peak 52.52M) | Time:00:00.00 | Mem:0.01M, Peak:0.01M | Scene, ViewLayer | Updating Meshes
Fra:2 Mem:10.28M (Peak 52.52M) | Time:00:00.00 | Mem:0.01M, Peak:0.01M | Scene, ViewLayer | Updating Objects | Applying Static Transformations
Fra:2 Mem:10.28M (Peak 52.52M) | Time:00:00.00 | Mem:0.01M, Peak:0.01M | Scene, ViewLayer | Updating Mesh | Computing attributes
Fra:2 Mem:10.33M (Peak 52.52M) | Time:00:00.00 | Mem:0.01M, Peak:0.01M | Scene, ViewLayer | Updating Mesh | Copying Attributes to device
Fra:2 Mem:10.33M (Peak 52.52M) | Time:00:00.00 | Mem:0.05M, Peak:0.05M | Scene, ViewLayer | Updating Scene BVH | Building
Fra:2 Mem:10.33M (Peak 52.52M) | Time:00:00.00 | Mem:0.05M, Peak:0.05M | Scene, ViewLayer | Updating Scene BVH | Building BVH
Fra:2 Mem:10.33M (Peak 52.52M) | Time:00:00.00 | Mem:0.20M, Peak:0.20M | Scene, ViewLayer | Updating Scene BVH | Building BVH 0%
Fra:2 Mem:10.33M (Peak 52.52M) | Time:00:00.00 | Mem:0.39M, Peak:0.54M | Scene, ViewLayer | Updating Scene BVH | Copying BVH to device
Fra:2 Mem:10.33M (Peak 52.52M) | Time:00:00.00 | Mem:0.39M, Peak:0.54M | Scene, ViewLayer | Updating Mesh | Computing normals
Fra:2 Mem:10.49M (Peak 52.52M) | Time:00:00.00 | Mem:0.39M, Peak:0.54M | Scene, ViewLayer | Updating Mesh | Copying Mesh to device
Fra:2 Mem:10.49M (Peak 52.52M) | Time:00:00.00 | Mem:0.55M, Peak:0.55M | Scene, ViewLayer | Updating Objects Flags
Fra:2 Mem:10.49M (Peak 52.52M) | Time:00:00.00 | Mem:0.55M, Peak:0.55M | Scene, ViewLayer | Updating Primitive Offsets
Fra:2 Mem:10.49M (Peak 52.52M) | Time:00:00.00 | Mem:0.55M, Peak:0.55M | Scene, ViewLayer | Updating Images
Fra:2 Mem:10.49M (Peak 52.52M) | Time:00:00.00 | Mem:0.55M, Peak:0.55M | Scene, ViewLayer | Updating Camera Volume
Fra:2 Mem:10.49M (Peak 52.52M) | Time:00:00.00 | Mem:0.55M, Peak:0.55M | Scene, ViewLayer | Updating Lookup Tables
Fra:2 Mem:10.49M (Peak 52.52M) | Time:00:00.00 | Mem:0.63M, Peak:0.63M | Scene, ViewLayer | Updating Lights
Fra:2 Mem:10.49M (Peak 52.52M) | Time:00:00.00 | Mem:0.63M, Peak:0.63M | Scene, ViewLayer | Updating Lights | Computing tree
Fra:2 Mem:10.94M (Peak 52.52M) | Time:00:00.02 | Mem:1.09M, Peak:1.09M | Scene, ViewLayer | Updating Integrator
Fra:2 Mem:10.94M (Peak 52.52M) | Time:00:00.02 | Mem:1.09M, Peak:1.09M | Scene, ViewLayer | Updating Film
Fra:2 Mem:10.95M (Peak 52.52M) | Time:00:00.02 | Mem:1.00M, Peak:1.09M | Scene, ViewLayer | Updating Lookup Tables
Fra:2 Mem:10.95M (Peak 52.52M) | Time:00:00.02 | Mem:1.09M, Peak:1.09M | Scene, ViewLayer | Updating Baking
Fra:2 Mem:10.95M (Peak 52.52M) | Time:00:00.02 | Mem:1.09M, Peak:1.09M | Scene, ViewLayer | Updating Device | Writing constant memory
Fra:2 Mem:10.95M (Peak 52.52M) | Time:00:00.02 | Mem:1.09M, Peak:1.09M | Scene, ViewLayer | Sample 0/32
Fra:2 Mem:28.79M (Peak 52.52M) | Time:00:00.49 | Remaining:00:14.63 | Mem:18.89M, Peak:18.89M | Scene, ViewLayer | Sample 1/32
Fra:2 Mem:36.70M (Peak 52.52M) | Time:00:15.32 | Mem:18.89M, Peak:18.89M | Scene, ViewLayer | Sample 32/32
Fra:2 Mem:36.70M (Peak 52.52M) | Time:00:15.32 | Mem:18.89M, Peak:18.89M | Scene, ViewLayer | Finished
Saved: '/home/runner/work/chaosim/chaosim/outputs/renders/paper_to_cloth_frames/frame_0002.png'
Time: 00:15.38 (Saving: 00:00.05)

Fra:3 Mem:11.45M (Peak 52.52M) | Time:00:00.00 | Mem:0.00M, Peak:0.00M | Scene, ViewLayer | Synchronizing object | ClothKey
Fra:3 Mem:11.45M (Peak 52.52M) | Time:00:00.00 | Mem:0.00M, Peak:0.00M | Scene, ViewLayer | Synchronizing object | ClothRim
Fra:3 Mem:11.45M (Peak 52.52M) | Time:00:00.00 | Mem:0.00M, Peak:0.00M | Scene, ViewLayer | Synchronizing object | Sheet
Fra:3 Mem:11.45M (Peak 52.52M) | Time:00:00.00 | Mem:0.00M, Peak:0.00M | Scene, ViewLayer | Synchronizing object | GlassSphere
Fra:3 Mem:11.46M (Peak 52.52M) | Time:00:00.00 | Mem:0.00M, Peak:0.00M | Scene, ViewLayer | Synchronizing object | FacesLabel
Fra:3 Mem:11.86M (Peak 52.52M) | Time:00:00.00 | Mem:0.00M, Peak:0.00M | Scene, ViewLayer | Initializing
Fra:3 Mem:10.20M (Peak 52.52M) | Time:00:00.00 | Mem:0.00M, Peak:0.00M | Scene, ViewLayer | Waiting for render to start
Fra:3 Mem:10.20M (Peak 52.52M) | Time:00:00.00 | Mem:0.00M, Peak:0.00M | Scene, ViewLayer | Updating Scene
Fra:3 Mem:10.20M (Peak 52.52M) | Time:00:00.00 | Mem:0.00M, Peak:0.00M | Scene, ViewLayer | Updating Shaders
Fra:3 Mem:10.20M (Peak 52.52M) | Time:00:00.00 | Mem:0.00M, Peak:0.00M | Scene, ViewLayer | Loading render kernels (may take a few minutes the first time)
Fra:3 Mem:10.28M (Peak 52.52M) | Time:00:00.00 | Mem:0.00M, Peak:0.00M | Scene, ViewLayer | Updating Procedurals
Fra:3 Mem:10.28M (Peak 52.52M) | Time:00:00.00 | Mem:0.00M, Peak:0.00M | Scene, ViewLayer | Updating Background
Fra:3 Mem:10.28M (Peak 52.52M) | Time:00:00.00 | Mem:0.00M, Peak:0.00M | Scene, ViewLayer | Updating Camera
Fra:3 Mem:10.28M (Peak 52.52M) | Time:00:00.00 | Mem:0.00M, Peak:0.00M | Scene, ViewLayer | Updating Meshes Flags
Fra:3 Mem:10.28M (Peak 52.52M) | Time:00:00.00 | Mem:0.00M, Peak:0.00M | Scene, ViewLayer | Updating Objects
Fra:3 Mem:10.28M (Peak 52.52M) | Time:00:00.00 | Mem:0.00M, Peak:0.00M | Scene, ViewLayer | Updating Objects | Copying Transformations to device
Fra:3 Mem:10.28M (Peak 52.52M) | Time:00:00.00 | Mem:0.01M, Peak:0.01M | Scene, ViewLayer | Updating Particle Systems
Fra:3 Mem:10.28M (Peak 52.52M) | Time:00:00.00 | Mem:0.01M, Peak:0.01M | Scene, ViewLayer | Updating Particle Systems | Copying Particles to device
Fra:3 Mem:10.28M (Peak 52.52M) | Time:00:00.00 | Mem:0.01M, Peak:0.01M | Scene, ViewLayer | Updating Meshes
Fra:3 Mem:10.28M (Peak 52.52M) | Time:00:00.00 | Mem:0.01M, Peak:0.01M | Scene, ViewLayer | Updating Objects | Applying Static Transformations
Fra:3 Mem:10.28M (Peak 52.52M) | Time:00:00.00 | Mem:0.01M, Peak:0.01M | Scene, ViewLayer | Updating Mesh | Computing attributes
Fra:3 Mem:10.33M (Peak 52.52M) | Time:00:00.00 | Mem:0.01M, Peak:0.01M | Scene, ViewLayer | Updating Mesh | Copying Attributes to device
Fra:3 Mem:10.33M (Peak 52.52M) | Time:00:00.00 | Mem:0.05M, Peak:0.05M | Scene, ViewLayer | Updating Scene BVH | Building
Fra:3 Mem:10.33M (Peak 52.52M) | Time:00:00.00 | Mem:0.05M, Peak:0.05M | Scene, ViewLayer | Updating Scene BVH | Building BVH
Fra:3 Mem:10.33M (Peak 52.52M) | Time:00:00.00 | Mem:0.20M, Peak:0.20M | Scene, ViewLayer | Updating Scene BVH | Building BVH 0%
Fra:3 Mem:10.33M (Peak 52.52M) | Time:00:00.00 | Mem:0.39M, Peak:0.54M | Scene, ViewLayer | Updating Scene BVH | Copying BVH to device
Fra:3 Mem:10.33M (Peak 52.52M) | Time:00:00.00 | Mem:0.39M, Peak:0.54M | Scene, ViewLayer | Updating Mesh | Computing normals
Fra:3 Mem:10.49M (Peak 52.52M) | Time:00:00.00 | Mem:0.39M, Peak:0.54M | Scene, ViewLayer | Updating Mesh | Copying Mesh to device
Fra:3 Mem:10.49M (Peak 52.52M) | Time:00:00.00 | Mem:0.55M, Peak:0.55M | Scene, ViewLayer | Updating Objects Flags
Fra:3 Mem:10.49M (Peak 52.52M) | Time:00:00.00 | Mem:0.55M, Peak:0.55M | Scene, ViewLayer | Updating Primitive Offsets
Fra:3 Mem:10.49M (Peak 52.52M) | Time:00:00.00 | Mem:0.55M, Peak:0.55M | Scene, ViewLayer | Updating Images
Fra:3 Mem:10.49M (Peak 52.52M) | Time:00:00.00 | Mem:0.55M, Peak:0.55M | Scene, ViewLayer | Updating Camera Volume
Fra:3 Mem:10.49M (Peak 52.52M) | Time:00:00.00 | Mem:0.55M, Peak:0.55M | Scene, ViewLayer | Updating Lookup Tables
Fra:3 Mem:10.49M (Peak 52.52M) | Time:00:00.00 | Mem:0.63M, Peak:0.63M | Scene, ViewLayer | Updating Lights
Fra:3 Mem:10.49M (Peak 52.52M) | Time:00:00.00 | Mem:0.63M, Peak:0.63M | Scene, ViewLayer | Updating Lights | Computing tree
Fra:3 Mem:10.94M (Peak 52.52M) | Time:00:00.01 | Mem:1.09M, Peak:1.09M | Scene, ViewLayer | Updating Integrator
Fra:3 Mem:10.94M (Peak 52.52M) | Time:00:00.01 | Mem:1.09M, Peak:1.09M | Scene, ViewLayer | Updating Film
Fra:3 Mem:10.95M (Peak 52.52M) | Time:00:00.01 | Mem:1.00M, Peak:1.09M | Scene, ViewLayer | Updating Lookup Tables
Fra:3 Mem:10.95M (Peak 52.52M) | Time:00:00.01 | Mem:1.09M, Peak:1.09M | Scene, ViewLayer | Updating Baking
Fra:3 Mem:10.95M (Peak 52.52M) | Time:00:00.01 | Mem:1.09M, Peak:1.09M | Scene, ViewLayer | Updating Device | Writing constant memory
Fra:3 Mem:10.95M (Peak 52.52M) | Time:00:00.01 | Mem:1.09M, Peak:1.09M | Scene, ViewLayer | Sample 0/32
Fra:3 Mem:28.79M (Peak 52.52M) | Time:00:00.49 | Remaining:00:14.75 | Mem:18.89M, Peak:18.89M | Scene, ViewLayer | Sample 1/32
Fra:3 Mem:36.70M (Peak 52.52M) | Time:00:15.34 | Mem:18.89M, Peak:18.89M | Scene, ViewLayer | Sample 32/32
Fra:3 Mem:36.70M (Peak 52.52M) | Time:00:15.34 | Mem:18.89M, Peak:18.89M | Scene, ViewLayer | Finished
Saved: '/home/runner/work/chaosim/chaosim/outputs/renders/paper_to_cloth_frames/frame_0003.png'
Time: 00:15.39 (Saving: 00:00.05)

Fra:4 Mem:11.45M (Peak 52.52M) | Time:00:00.00 | Mem:0.00M, Peak:0.00M | Scene, ViewLayer | Synchronizing object | ClothKey
Fra:4 Mem:11.45M (Peak 52.52M) | Time:00:00.00 | Mem:0.00M, Peak:0.00M | Scene, ViewLayer | Synchronizing object | ClothRim
Fra:4 Mem:11.45M (Peak 52.52M) | Time:00:00.00 | Mem:0.00M, Peak:0.00M | Scene, ViewLayer | Synchronizing object | FacesLabel
Fra:4 Mem:11.45M (Peak 52.52M) | Time:00:00.00 | Mem:0.00M, Peak:0.00M | Scene, ViewLayer | Synchronizing object | Sheet
Fra:4 Mem:11.48M (Peak 52.52M) | Time:00:00.00 | Mem:0.00M, Peak:0.00M | Scene, ViewLayer | Synchronizing object | GlassSphere
Fra:4 Mem:11.86M (Peak 52.52M) | Time:00:00.00 | Mem:0.00M, Peak:0.00M | Scene, ViewLayer | Initializing
Fra:4 Mem:10.20M (Peak 52.52M) | Time:00:00.00 | Mem:0.00M, Peak:0.00M | Scene, ViewLayer | Waiting for render to start
Fra:4 Mem:10.20M (Peak 52.52M) | Time:00:00.00 | Mem:0.00M, Peak:0.00M | Scene, ViewLayer | Updating Scene
Fra:4 Mem:10.20M (Peak 52.52M) | Time:00:00.00 | Mem:0.00M, Peak:0.00M | Scene, ViewLayer | Updating Shaders
Fra:4 Mem:10.20M (Peak 52.52M) | Time:00:00.00 | Mem:0.00M, Peak:0.00M | Scene, ViewLayer | Loading render kernels (may take a few minutes the first time)
Fra:4 Mem:10.28M (Peak 52.52M) | Time:00:00.00 | Mem:0.00M, Peak:0.00M | Scene, ViewLayer | Updating Procedurals
Fra:4 Mem:10.28M (Peak 52.52M) | Time:00:00.00 | Mem:0.00M, Peak:0.00M | Scene, ViewLayer | Updating Background
Fra:4 Mem:10.28M (Peak 52.52M) | Time:00:00.00 | Mem:0.00M, Peak:0.00M | Scene, ViewLayer | Updating Camera
Fra:4 Mem:10.28M (Peak 52.52M) | Time:00:00.00 | Mem:0.00M, Peak:0.00M | Scene, ViewLayer | Updating Meshes Flags
Fra:4 Mem:10.28M (Peak 52.52M) | Time:00:00.00 | Mem:0.00M, Peak:0.00M | Scene, ViewLayer | Updating Objects
Fra:4 Mem:10.28M (Peak 52.52M) | Time:00:00.00 | Mem:0.00M, Peak:0.00M | Scene, ViewLayer | Updating Objects | Copying Transformations to device
Fra:4 Mem:10.28M (Peak 52.52M) | Time:00:00.00 | Mem:0.01M, Peak:0.01M | Scene, ViewLayer | Updating Particle Systems
Fra:4 Mem:10.28M (Peak 52.52M) | Time:00:00.00 | Mem:0.01M, Peak:0.01M | Scene, ViewLayer | Updating Particle Systems | Copying Particles to device
Fra:4 Mem:10.28M (Peak 52.52M) | Time:00:00.00 | Mem:0.01M, Peak:0.01M | Scene, ViewLayer | Updating Meshes
Fra:4 Mem:10.28M (Peak 52.52M) | Time:00:00.00 | Mem:0.01M, Peak:0.01M | Scene, ViewLayer | Updating Objects | Applying Static Transformations
Fra:4 Mem:10.28M (Peak 52.52M) | Time:00:00.00 | Mem:0.01M, Peak:0.01M | Scene, ViewLayer | Updating Mesh | Computing attributes
Fra:4 Mem:10.33M (Peak 52.52M) | Time:00:00.00 | Mem:0.01M, Peak:0.01M | Scene, ViewLayer | Updating Mesh | Copying Attributes to device
Fra:4 Mem:10.33M (Peak 52.52M) | Time:00:00.00 | Mem:0.05M, Peak:0.05M | Scene, ViewLayer | Updating Scene BVH | Building
Fra:4 Mem:10.33M (Peak 52.52M) | Time:00:00.00 | Mem:0.05M, Peak:0.05M | Scene, ViewLayer | Updating Scene BVH | Building BVH
Fra:4 Mem:10.33M (Peak 52.52M) | Time:00:00.00 | Mem:0.20M, Peak:0.20M | Scene, ViewLayer | Updating Scene BVH | Building BVH 0%
Fra:4 Mem:10.33M (Peak 52.52M) | Time:00:00.00 | Mem:0.39M, Peak:0.54M | Scene, ViewLayer | Updating Scene BVH | Copying BVH to device
Fra:4 Mem:10.33M (Peak 52.52M) | Time:00:00.00 | Mem:0.39M, Peak:0.54M | Scene, ViewLayer | Updating Mesh | Computing normals
Fra:4 Mem:10.49M (Peak 52.52M) | Time:00:00.00 | Mem:0.39M, Peak:0.54M | Scene, ViewLayer | Updating Mesh | Copying Mesh to device
Fra:4 Mem:10.49M (Peak 52.52M) | Time:00:00.00 | Mem:0.55M, Peak:0.55M | Scene, ViewLayer | Updating Objects Flags
Fra:4 Mem:10.49M (Peak 52.52M) | Time:00:00.00 | Mem:0.55M, Peak:0.55M | Scene, ViewLayer | Updating Primitive Offsets
Fra:4 Mem:10.49M (Peak 52.52M) | Time:00:00.00 | Mem:0.55M, Peak:0.55M | Scene, ViewLayer | Updating Images
Fra:4 Mem:10.49M (Peak 52.52M) | Time:00:00.00 | Mem:0.55M, Peak:0.55M | Scene, ViewLayer | Updating Camera Volume
Fra:4 Mem:10.49M (Peak 52.52M) | Time:00:00.00 | Mem:0.55M, Peak:0.55M | Scene, ViewLayer | Updating Lookup Tables
Fra:4 Mem:10.49M (Peak 52.52M) | Time:00:00.00 | Mem:0.63M, Peak:0.63M | Scene, ViewLayer | Updating Lights
Fra:4 Mem:10.49M (Peak 52.52M) | Time:00:00.00 | Mem:0.63M, Peak:0.63M | Scene, ViewLayer | Updating Lights | Computing tree
Fra:4 Mem:10.94M (Peak 52.52M) | Time:00:00.02 | Mem:1.09M, Peak:1.09M | Scene, ViewLayer | Updating Integrator
Fra:4 Mem:10.94M (Peak 52.52M) | Time:00:00.02 | Mem:1.09M, Peak:1.09M | Scene, ViewLayer | Updating Film
Fra:4 Mem:10.95M (Peak 52.52M) | Time:00:00.02 | Mem:1.00M, Peak:1.09M | Scene, ViewLayer | Updating Lookup Tables
Fra:4 Mem:10.95M (Peak 52.52M) | Time:00:00.02 | Mem:1.09M, Peak:1.09M | Scene, ViewLayer | Updating Baking
Fra:4 Mem:10.95M (Peak 52.52M) | Time:00:00.02 | Mem:1.09M, Peak:1.09M | Scene, ViewLayer | Updating Device | Writing constant memory
Fra:4 Mem:10.95M (Peak 52.52M) | Time:00:00.02 | Mem:1.09M, Peak:1.09M | Scene, ViewLayer | Sample 0/32
Fra:4 Mem:28.79M (Peak 52.52M) | Time:00:00.49 | Remaining:00:14.79 | Mem:18.89M, Peak:18.89M | Scene, ViewLayer | Sample 1/32
Fra:4 Mem:36.70M (Peak 52.52M) | Time:00:15.42 | Mem:18.89M, Peak:18.89M | Scene, ViewLayer | Sample 32/32
Fra:4 Mem:36.70M (Peak 52.52M) | Time:00:15.42 | Mem:18.89M, Peak:18.89M | Scene, ViewLayer | Finished
Saved: '/home/runner/work/chaosim/chaosim/outputs/renders/paper_to_cloth_frames/frame_0004.png'
Time: 00:15.48 (Saving: 00:00.05)

Fra:5 Mem:11.45M (Peak 52.52M) | Time:00:00.00 | Mem:0.00M, Peak:0.00M | Scene, ViewLayer | Synchronizing object | ClothKey
Fra:5 Mem:11.45M (Peak 52.52M) | Time:00:00.00 | Mem:0.00M, Peak:0.00M | Scene, ViewLayer | Synchronizing object | ClothRim
Fra:5 Mem:11.45M (Peak 52.52M) | Time:00:00.00 | Mem:0.00M, Peak:0.00M | Scene, ViewLayer | Synchronizing object | Sheet
Fra:5 Mem:11.45M (Peak 52.52M) | Time:00:00.00 | Mem:0.00M, Peak:0.00M | Scene, ViewLayer | Synchronizing object | GlassSphere
Fra:5 Mem:11.86M (Peak 52.52M) | Time:00:00.00 | Mem:0.00M, Peak:0.00M | Scene, ViewLayer | Initializing
Fra:5 Mem:10.20M (Peak 52.52M) | Time:00:00.00 | Mem:0.00M, Peak:0.00M | Scene, ViewLayer | Waiting for render to start
Fra:5 Mem:10.20M (Peak 52.52M) | Time:00:00.00 | Mem:0.00M, Peak:0.00M | Scene, ViewLayer | Updating Scene
Fra:5 Mem:10.20M (Peak 52.52M) | Time:00:00.00 | Mem:0.00M, Peak:0.00M | Scene, ViewLayer | Updating Shaders
Fra:5 Mem:10.20M (Peak 52.52M) | Time:00:00.00 | Mem:0.00M, Peak:0.00M | Scene, ViewLayer | Loading render kernels (may take a few minutes the first time)
Fra:5 Mem:10.28M (Peak 52.52M) | Time:00:00.00 | Mem:0.00M, Peak:0.00M | Scene, ViewLayer | Updating Procedurals
Fra:5 Mem:10.28M (Peak 52.52M) | Time:00:00.00 | Mem:0.00M, Peak:0.00M | Scene, ViewLayer | Updating Background
Fra:5 Mem:10.28M (Peak 52.52M) | Time:00:00.00 | Mem:0.00M, Peak:0.00M | Scene, ViewLayer | Updating Camera
Fra:5 Mem:10.28M (Peak 52.52M) | Time:00:00.00 | Mem:0.00M, Peak:0.00M | Scene, ViewLayer | Updating Meshes Flags
Fra:5 Mem:10.28M (Peak 52.52M) | Time:00:00.00 | Mem:0.00M, Peak:0.00M | Scene, ViewLayer | Updating Objects
Fra:5 Mem:10.28M (Peak 52.52M) | Time:00:00.00 | Mem:0.00M, Peak:0.00M | Scene, ViewLayer | Updating Objects | Copying Transformations to device
Fra:5 Mem:10.28M (Peak 52.52M) | Time:00:00.00 | Mem:0.01M, Peak:0.01M | Scene, ViewLayer | Updating Particle Systems
Fra:5 Mem:10.28M (Peak 52.52M) | Time:00:00.00 | Mem:0.01M, Peak:0.01M | Scene, ViewLayer | Updating Particle Systems | Copying Particles to device
Fra:5 Mem:10.28M (Peak 52.52M) | Time:00:00.00 | Mem:0.01M, Peak:0.01M | Scene, ViewLayer | Updating Meshes
Fra:5 Mem:10.28M (Peak 52.52M) | Time:00:00.00 | Mem:0.01M, Peak:0.01M | Scene, ViewLayer | Updating Objects | Applying Static Transformations
Fra:5 Mem:10.28M (Peak 52.52M) | Time:00:00.00 | Mem:0.01M, Peak:0.01M | Scene, ViewLayer | Updating Mesh | Computing attributes
Fra:5 Mem:10.33M (Peak 52.52M) | Time:00:00.00 | Mem:0.01M, Peak:0.01M | Scene, ViewLayer | Updating Mesh | Copying Attributes to device
Fra:5 Mem:10.33M (Peak 52.52M) | Time:00:00.00 | Mem:0.05M, Peak:0.05M | Scene, ViewLayer | Updating Scene BVH | Building
Fra:5 Mem:10.33M (Peak 52.52M) | Time:00:00.00 | Mem:0.05M, Peak:0.05M | Scene, ViewLayer | Updating Scene BVH | Building BVH
Fra:5 Mem:10.33M (Peak 52.52M) | Time:00:00.00 | Mem:0.20M, Peak:0.20M | Scene, ViewLayer | Updating Scene BVH | Building BVH 0%
Fra:5 Mem:10.33M (Peak 52.52M) | Time:00:00.00 | Mem:0.39M, Peak:0.54M | Scene, ViewLayer | Updating Scene BVH | Copying BVH to device
Fra:5 Mem:10.33M (Peak 52.52M) | Time:00:00.00 | Mem:0.39M, Peak:0.54M | Scene, ViewLayer | Updating Mesh | Computing normals
Fra:5 Mem:10.49M (Peak 52.52M) | Time:00:00.00 | Mem:0.39M, Peak:0.54M | Scene, ViewLayer | Updating Mesh | Copying Mesh to device
Fra:5 Mem:10.49M (Peak 52.52M) | Time:00:00.00 | Mem:0.55M, Peak:0.55M | Scene, ViewLayer | Updating Objects Flags
Fra:5 Mem:10.49M (Peak 52.52M) | Time:00:00.00 | Mem:0.55M, Peak:0.55M | Scene, ViewLayer | Updating Primitive Offsets
Fra:5 Mem:10.49M (Peak 52.52M) | Time:00:00.00 | Mem:0.55M, Peak:0.55M | Scene, ViewLayer | Updating Images
Fra:5 Mem:10.49M (Peak 52.52M) | Time:00:00.00 | Mem:0.55M, Peak:0.55M | Scene, ViewLayer | Updating Camera Volume
Fra:5 Mem:10.49M (Peak 52.52M) | Time:00:00.00 | Mem:0.55M, Peak:0.55M | Scene, ViewLayer | Updating Lookup Tables
Fra:5 Mem:10.49M (Peak 52.52M) | Time:00:00.00 | Mem:0.63M, Peak:0.63M | Scene, ViewLayer | Updating Lights
Fra:5 Mem:10.49M (Peak 52.52M) | Time:00:00.00 | Mem:0.63M, Peak:0.63M | Scene, ViewLayer | Updating Lights | Computing tree
Fra:5 Mem:10.94M (Peak 52.52M) | Time:00:00.02 | Mem:1.09M, Peak:1.09M | Scene, ViewLayer | Updating Integrator
Fra:5 Mem:10.94M (Peak 52.52M) | Time:00:00.02 | Mem:1.09M, Peak:1.09M | Scene, ViewLayer | Updating Film
Fra:5 Mem:10.95M (Peak 52.52M) | Time:00:00.02 | Mem:1.00M, Peak:1.09M | Scene, ViewLayer | Updating Lookup Tables
Fra:5 Mem:10.95M (Peak 52.52M) | Time:00:00.02 | Mem:1.09M, Peak:1.09M | Scene, ViewLayer | Updating Baking
Fra:5 Mem:10.95M (Peak 52.52M) | Time:00:00.02 | Mem:1.09M, Peak:1.09M | Scene, ViewLayer | Updating Device | Writing constant memory
Fra:5 Mem:10.95M (Peak 52.52M) | Time:00:00.02 | Mem:1.09M, Peak:1.09M | Scene, ViewLayer | Sample 0/32
Fra:5 Mem:28.79M (Peak 52.52M) | Time:00:00.50 | Remaining:00:14.88 | Mem:18.89M, Peak:18.89M | Scene, ViewLayer | Sample 1/32
Fra:5 Mem:36.70M (Peak 52.52M) | Time:00:15.44 | Mem:18.89M, Peak:18.89M | Scene, ViewLayer | Sample 32/32
Fra:5 Mem:36.70M (Peak 52.52M) | Time:00:15.44 | Mem:18.89M, Peak:18.89M | Scene, ViewLayer | Finished
Saved: '/home/runner/work/chaosim/chaosim/outputs/renders/paper_to_cloth_frames/frame_0005.png'
Time: 00:15.50 (Saving: 00:00.05)

Fra:6 Mem:11.45M (Peak 52.52M) | Time:00:00.00 | Mem:0.00M, Peak:0.00M | Scene, ViewLayer | Synchronizing object | ClothKey
Fra:6 Mem:11.45M (Peak 52.52M) | Time:00:00.00 | Mem:0.00M, Peak:0.00M | Scene, ViewLayer | Synchronizing object | FacesLabel
Fra:6 Mem:11.45M (Peak 52.52M) | Time:00:00.00 | Mem:0.00M, Peak:0.00M | Scene, ViewLayer | Synchronizing object | Rod
Fra:6 Mem:11.52M (Peak 52.52M) | Time:00:00.00 | Mem:0.00M, Peak:0.00M | Scene, ViewLayer | Synchronizing object | Sheet
Fra:6 Mem:11.61M (Peak 52.52M) | Time:00:00.00 | Mem:0.00M, Peak:0.00M | Scene, ViewLayer | Synchronizing object | GlassSphere
Fra:6 Mem:11.86M (Peak 52.52M) | Time:00:00.00 | Mem:0.00M, Peak:0.00M | Scene, ViewLayer | Initializing
Fra:6 Mem:10.20M (Peak 52.52M) | Time:00:00.00 | Mem:0.00M, Peak:0.00M | Scene, ViewLayer | Waiting for render to start
Fra:6 Mem:10.20M (Peak 52.52M) | Time:00:00.00 | Mem:0.00M, Peak:0.00M | Scene, ViewLayer | Updating Scene
Fra:6 Mem:10.20M (Peak 52.52M) | Time:00:00.00 | Mem:0.00M, Peak:0.00M | Scene, ViewLayer | Updating Shaders
Fra:6 Mem:10.20M (Peak 52.52M) | Time:00:00.00 | Mem:0.00M, Peak:0.00M | Scene, ViewLayer | Loading render kernels (may take a few minutes the first time)
Fra:6 Mem:10.28M (Peak 52.52M) | Time:00:00.00 | Mem:0.00M, Peak:0.00M | Scene, ViewLayer | Updating Procedurals
Fra:6 Mem:10.28M (Peak 52.52M) | Time:00:00.00 | Mem:0.00M, Peak:0.00M | Scene, ViewLayer | Updating Background
Fra:6 Mem:10.28M (Peak 52.52M) | Time:00:00.00 | Mem:0.00M, Peak:0.00M | Scene, ViewLayer | Updating Camera
Fra:6 Mem:10.28M (Peak 52.52M) | Time:00:00.00 | Mem:0.00M, Peak:0.00M | Scene, ViewLayer | Updating Meshes Flags
Fra:6 Mem:10.28M (Peak 52.52M) | Time:00:00.00 | Mem:0.00M, Peak:0.00M | Scene, ViewLayer | Updating Objects
Fra:6 Mem:10.28M (Peak 52.52M) | Time:00:00.00 | Mem:0.00M, Peak:0.00M | Scene, ViewLayer | Updating Objects | Copying Transformations to device
Fra:6 Mem:10.28M (Peak 52.52M) | Time:00:00.00 | Mem:0.01M, Peak:0.01M | Scene, ViewLayer | Updating Particle Systems
Fra:6 Mem:10.28M (Peak 52.52M) | Time:00:00.00 | Mem:0.01M, Peak:0.01M | Scene, ViewLayer | Updating Particle Systems | Copying Particles to device
Fra:6 Mem:10.28M (Peak 52.52M) | Time:00:00.00 | Mem:0.01M, Peak:0.01M | Scene, ViewLayer | Updating Meshes
Fra:6 Mem:10.28M (Peak 52.52M) | Time:00:00.00 | Mem:0.01M, Peak:0.01M | Scene, ViewLayer | Updating Objects | Applying Static Transformations
Fra:6 Mem:10.28M (Peak 52.52M) | Time:00:00.00 | Mem:0.01M, Peak:0.01M | Scene, ViewLayer | Updating Mesh | Computing attributes
Fra:6 Mem:10.33M (Peak 52.52M) | Time:00:00.00 | Mem:0.01M, Peak:0.01M | Scene, ViewLayer | Updating Mesh | Copying Attributes to device
Fra:6 Mem:10.33M (Peak 52.52M) | Time:00:00.00 | Mem:0.05M, Peak:0.05M | Scene, ViewLayer | Updating Scene BVH | Building
Fra:6 Mem:10.33M (Peak 52.52M) | Time:00:00.00 | Mem:0.05M, Peak:0.05M | Scene, ViewLayer | Updating Scene BVH | Building BVH
Fra:6 Mem:10.33M (Peak 52.52M) | Time:00:00.00 | Mem:0.20M, Peak:0.20M | Scene, ViewLayer | Updating Scene BVH | Building BVH 0%
Fra:6 Mem:10.33M (Peak 52.52M) | Time:00:00.00 | Mem:0.39M, Peak:0.54M | Scene, ViewLayer | Updating Scene BVH | Copying BVH to device
Fra:6 Mem:10.33M (Peak 52.52M) | Time:00:00.00 | Mem:0.39M, Peak:0.54M | Scene, ViewLayer | Updating Mesh | Computing normals
Fra:6 Mem:10.49M (Peak 52.52M) | Time:00:00.00 | Mem:0.39M, Peak:0.54M | Scene, ViewLayer | Updating Mesh | Copying Mesh to device
Fra:6 Mem:10.49M (Peak 52.52M) | Time:00:00.00 | Mem:0.55M, Peak:0.55M | Scene, ViewLayer | Updating Objects Flags
Fra:6 Mem:10.49M (Peak 52.52M) | Time:00:00.00 | Mem:0.55M, Peak:0.55M | Scene, ViewLayer | Updating Primitive Offsets
Fra:6 Mem:10.49M (Peak 52.52M) | Time:00:00.00 | Mem:0.55M, Peak:0.55M | Scene, ViewLayer | Updating Images
Fra:6 Mem:10.49M (Peak 52.52M) | Time:00:00.00 | Mem:0.55M, Peak:0.55M | Scene, ViewLayer | Updating Camera Volume
Fra:6 Mem:10.49M (Peak 52.52M) | Time:00:00.00 | Mem:0.55M, Peak:0.55M | Scene, ViewLayer | Updating Lookup Tables
Fra:6 Mem:10.49M (Peak 52.52M) | Time:00:00.00 | Mem:0.63M, Peak:0.63M | Scene, ViewLayer | Updating Lights
Fra:6 Mem:10.49M (Peak 52.52M) | Time:00:00.00 | Mem:0.63M, Peak:0.63M | Scene, ViewLayer | Updating Lights | Computing tree
Fra:6 Mem:10.94M (Peak 52.52M) | Time:00:00.02 | Mem:1.09M, Peak:1.09M | Scene, ViewLayer | Updating Integrator
Fra:6 Mem:10.94M (Peak 52.52M) | Time:00:00.02 | Mem:1.09M, Peak:1.09M | Scene, ViewLayer | Updating Film
Fra:6 Mem:10.95M (Peak 52.52M) | Time:00:00.02 | Mem:1.00M, Peak:1.09M | Scene, ViewLayer | Updating Lookup Tables
Fra:6 Mem:10.95M (Peak 52.52M) | Time:00:00.02 | Mem:1.09M, Peak:1.09M | Scene, ViewLayer | Updating Baking
Fra:6 Mem:10.95M (Peak 52.52M) | Time:00:00.02 | Mem:1.09M, Peak:1.09M | Scene, ViewLayer | Updating Device | Writing constant memory
Fra:6 Mem:10.95M (Peak 52.52M) | Time:00:00.02 | Mem:1.09M, Peak:1.09M | Scene, ViewLayer | Sample 0/32
Fra:6 Mem:28.79M (Peak 52.52M) | Time:00:00.50 | Remaining:00:14.95 | Mem:18.89M, Peak:18.89M | Scene, ViewLayer | Sample 1/32
Fra:6 Mem:36.70M (Peak 52.52M) | Time:00:15.53 | Mem:18.89M, Peak:18.89M | Scene, ViewLayer | Sample 32/32
Fra:6 Mem:36.70M (Peak 52.52M) | Time:00:15.53 | Mem:18.89M, Peak:18.89M | Scene, ViewLayer | Finished
Saved: '/home/runner/work/chaosim/chaosim/outputs/renders/paper_to_cloth_frames/frame_0006.png'
Time: 00:15.59 (Saving: 00:00.05)

Fra:7 Mem:11.45M (Peak 52.52M) | Time:00:00.00 | Mem:0.00M, Peak:0.00M | Scene, ViewLayer | Synchronizing object | ClothKey
Fra:7 Mem:11.45M (Peak 52.52M) | Time:00:00.00 | Mem:0.00M, Peak:0.00M | Scene, ViewLayer | Synchronizing object | ClothRim
Fra:7 Mem:11.45M (Peak 52.52M) | Time:00:00.00 | Mem:0.00M, Peak:0.00M | Scene, ViewLayer | Synchronizing object | Rod
Fra:7 Mem:11.45M (Peak 52.52M) | Time:00:00.00 | Mem:0.00M, Peak:0.00M | Scene, ViewLayer | Synchronizing object | GlassSphere
Fra:7 Mem:11.86M (Peak 52.52M) | Time:00:00.00 | Mem:0.00M, Peak:0.00M | Scene, ViewLayer | Initializing
Fra:7 Mem:10.20M (Peak 52.52M) | Time:00:00.00 | Mem:0.00M, Peak:0.00M | Scene, ViewLayer | Waiting for render to start
Fra:7 Mem:10.20M (Peak 52.52M) | Time:00:00.00 | Mem:0.00M, Peak:0.00M | Scene, ViewLayer | Updating Scene
Fra:7 Mem:10.20M (Peak 52.52M) | Time:00:00.00 | Mem:0.00M, Peak:0.00M | Scene, ViewLayer | Updating Shaders
Fra:7 Mem:10.20M (Peak 52.52M) | Time:00:00.00 | Mem:0.00M, Peak:0.00M | Scene, ViewLayer | Loading render kernels (may take a few minutes the first time)
Fra:7 Mem:10.28M (Peak 52.52M) | Time:00:00.00 | Mem:0.00M, Peak:0.00M | Scene, ViewLayer | Updating Procedurals
Fra:7 Mem:10.28M (Peak 52.52M) | Time:00:00.00 | Mem:0.00M, Peak:0.00M | Scene, ViewLayer | Updating Background
Fra:7 Mem:10.28M (Peak 52.52M) | Time:00:00.00 | Mem:0.00M, Peak:0.00M | Scene, ViewLayer | Updating Camera
Fra:7 Mem:10.28M (Peak 52.52M) | Time:00:00.00 | Mem:0.00M, Peak:0.00M | Scene, ViewLayer | Updating Meshes Flags
Fra:7 Mem:10.28M (Peak 52.52M) | Time:00:00.00 | Mem:0.00M, Peak:0.00M | Scene, ViewLayer | Updating Objects
Fra:7 Mem:10.28M (Peak 52.52M) | Time:00:00.00 | Mem:0.00M, Peak:0.00M | Scene, ViewLayer | Updating Objects | Copying Transformations to device
Fra:7 Mem:10.28M (Peak 52.52M) | Time:00:00.00 | Mem:0.01M, Peak:0.01M | Scene, ViewLayer | Updating Particle Systems
Fra:7 Mem:10.28M (Peak 52.52M) | Time:00:00.00 | Mem:0.01M, Peak:0.01M | Scene, ViewLayer | Updating Particle Systems | Copying Particles to device
Fra:7 Mem:10.28M (Peak 52.52M) | Time:00:00.00 | Mem:0.01M, Peak:0.01M | Scene, ViewLayer | Updating Meshes
Fra:7 Mem:10.28M (Peak 52.52M) | Time:00:00.00 | Mem:0.01M, Peak:0.01M | Scene, ViewLayer | Updating Objects | Applying Static Transformations
Fra:7 Mem:10.28M (Peak 52.52M) | Time:00:00.00 | Mem:0.01M, Peak:0.01M | Scene, ViewLayer | Updating Mesh | Computing attributes
Fra:7 Mem:10.33M (Peak 52.52M) | Time:00:00.00 | Mem:0.01M, Peak:0.01M | Scene, ViewLayer | Updating Mesh | Copying Attributes to device
Fra:7 Mem:10.33M (Peak 52.52M) | Time:00:00.00 | Mem:0.05M, Peak:0.05M | Scene, ViewLayer | Updating Scene BVH | Building
Fra:7 Mem:10.33M (Peak 52.52M) | Time:00:00.00 | Mem:0.05M, Peak:0.05M | Scene, ViewLayer | Updating Scene BVH | Building BVH
Fra:7 Mem:10.33M (Peak 52.52M) | Time:00:00.00 | Mem:0.20M, Peak:0.20M | Scene, ViewLayer | Updating Scene BVH | Building BVH 0%
Fra:7 Mem:10.33M (Peak 52.52M) | Time:00:00.00 | Mem:0.39M, Peak:0.54M | Scene, ViewLayer | Updating Scene BVH | Copying BVH to device
Fra:7 Mem:10.33M (Peak 52.52M) | Time:00:00.00 | Mem:0.39M, Peak:0.54M | Scene, ViewLayer | Updating Mesh | Computing normals
Fra:7 Mem:10.49M (Peak 52.52M) | Time:00:00.00 | Mem:0.39M, Peak:0.54M | Scene, ViewLayer | Updating Mesh | Copying Mesh to device
Fra:7 Mem:10.49M (Peak 52.52M) | Time:00:00.00 | Mem:0.55M, Peak:0.55M | Scene, ViewLayer | Updating Objects Flags
Fra:7 Mem:10.49M (Peak 52.52M) | Time:00:00.00 | Mem:0.55M, Peak:0.55M | Scene, ViewLayer | Updating Primitive Offsets
Fra:7 Mem:10.49M (Peak 52.52M) | Time:00:00.00 | Mem:0.55M, Peak:0.55M | Scene, ViewLayer | Updating Images
Fra:7 Mem:10.49M (Peak 52.52M) | Time:00:00.00 | Mem:0.55M, Peak:0.55M | Scene, ViewLayer | Updating Camera Volume
Fra:7 Mem:10.49M (Peak 52.52M) | Time:00:00.00 | Mem:0.55M, Peak:0.55M | Scene, ViewLayer | Updating Lookup Tables
Fra:7 Mem:10.49M (Peak 52.52M) | Time:00:00.00 | Mem:0.63M, Peak:0.63M | Scene, ViewLayer | Updating Lights
Fra:7 Mem:10.49M (Peak 52.52M) | Time:00:00.00 | Mem:0.63M, Peak:0.63M | Scene, ViewLayer | Updating Lights | Computing tree
Fra:7 Mem:10.94M (Peak 52.52M) | Time:00:00.02 | Mem:1.09M, Peak:1.09M | Scene, ViewLayer | Updating Integrator
Fra:7 Mem:10.94M (Peak 52.52M) | Time:00:00.02 | Mem:1.09M, Peak:1.09M | Scene, ViewLayer | Updating Film
Fra:7 Mem:10.95M (Peak 52.52M) | Time:00:00.02 | Mem:1.00M, Peak:1.09M | Scene, ViewLayer | Updating Lookup Tables
Fra:7 Mem:10.95M (Peak 52.52M) | Time:00:00.02 | Mem:1.09M, Peak:1.09M | Scene, ViewLayer | Updating Baking
Fra:7 Mem:10.95M (Peak 52.52M) | Time:00:00.02 | Mem:1.09M, Peak:1.09M | Scene, ViewLayer | Updating Device | Writing constant memory
Fra:7 Mem:10.95M (Peak 52.52M) | Time:00:00.02 | Mem:1.09M, Peak:1.09M | Scene, ViewLayer | Sample 0/32
Fra:7 Mem:28.79M (Peak 52.52M) | Time:00:00.50 | Remaining:00:14.94 | Mem:18.89M, Peak:18.89M | Scene, ViewLayer | Sample 1/32
Fra:7 Mem:36.70M (Peak 52.52M) | Time:00:15.40 | Mem:18.89M, Peak:18.89M | Scene, ViewLayer | Sample 32/32
Fra:7 Mem:36.70M (Peak 52.52M) | Time:00:15.40 | Mem:18.89M, Peak:18.89M | Scene, ViewLayer | Finished
Saved: '/home/runner/work/chaosim/chaosim/outputs/renders/paper_to_cloth_frames/frame_0007.png'
Time: 00:15.46 (Saving: 00:00.05)

Fra:8 Mem:11.45M (Peak 52.52M) | Time:00:00.00 | Mem:0.00M, Peak:0.00M | Scene, ViewLayer | Synchronizing object | ClothKey
Fra:8 Mem:11.45M (Peak 52.52M) | Time:00:00.00 | Mem:0.00M, Peak:0.00M | Scene, ViewLayer | Synchronizing object | ClothFill
Fra:8 Mem:11.45M (Peak 52.52M) | Time:00:00.00 | Mem:0.00M, Peak:0.00M | Scene, ViewLayer | Synchronizing object | FacesLabel
Fra:8 Mem:11.45M (Peak 52.52M) | Time:00:00.00 | Mem:0.00M, Peak:0.00M | Scene, ViewLayer | Synchronizing object | Sheet
Fra:8 Mem:11.48M (Peak 52.52M) | Time:00:00.00 | Mem:0.00M, Peak:0.00M | Scene, ViewLayer | Synchronizing object | GlassSphere
Fra:8 Mem:11.86M (Peak 52.52M) | Time:00:00.00 | Mem:0.00M, Peak:0.00M | Scene, ViewLayer | Initializing
Fra:8 Mem:10.20M (Peak 52.52M) | Time:00:00.00 | Mem:0.00M, Peak:0.00M | Scene, ViewLayer | Waiting for render to start
Fra:8 Mem:10.20M (Peak 52.52M) | Time:00:00.00 | Mem:0.00M, Peak:0.00M | Scene, ViewLayer | Updating Scene
Fra:8 Mem:10.20M (Peak 52.52M) | Time:00:00.00 | Mem:0.00M, Peak:0.00M | Scene, ViewLayer | Updating Shaders
Fra:8 Mem:10.20M (Peak 52.52M) | Time:00:00.00 | Mem:0.00M, Peak:0.00M | Scene, ViewLayer | Loading render kernels (may take a few minutes the first time)
Fra:8 Mem:10.28M (Peak 52.52M) | Time:00:00.00 | Mem:0.00M, Peak:0.00M | Scene, ViewLayer | Updating Procedurals
Fra:8 Mem:10.28M (Peak 52.52M) | Time:00:00.00 | Mem:0.00M, Peak:0.00M | Scene, ViewLayer | Updating Background
Fra:8 Mem:10.28M (Peak 52.52M) | Time:00:00.00 | Mem:0.00M, Peak:0.00M | Scene, ViewLayer | Updating Camera
Fra:8 Mem:10.28M (Peak 52.52M) | Time:00:00.00 | Mem:0.00M, Peak:0.00M | Scene, ViewLayer | Updating Meshes Flags
Fra:8 Mem:10.28M (Peak 52.52M) | Time:00:00.00 | Mem:0.00M, Peak:0.00M | Scene, ViewLayer | Updating Objects
Fra:8 Mem:10.28M (Peak 52.52M) | Time:00:00.00 | Mem:0.00M, Peak:0.00M | Scene, ViewLayer | Updating Objects | Copying Transformations to device
Fra:8 Mem:10.28M (Peak 52.52M) | Time:00:00.00 | Mem:0.01M, Peak:0.01M | Scene, ViewLayer | Updating Particle Systems
Fra:8 Mem:10.28M (Peak 52.52M) | Time:00:00.00 | Mem:0.01M, Peak:0.01M | Scene, ViewLayer | Updating Particle Systems | Copying Particles to device
Fra:8 Mem:10.28M (Peak 52.52M) | Time:00:00.00 | Mem:0.01M, Peak:0.01M | Scene, ViewLayer | Updating Meshes
Fra:8 Mem:10.28M (Peak 52.52M) | Time:00:00.00 | Mem:0.01M, Peak:0.01M | Scene, ViewLayer | Updating Objects | Applying Static Transformations
Fra:8 Mem:10.28M (Peak 52.52M) | Time:00:00.00 | Mem:0.01M, Peak:0.01M | Scene, ViewLayer | Updating Mesh | Computing attributes
Fra:8 Mem:10.33M (Peak 52.52M) | Time:00:00.00 | Mem:0.01M, Peak:0.01M | Scene, ViewLayer | Updating Mesh | Copying Attributes to device
Fra:8 Mem:10.33M (Peak 52.52M) | Time:00:00.00 | Mem:0.05M, Peak:0.05M | Scene, ViewLayer | Updating Scene BVH | Building
Fra:8 Mem:10.33M (Peak 52.52M) | Time:00:00.00 | Mem:0.05M, Peak:0.05M | Scene, ViewLayer | Updating Scene BVH | Building BVH
Fra:8 Mem:10.33M (Peak 52.52M) | Time:00:00.00 | Mem:0.20M, Peak:0.20M | Scene, ViewLayer | Updating Scene BVH | Building BVH 0%
Fra:8 Mem:10.33M (Peak 52.52M) | Time:00:00.00 | Mem:0.39M, Peak:0.54M | Scene, ViewLayer | Updating Scene BVH | Copying BVH to device
Fra:8 Mem:10.33M (Peak 52.52M) | Time:00:00.00 | Mem:0.39M, Peak:0.54M | Scene, ViewLayer | Updating Mesh | Computing normals
Fra:8 Mem:10.49M (Peak 52.52M) | Time:00:00.00 | Mem:0.39M, Peak:0.54M | Scene, ViewLayer | Updating Mesh | Copying Mesh to device
Fra:8 Mem:10.49M (Peak 52.52M) | Time:00:00.00 | Mem:0.55M, Peak:0.55M | Scene, ViewLayer | Updating Objects Flags
Fra:8 Mem:10.49M (Peak 52.52M) | Time:00:00.00 | Mem:0.55M, Peak:0.55M | Scene, ViewLayer | Updating Primitive Offsets
Fra:8 Mem:10.49M (Peak 52.52M) | Time:00:00.00 | Mem:0.55M, Peak:0.55M | Scene, ViewLayer | Updating Images
Fra:8 Mem:10.49M (Peak 52.52M) | Time:00:00.00 | Mem:0.55M, Peak:0.55M | Scene, ViewLayer | Updating Camera Volume
Fra:8 Mem:10.49M (Peak 52.52M) | Time:00:00.00 | Mem:0.55M, Peak:0.55M | Scene, ViewLayer | Updating Lookup Tables
Fra:8 Mem:10.49M (Peak 52.52M) | Time:00:00.00 | Mem:0.63M, Peak:0.63M | Scene, ViewLayer | Updating Lights
Fra:8 Mem:10.49M (Peak 52.52M) | Time:00:00.00 | Mem:0.63M, Peak:0.63M | Scene, ViewLayer | Updating Lights | Computing tree
Fra:8 Mem:10.94M (Peak 52.52M) | Time:00:00.01 | Mem:1.09M, Peak:1.09M | Scene, ViewLayer | Updating Integrator
Fra:8 Mem:10.94M (Peak 52.52M) | Time:00:00.01 | Mem:1.09M, Peak:1.09M | Scene, ViewLayer | Updating Film
Fra:8 Mem:10.95M (Peak 52.52M) | Time:00:00.01 | Mem:1.00M, Peak:1.09M | Scene, ViewLayer | Updating Lookup Tables
Fra:8 Mem:10.95M (Peak 52.52M) | Time:00:00.01 | Mem:1.09M, Peak:1.09M | Scene, ViewLayer | Updating Baking
Fra:8 Mem:10.95M (Peak 52.52M) | Time:00:00.01 | Mem:1.09M, Peak:1.09M | Scene, ViewLayer | Updating Device | Writing constant memory
Fra:8 Mem:10.95M (Peak 52.52M) | Time:00:00.01 | Mem:1.09M, Peak:1.09M | Scene, ViewLayer | Sample 0/32
Fra:8 Mem:28.79M (Peak 52.52M) | Time:00:00.51 | Remaining:00:15.32 | Mem:18.89M, Peak:18.89M | Scene, ViewLayer | Sample 1/32
Fra:8 Mem:36.70M (Peak 52.52M) | Time:00:15.81 | Mem:18.89M, Peak:18.89M | Scene, ViewLayer | Sample 32/32
Fra:8 Mem:36.70M (Peak 52.52M) | Time:00:15.81 | Mem:18.89M, Peak:18.89M | Scene, ViewLayer | Finished
Saved: '/home/runner/work/chaosim/chaosim/outputs/renders/paper_to_cloth_frames/frame_0008.png'
Time: 00:15.87 (Saving: 00:00.05)

Fra:9 Mem:11.45M (Peak 52.52M) | Time:00:00.00 | Mem:0.00M, Peak:0.00M | Scene, ViewLayer | Synchronizing object | ClothKey
Fra:9 Mem:11.45M (Peak 52.52M) | Time:00:00.00 | Mem:0.00M, Peak:0.00M | Scene, ViewLayer | Synchronizing object | Rod
Fra:9 Mem:11.45M (Peak 52.52M) | Time:00:00.00 | Mem:0.00M, Peak:0.00M | Scene, ViewLayer | Synchronizing object | FacesLabel
Fra:9 Mem:11.45M (Peak 52.52M) | Time:00:00.00 | Mem:0.00M, Peak:0.00M | Scene, ViewLayer | Synchronizing object | Sheet
Fra:9 Mem:11.48M (Peak 52.52M) | Time:00:00.00 | Mem:0.00M, Peak:0.00M | Scene, ViewLayer | Synchronizing object | GlassSphere
Fra:9 Mem:11.86M (Peak 52.52M) | Time:00:00.00 | Mem:0.00M, Peak:0.00M | Scene, ViewLayer | Initializing
Fra:9 Mem:10.20M (Peak 52.52M) | Time:00:00.00 | Mem:0.00M, Peak:0.00M | Scene, ViewLayer | Waiting for render to start
Fra:9 Mem:10.20M (Peak 52.52M) | Time:00:00.00 | Mem:0.00M, Peak:0.00M | Scene, ViewLayer | Updating Scene
Fra:9 Mem:10.20M (Peak 52.52M) | Time:00:00.00 | Mem:0.00M, Peak:0.00M | Scene, ViewLayer | Updating Shaders
Fra:9 Mem:10.20M (Peak 52.52M) | Time:00:00.00 | Mem:0.00M, Peak:0.00M | Scene, ViewLayer | Loading render kernels (may take a few minutes the first time)
Fra:9 Mem:10.28M (Peak 52.52M) | Time:00:00.00 | Mem:0.00M, Peak:0.00M | Scene, ViewLayer | Updating Procedurals
Fra:9 Mem:10.28M (Peak 52.52M) | Time:00:00.00 | Mem:0.00M, Peak:0.00M | Scene, ViewLayer | Updating Background
Fra:9 Mem:10.28M (Peak 52.52M) | Time:00:00.00 | Mem:0.00M, Peak:0.00M | Scene, ViewLayer | Updating Camera
Fra:9 Mem:10.28M (Peak 52.52M) | Time:00:00.00 | Mem:0.00M, Peak:0.00M | Scene, ViewLayer | Updating Meshes Flags
Fra:9 Mem:10.28M (Peak 52.52M) | Time:00:00.00 | Mem:0.00M, Peak:0.00M | Scene, ViewLayer | Updating Objects
Fra:9 Mem:10.28M (Peak 52.52M) | Time:00:00.00 | Mem:0.00M, Peak:0.00M | Scene, ViewLayer | Updating Objects | Copying Transformations to device
Fra:9 Mem:10.28M (Peak 52.52M) | Time:00:00.00 | Mem:0.01M, Peak:0.01M | Scene, ViewLayer | Updating Particle Systems
Fra:9 Mem:10.28M (Peak 52.52M) | Time:00:00.00 | Mem:0.01M, Peak:0.01M | Scene, ViewLayer | Updating Particle Systems | Copying Particles to device
Fra:9 Mem:10.28M (Peak 52.52M) | Time:00:00.00 | Mem:0.01M, Peak:0.01M | Scene, ViewLayer | Updating Meshes
Fra:9 Mem:10.28M (Peak 52.52M) | Time:00:00.00 | Mem:0.01M, Peak:0.01M | Scene, ViewLayer | Updating Objects | Applying Static Transformations
Fra:9 Mem:10.28M (Peak 52.52M) | Time:00:00.00 | Mem:0.01M, Peak:0.01M | Scene, ViewLayer | Updating Mesh | Computing attributes
Fra:9 Mem:10.33M (Peak 52.52M) | Time:00:00.00 | Mem:0.01M, Peak:0.01M | Scene, ViewLayer | Updating Mesh | Copying Attributes to device
Fra:9 Mem:10.33M (Peak 52.52M) | Time:00:00.00 | Mem:0.05M, Peak:0.05M | Scene, ViewLayer | Updating Scene BVH | Building
Fra:9 Mem:10.33M (Peak 52.52M) | Time:00:00.00 | Mem:0.05M, Peak:0.05M | Scene, ViewLayer | Updating Scene BVH | Building BVH
Fra:9 Mem:10.33M (Peak 52.52M) | Time:00:00.00 | Mem:0.20M, Peak:0.20M | Scene, ViewLayer | Updating Scene BVH | Building BVH 0%
Fra:9 Mem:10.33M (Peak 52.52M) | Time:00:00.00 | Mem:0.39M, Peak:0.54M | Scene, ViewLayer | Updating Scene BVH | Copying BVH to device
Fra:9 Mem:10.33M (Peak 52.52M) | Time:00:00.00 | Mem:0.39M, Peak:0.54M | Scene, ViewLayer | Updating Mesh | Computing normals
Fra:9 Mem:10.49M (Peak 52.52M) | Time:00:00.00 | Mem:0.39M, Peak:0.54M | Scene, ViewLayer | Updating Mesh | Copying Mesh to device
Fra:9 Mem:10.49M (Peak 52.52M) | Time:00:00.00 | Mem:0.55M, Peak:0.55M | Scene, ViewLayer | Updating Objects Flags
Fra:9 Mem:10.49M (Peak 52.52M) | Time:00:00.00 | Mem:0.55M, Peak:0.55M | Scene, ViewLayer | Updating Primitive Offsets
Fra:9 Mem:10.49M (Peak 52.52M) | Time:00:00.00 | Mem:0.55M, Peak:0.55M | Scene, ViewLayer | Updating Images
Fra:9 Mem:10.49M (Peak 52.52M) | Time:00:00.00 | Mem:0.55M, Peak:0.55M | Scene, ViewLayer | Updating Camera Volume
Fra:9 Mem:10.49M (Peak 52.52M) | Time:00:00.00 | Mem:0.55M, Peak:0.55M | Scene, ViewLayer | Updating Lookup Tables
Fra:9 Mem:10.49M (Peak 52.52M) | Time:00:00.00 | Mem:0.63M, Peak:0.63M | Scene, ViewLayer | Updating Lights
Fra:9 Mem:10.49M (Peak 52.52M) | Time:00:00.00 | Mem:0.63M, Peak:0.63M | Scene, ViewLayer | Updating Lights | Computing tree
Fra:9 Mem:10.94M (Peak 52.52M) | Time:00:00.01 | Mem:1.09M, Peak:1.09M | Scene, ViewLayer | Updating Integrator
Fra:9 Mem:10.94M (Peak 52.52M) | Time:00:00.01 | Mem:1.09M, Peak:1.09M | Scene, ViewLayer | Updating Film
Fra:9 Mem:10.95M (Peak 52.52M) | Time:00:00.02 | Mem:1.00M, Peak:1.09M | Scene, ViewLayer | Updating Lookup Tables
Fra:9 Mem:10.95M (Peak 52.52M) | Time:00:00.02 | Mem:1.09M, Peak:1.09M | Scene, ViewLayer | Updating Baking
Fra:9 Mem:10.95M (Peak 52.52M) | Time:00:00.02 | Mem:1.09M, Peak:1.09M | Scene, ViewLayer | Updating Device | Writing constant memory
Fra:9 Mem:10.95M (Peak 52.52M) | Time:00:00.02 | Mem:1.09M, Peak:1.09M | Scene, ViewLayer | Sample 0/32
Fra:9 Mem:28.79M (Peak 52.52M) | Time:00:00.51 | Remaining:00:15.37 | Mem:18.89M, Peak:18.89M | Scene, ViewLayer | Sample 1/32
Fra:9 Mem:36.70M (Peak 52.52M) | Time:00:15.77 | Mem:18.89M, Peak:18.89M | Scene, ViewLayer | Sample 32/32
Fra:9 Mem:36.70M (Peak 52.52M) | Time:00:15.77 | Mem:18.89M, Peak:18.89M | Scene, ViewLayer | Finished
Saved: '/home/runner/work/chaosim/chaosim/outputs/renders/paper_to_cloth_frames/frame_0009.png'
Time: 00:15.83 (Saving: 00:00.05)

Fra:10 Mem:11.45M (Peak 52.52M) | Time:00:00.00 | Mem:0.00M, Peak:0.00M | Scene, ViewLayer | Synchronizing object | ClothKey
Fra:10 Mem:11.45M (Peak 52.52M) | Time:00:00.00 | Mem:0.00M, Peak:0.00M | Scene, ViewLayer | Synchronizing object | Rod
Fra:10 Mem:11.45M (Peak 52.52M) | Time:00:00.00 | Mem:0.00M, Peak:0.00M | Scene, ViewLayer | Synchronizing object | FacesLabel
Fra:10 Mem:11.48M (Peak 52.52M) | Time:00:00.00 | Mem:0.00M, Peak:0.00M | Scene, ViewLayer | Synchronizing object | Sheet
Fra:10 Mem:11.57M (Peak 52.52M) | Time:00:00.00 | Mem:0.00M, Peak:0.00M | Scene, ViewLayer | Synchronizing object | GlassSphere
Fra:10 Mem:11.86M (Peak 52.52M) | Time:00:00.00 | Mem:0.00M, Peak:0.00M | Scene, ViewLayer | Initializing
Fra:10 Mem:10.20M (Peak 52.52M) | Time:00:00.00 | Mem:0.00M, Peak:0.00M | Scene, ViewLayer | Waiting for render to start
Fra:10 Mem:10.20M (Peak 52.52M) | Time:00:00.00 | Mem:0.00M, Peak:0.00M | Scene, ViewLayer | Updating Scene
Fra:10 Mem:10.20M (Peak 52.52M) | Time:00:00.00 | Mem:0.00M, Peak:0.00M | Scene, ViewLayer | Updating Shaders
Fra:10 Mem:10.20M (Peak 52.52M) | Time:00:00.00 | Mem:0.00M, Peak:0.00M | Scene, ViewLayer | Loading render kernels (may take a few minutes the first time)
Fra:10 Mem:10.28M (Peak 52.52M) | Time:00:00.00 | Mem:0.00M, Peak:0.00M | Scene, ViewLayer | Updating Procedurals
Fra:10 Mem:10.28M (Peak 52.52M) | Time:00:00.00 | Mem:0.00M, Peak:0.00M | Scene, ViewLayer | Updating Background
Fra:10 Mem:10.28M (Peak 52.52M) | Time:00:00.00 | Mem:0.00M, Peak:0.00M | Scene, ViewLayer | Updating Camera
Fra:10 Mem:10.28M (Peak 52.52M) | Time:00:00.00 | Mem:0.00M, Peak:0.00M | Scene, ViewLayer | Updating Meshes Flags
Fra:10 Mem:10.28M (Peak 52.52M) | Time:00:00.00 | Mem:0.00M, Peak:0.00M | Scene, ViewLayer | Updating Objects
Fra:10 Mem:10.28M (Peak 52.52M) | Time:00:00.00 | Mem:0.00M, Peak:0.00M | Scene, ViewLayer | Updating Objects | Copying Transformations to device
Fra:10 Mem:10.28M (Peak 52.52M) | Time:00:00.00 | Mem:0.01M, Peak:0.01M | Scene, ViewLayer | Updating Particle Systems
Fra:10 Mem:10.28M (Peak 52.52M) | Time:00:00.00 | Mem:0.01M, Peak:0.01M | Scene, ViewLayer | Updating Particle Systems | Copying Particles to device
Fra:10 Mem:10.28M (Peak 52.52M) | Time:00:00.00 | Mem:0.01M, Peak:0.01M | Scene, ViewLayer | Updating Meshes
Fra:10 Mem:10.28M (Peak 52.52M) | Time:00:00.00 | Mem:0.01M, Peak:0.01M | Scene, ViewLayer | Updating Objects | Applying Static Transformations
Fra:10 Mem:10.28M (Peak 52.52M) | Time:00:00.00 | Mem:0.01M, Peak:0.01M | Scene, ViewLayer | Updating Mesh | Computing attributes
Fra:10 Mem:10.33M (Peak 52.52M) | Time:00:00.00 | Mem:0.01M, Peak:0.01M | Scene, ViewLayer | Updating Mesh | Copying Attributes to device
Fra:10 Mem:10.33M (Peak 52.52M) | Time:00:00.00 | Mem:0.05M, Peak:0.05M | Scene, ViewLayer | Updating Scene BVH | Building
Fra:10 Mem:10.33M (Peak 52.52M) | Time:00:00.00 | Mem:0.05M, Peak:0.05M | Scene, ViewLayer | Updating Scene BVH | Building BVH
Fra:10 Mem:10.33M (Peak 52.52M) | Time:00:00.00 | Mem:0.20M, Peak:0.20M | Scene, ViewLayer | Updating Scene BVH | Building BVH 0%
Fra:10 Mem:10.33M (Peak 52.52M) | Time:00:00.00 | Mem:0.39M, Peak:0.54M | Scene, ViewLayer | Updating Scene BVH | Copying BVH to device
Fra:10 Mem:10.33M (Peak 52.52M) | Time:00:00.00 | Mem:0.39M, Peak:0.54M | Scene, ViewLayer | Updating Mesh | Computing normals
Fra:10 Mem:10.49M (Peak 52.52M) | Time:00:00.00 | Mem:0.39M, Peak:0.54M | Scene, ViewLayer | Updating Mesh | Copying Mesh to device
Fra:10 Mem:10.49M (Peak 52.52M) | Time:00:00.00 | Mem:0.55M, Peak:0.55M | Scene, ViewLayer | Updating Objects Flags
Fra:10 Mem:10.49M (Peak 52.52M) | Time:00:00.00 | Mem:0.55M, Peak:0.55M | Scene, ViewLayer | Updating Primitive Offsets
Fra:10 Mem:10.49M (Peak 52.52M) | Time:00:00.00 | Mem:0.55M, Peak:0.55M | Scene, ViewLayer | Updating Images
Fra:10 Mem:10.49M (Peak 52.52M) | Time:00:00.00 | Mem:0.55M, Peak:0.55M | Scene, ViewLayer | Updating Camera Volume
Fra:10 Mem:10.49M (Peak 52.52M) | Time:00:00.00 | Mem:0.55M, Peak:0.55M | Scene, ViewLayer | Updating Lookup Tables
Fra:10 Mem:10.49M (Peak 52.52M) | Time:00:00.00 | Mem:0.63M, Peak:0.63M | Scene, ViewLayer | Updating Lights
Fra:10 Mem:10.49M (Peak 52.52M) | Time:00:00.00 | Mem:0.63M, Peak:0.63M | Scene, ViewLayer | Updating Lights | Computing tree
Fra:10 Mem:10.94M (Peak 52.52M) | Time:00:00.01 | Mem:1.09M, Peak:1.09M | Scene, ViewLayer | Updating Integrator
Fra:10 Mem:10.94M (Peak 52.52M) | Time:00:00.01 | Mem:1.09M, Peak:1.09M | Scene, ViewLayer | Updating Film
Fra:10 Mem:10.95M (Peak 52.52M) | Time:00:00.01 | Mem:1.00M, Peak:1.09M | Scene, ViewLayer | Updating Lookup Tables
Fra:10 Mem:10.95M (Peak 52.52M) | Time:00:00.01 | Mem:1.09M, Peak:1.09M | Scene, ViewLayer | Updating Baking
Fra:10 Mem:10.95M (Peak 52.52M) | Time:00:00.01 | Mem:1.09M, Peak:1.09M | Scene, ViewLayer | Updating Device | Writing constant memory
Fra:10 Mem:10.95M (Peak 52.52M) | Time:00:00.01 | Mem:1.09M, Peak:1.09M | Scene, ViewLayer | Sample 0/32
Fra:10 Mem:28.79M (Peak 52.52M) | Time:00:00.50 | Remaining:00:15.15 | Mem:18.89M, Peak:18.89M | Scene, ViewLayer | Sample 1/32
Fra:10 Mem:36.70M (Peak 52.52M) | Time:00:15.68 | Mem:18.89M, Peak:18.89M | Scene, ViewLayer | Sample 32/32
Fra:10 Mem:36.70M (Peak 52.52M) | Time:00:15.68 | Mem:18.89M, Peak:18.89M | Scene, ViewLayer | Finished
Saved: '/home/runner/work/chaosim/chaosim/outputs/renders/paper_to_cloth_frames/frame_0010.png'
Time: 00:15.73 (Saving: 00:00.05)

Fra:11 Mem:11.45M (Peak 52.52M) | Time:00:00.00 | Mem:0.00M, Peak:0.00M | Scene, ViewLayer | Synchronizing object | ClothKey
Fra:11 Mem:11.45M (Peak 52.52M) | Time:00:00.00 | Mem:0.00M, Peak:0.00M | Scene, ViewLayer | Synchronizing object | ClothRim
Fra:11 Mem:11.45M (Peak 52.52M) | Time:00:00.00 | Mem:0.00M, Peak:0.00M | Scene, ViewLayer | Synchronizing object | FacesLabel
Fra:11 Mem:11.45M (Peak 52.52M) | Time:00:00.00 | Mem:0.00M, Peak:0.00M | Scene, ViewLayer | Synchronizing object | GlassSphere
Fra:11 Mem:11.86M (Peak 52.52M) | Time:00:00.00 | Mem:0.00M, Peak:0.00M | Scene, ViewLayer | Initializing
Fra:11 Mem:10.20M (Peak 52.52M) | Time:00:00.00 | Mem:0.00M, Peak:0.00M | Scene, ViewLayer | Waiting for render to start
Fra:11 Mem:10.20M (Peak 52.52M) | Time:00:00.00 | Mem:0.00M, Peak:0.00M | Scene, ViewLayer | Updating Scene
Fra:11 Mem:10.20M (Peak 52.52M) | Time:00:00.00 | Mem:0.00M, Peak:0.00M | Scene, ViewLayer | Updating Shaders
Fra:11 Mem:10.20M (Peak 52.52M) | Time:00:00.00 | Mem:0.00M, Peak:0.00M | Scene, ViewLayer | Loading render kernels (may take a few minutes the first time)
Fra:11 Mem:10.28M (Peak 52.52M) | Time:00:00.00 | Mem:0.00M, Peak:0.00M | Scene, ViewLayer | Updating Procedurals
Fra:11 Mem:10.28M (Peak 52.52M) | Time:00:00.00 | Mem:0.00M, Peak:0.00M | Scene, ViewLayer | Updating Background
Fra:11 Mem:10.28M (Peak 52.52M) | Time:00:00.00 | Mem:0.00M, Peak:0.00M | Scene, ViewLayer | Updating Camera
Fra:11 Mem:10.28M (Peak 52.52M) | Time:00:00.00 | Mem:0.00M, Peak:0.00M | Scene, ViewLayer | Updating Meshes Flags
Fra:11 Mem:10.28M (Peak 52.52M) | Time:00:00.00 | Mem:0.00M, Peak:0.00M | Scene, ViewLayer | Updating Objects
Fra:11 Mem:10.28M (Peak 52.52M) | Time:00:00.00 | Mem:0.00M, Peak:0.00M | Scene, ViewLayer | Updating Objects | Copying Transformations to device
Fra:11 Mem:10.28M (Peak 52.52M) | Time:00:00.00 | Mem:0.01M, Peak:0.01M | Scene, ViewLayer | Updating Particle Systems
Fra:11 Mem:10.28M (Peak 52.52M) | Time:00:00.00 | Mem:0.01M, Peak:0.01M | Scene, ViewLayer | Updating Particle Systems | Copying Particles to device
Fra:11 Mem:10.28M (Peak 52.52M) | Time:00:00.00 | Mem:0.01M, Peak:0.01M | Scene, ViewLayer | Updating Meshes
Fra:11 Mem:10.28M (Peak 52.52M) | Time:00:00.00 | Mem:0.01M, Peak:0.01M | Scene, ViewLayer | Updating Objects | Applying Static Transformations
Fra:11 Mem:10.28M (Peak 52.52M) | Time:00:00.00 | Mem:0.01M, Peak:0.01M | Scene, ViewLayer | Updating Mesh | Computing attributes
Fra:11 Mem:10.33M (Peak 52.52M) | Time:00:00.00 | Mem:0.01M, Peak:0.01M | Scene, ViewLayer | Updating Mesh | Copying Attributes to device
Fra:11 Mem:10.33M (Peak 52.52M) | Time:00:00.00 | Mem:0.05M, Peak:0.05M | Scene, ViewLayer | Updating Scene BVH | Building
Fra:11 Mem:10.33M (Peak 52.52M) | Time:00:00.00 | Mem:0.05M, Peak:0.05M | Scene, ViewLayer | Updating Scene BVH | Building BVH
Fra:11 Mem:10.33M (Peak 52.52M) | Time:00:00.00 | Mem:0.20M, Peak:0.20M | Scene, ViewLayer | Updating Scene BVH | Building BVH 0%
Fra:11 Mem:10.33M (Peak 52.52M) | Time:00:00.00 | Mem:0.39M, Peak:0.54M | Scene, ViewLayer | Updating Scene BVH | Copying BVH to device
Fra:11 Mem:10.33M (Peak 52.52M) | Time:00:00.00 | Mem:0.39M, Peak:0.54M | Scene, ViewLayer | Updating Mesh | Computing normals
Fra:11 Mem:10.49M (Peak 52.52M) | Time:00:00.00 | Mem:0.39M, Peak:0.54M | Scene, ViewLayer | Updating Mesh | Copying Mesh to device
Fra:11 Mem:10.49M (Peak 52.52M) | Time:00:00.00 | Mem:0.55M, Peak:0.55M | Scene, ViewLayer | Updating Objects Flags
Fra:11 Mem:10.49M (Peak 52.52M) | Time:00:00.00 | Mem:0.55M, Peak:0.55M | Scene, ViewLayer | Updating Primitive Offsets
Fra:11 Mem:10.49M (Peak 52.52M) | Time:00:00.00 | Mem:0.55M, Peak:0.55M | Scene, ViewLayer | Updating Images
Fra:11 Mem:10.49M (Peak 52.52M) | Time:00:00.00 | Mem:0.55M, Peak:0.55M | Scene, ViewLayer | Updating Camera Volume
Fra:11 Mem:10.49M (Peak 52.52M) | Time:00:00.00 | Mem:0.55M, Peak:0.55M | Scene, ViewLayer | Updating Lookup Tables
Fra:11 Mem:10.49M (Peak 52.52M) | Time:00:00.00 | Mem:0.63M, Peak:0.63M | Scene, ViewLayer | Updating Lights
Fra:11 Mem:10.49M (Peak 52.52M) | Time:00:00.00 | Mem:0.63M, Peak:0.63M | Scene, ViewLayer | Updating Lights | Computing tree
Fra:11 Mem:10.94M (Peak 52.52M) | Time:00:00.01 | Mem:1.09M, Peak:1.09M | Scene, ViewLayer | Updating Integrator
Fra:11 Mem:10.94M (Peak 52.52M) | Time:00:00.01 | Mem:1.09M, Peak:1.09M | Scene, ViewLayer | Updating Film
Fra:11 Mem:10.95M (Peak 52.52M) | Time:00:00.01 | Mem:1.00M, Peak:1.09M | Scene, ViewLayer | Updating Lookup Tables
Fra:11 Mem:10.95M (Peak 52.52M) | Time:00:00.01 | Mem:1.09M, Peak:1.09M | Scene, ViewLayer | Updating Baking
Fra:11 Mem:10.95M (Peak 52.52M) | Time:00:00.01 | Mem:1.09M, Peak:1.09M | Scene, ViewLayer | Updating Device | Writing constant memory
Fra:11 Mem:10.95M (Peak 52.52M) | Time:00:00.01 | Mem:1.09M, Peak:1.09M | Scene, ViewLayer | Sample 0/32
Fra:11 Mem:28.79M (Peak 52.52M) | Time:00:00.47 | Remaining:00:14.25 | Mem:18.89M, Peak:18.89M | Scene, ViewLayer | Sample 1/32
Fra:11 Mem:36.70M (Peak 52.52M) | Time:00:14.65 | Mem:18.89M, Peak:18.89M | Scene, ViewLayer | Sample 32/32
Fra:11 Mem:36.70M (Peak 52.52M) | Time:00:14.65 | Mem:18.89M, Peak:18.89M | Scene, ViewLayer | Finished
Saved: '/home/runner/work/chaosim/chaosim/outputs/renders/paper_to_cloth_frames/frame_0011.png'
Time: 00:14.71 (Saving: 00:00.05)

Fra:12 Mem:11.45M (Peak 52.52M) | Time:00:00.00 | Mem:0.00M, Peak:0.00M | Scene, ViewLayer | Synchronizing object | ClothKey
Fra:12 Mem:11.45M (Peak 52.52M) | Time:00:00.00 | Mem:0.00M, Peak:0.00M | Scene, ViewLayer | Synchronizing object | ClothRim
Fra:12 Mem:11.45M (Peak 52.52M) | Time:00:00.00 | Mem:0.00M, Peak:0.00M | Scene, ViewLayer | Synchronizing object | Rod
Fra:12 Mem:11.45M (Peak 52.52M) | Time:00:00.00 | Mem:0.00M, Peak:0.00M | Scene, ViewLayer | Synchronizing object | GlassSphere
Fra:12 Mem:11.45M (Peak 52.52M) | Time:00:00.00 | Mem:0.00M, Peak:0.00M | Scene, ViewLayer | Synchronizing object | FacesLabel
Fra:12 Mem:11.86M (Peak 52.52M) | Time:00:00.00 | Mem:0.00M, Peak:0.00M | Scene, ViewLayer | Initializing
Fra:12 Mem:10.20M (Peak 52.52M) | Time:00:00.00 | Mem:0.00M, Peak:0.00M | Scene, ViewLayer | Waiting for render to start
Fra:12 Mem:10.20M (Peak 52.52M) | Time:00:00.00 | Mem:0.00M, Peak:0.00M | Scene, ViewLayer | Updating Scene
Fra:12 Mem:10.20M (Peak 52.52M) | Time:00:00.00 | Mem:0.00M, Peak:0.00M | Scene, ViewLayer | Updating Shaders
Fra:12 Mem:10.20M (Peak 52.52M) | Time:00:00.00 | Mem:0.00M, Peak:0.00M | Scene, ViewLayer | Loading render kernels (may take a few minutes the first time)
Fra:12 Mem:10.28M (Peak 52.52M) | Time:00:00.00 | Mem:0.00M, Peak:0.00M | Scene, ViewLayer | Updating Procedurals
Fra:12 Mem:10.28M (Peak 52.52M) | Time:00:00.00 | Mem:0.00M, Peak:0.00M | Scene, ViewLayer | Updating Background
Fra:12 Mem:10.28M (Peak 52.52M) | Time:00:00.00 | Mem:0.00M, Peak:0.00M | Scene, ViewLayer | Updating Camera
Fra:12 Mem:10.28M (Peak 52.52M) | Time:00:00.00 | Mem:0.00M, Peak:0.00M | Scene, ViewLayer | Updating Meshes Flags
Fra:12 Mem:10.28M (Peak 52.52M) | Time:00:00.00 | Mem:0.00M, Peak:0.00M | Scene, ViewLayer | Updating Objects
Fra:12 Mem:10.28M (Peak 52.52M) | Time:00:00.00 | Mem:0.00M, Peak:0.00M | Scene, ViewLayer | Updating Objects | Copying Transformations to device
Fra:12 Mem:10.28M (Peak 52.52M) | Time:00:00.00 | Mem:0.01M, Peak:0.01M | Scene, ViewLayer | Updating Particle Systems
Fra:12 Mem:10.28M (Peak 52.52M) | Time:00:00.00 | Mem:0.01M, Peak:0.01M | Scene, ViewLayer | Updating Particle Systems | Copying Particles to device
Fra:12 Mem:10.28M (Peak 52.52M) | Time:00:00.00 | Mem:0.01M, Peak:0.01M | Scene, ViewLayer | Updating Meshes
Fra:12 Mem:10.28M (Peak 52.52M) | Time:00:00.00 | Mem:0.01M, Peak:0.01M | Scene, ViewLayer | Updating Objects | Applying Static Transformations
Fra:12 Mem:10.28M (Peak 52.52M) | Time:00:00.00 | Mem:0.01M, Peak:0.01M | Scene, ViewLayer | Updating Mesh | Computing attributes
Fra:12 Mem:10.33M (Peak 52.52M) | Time:00:00.00 | Mem:0.01M, Peak:0.01M | Scene, ViewLayer | Updating Mesh | Copying Attributes to device
Fra:12 Mem:10.33M (Peak 52.52M) | Time:00:00.00 | Mem:0.05M, Peak:0.05M | Scene, ViewLayer | Updating Scene BVH | Building
Fra:12 Mem:10.33M (Peak 52.52M) | Time:00:00.00 | Mem:0.05M, Peak:0.05M | Scene, ViewLayer | Updating Scene BVH | Building BVH
Fra:12 Mem:10.33M (Peak 52.52M) | Time:00:00.00 | Mem:0.20M, Peak:0.20M | Scene, ViewLayer | Updating Scene BVH | Building BVH 0%
Fra:12 Mem:10.33M (Peak 52.52M) | Time:00:00.00 | Mem:0.39M, Peak:0.54M | Scene, ViewLayer | Updating Scene BVH | Copying BVH to device
Fra:12 Mem:10.33M (Peak 52.52M) | Time:00:00.00 | Mem:0.39M, Peak:0.54M | Scene, ViewLayer | Updating Mesh | Computing normals
Fra:12 Mem:10.49M (Peak 52.52M) | Time:00:00.00 | Mem:0.39M, Peak:0.54M | Scene, ViewLayer | Updating Mesh | Copying Mesh to device
Fra:12 Mem:10.49M (Peak 52.52M) | Time:00:00.00 | Mem:0.55M, Peak:0.55M | Scene, ViewLayer | Updating Objects Flags
Fra:12 Mem:10.49M (Peak 52.52M) | Time:00:00.00 | Mem:0.55M, Peak:0.55M | Scene, ViewLayer | Updating Primitive Offsets
Fra:12 Mem:10.49M (Peak 52.52M) | Time:00:00.00 | Mem:0.55M, Peak:0.55M | Scene, ViewLayer | Updating Images
Fra:12 Mem:10.49M (Peak 52.52M) | Time:00:00.00 | Mem:0.55M, Peak:0.55M | Scene, ViewLayer | Updating Camera Volume
Fra:12 Mem:10.49M (Peak 52.52M) | Time:00:00.00 | Mem:0.55M, Peak:0.55M | Scene, ViewLayer | Updating Lookup Tables
Fra:12 Mem:10.49M (Peak 52.52M) | Time:00:00.00 | Mem:0.63M, Peak:0.63M | Scene, ViewLayer | Updating Lights
Fra:12 Mem:10.49M (Peak 52.52M) | Time:00:00.00 | Mem:0.63M, Peak:0.63M | Scene, ViewLayer | Updating Lights | Computing tree
Fra:12 Mem:10.94M (Peak 52.52M) | Time:00:00.01 | Mem:1.09M, Peak:1.09M | Scene, ViewLayer | Updating Integrator
Fra:12 Mem:10.94M (Peak 52.52M) | Time:00:00.01 | Mem:1.09M, Peak:1.09M | Scene, ViewLayer | Updating Film
Fra:12 Mem:10.95M (Peak 52.52M) | Time:00:00.01 | Mem:1.00M, Peak:1.09M | Scene, ViewLayer | Updating Lookup Tables
Fra:12 Mem:10.95M (Peak 52.52M) | Time:00:00.01 | Mem:1.09M, Peak:1.09M | Scene, ViewLayer | Updating Baking
Fra:12 Mem:10.95M (Peak 52.52M) | Time:00:00.01 | Mem:1.09M, Peak:1.09M | Scene, ViewLayer | Updating Device | Writing constant memory
Fra:12 Mem:10.95M (Peak 52.52M) | Time:00:00.01 | Mem:1.09M, Peak:1.09M | Scene, ViewLayer | Sample 0/32
Fra:12 Mem:28.79M (Peak 52.52M) | Time:00:00.45 | Remaining:00:13.36 | Mem:18.89M, Peak:18.89M | Scene, ViewLayer | Sample 1/32
Fra:12 Mem:36.70M (Peak 52.52M) | Time:00:13.85 | Mem:18.89M, Peak:18.89M | Scene, ViewLayer | Sample 32/32
Fra:12 Mem:36.70M (Peak 52.52M) | Time:00:13.85 | Mem:18.89M, Peak:18.89M | Scene, ViewLayer | Finished
Saved: '/home/runner/work/chaosim/chaosim/outputs/renders/paper_to_cloth_frames/frame_0012.png'
Time: 00:13.90 (Saving: 00:00.05)

Fra:13 Mem:11.45M (Peak 52.52M) | Time:00:00.00 | Mem:0.00M, Peak:0.00M | Scene, ViewLayer | Synchronizing object | ClothKey
Fra:13 Mem:11.45M (Peak 52.52M) | Time:00:00.00 | Mem:0.00M, Peak:0.00M | Scene, ViewLayer | Synchronizing object | ClothFill
Fra:13 Mem:11.45M (Peak 52.52M) | Time:00:00.00 | Mem:0.00M, Peak:0.00M | Scene, ViewLayer | Synchronizing object | FacesLabel
Fra:13 Mem:11.48M (Peak 52.52M) | Time:00:00.00 | Mem:0.00M, Peak:0.00M | Scene, ViewLayer | Synchronizing object | Rod
Fra:13 Mem:11.56M (Peak 52.52M) | Time:00:00.00 | Mem:0.00M, Peak:0.00M | Scene, ViewLayer | Synchronizing object | Sheet
Fra:13 Mem:11.66M (Peak 52.52M) | Time:00:00.00 | Mem:0.00M, Peak:0.00M | Scene, ViewLayer | Synchronizing object | GlassSphere
Fra:13 Mem:11.86M (Peak 52.52M) | Time:00:00.00 | Mem:0.00M, Peak:0.00M | Scene, ViewLayer | Initializing
Fra:13 Mem:10.20M (Peak 52.52M) | Time:00:00.00 | Mem:0.00M, Peak:0.00M | Scene, ViewLayer | Waiting for render to start
Fra:13 Mem:10.20M (Peak 52.52M) | Time:00:00.00 | Mem:0.00M, Peak:0.00M | Scene, ViewLayer | Updating Scene
Fra:13 Mem:10.20M (Peak 52.52M) | Time:00:00.00 | Mem:0.00M, Peak:0.00M | Scene, ViewLayer | Updating Shaders
Fra:13 Mem:10.20M (Peak 52.52M) | Time:00:00.00 | Mem:0.00M, Peak:0.00M | Scene, ViewLayer | Loading render kernels (may take a few minutes the first time)
Fra:13 Mem:10.28M (Peak 52.52M) | Time:00:00.00 | Mem:0.00M, Peak:0.00M | Scene, ViewLayer | Updating Procedurals
Fra:13 Mem:10.28M (Peak 52.52M) | Time:00:00.00 | Mem:0.00M, Peak:0.00M | Scene, ViewLayer | Updating Background
Fra:13 Mem:10.28M (Peak 52.52M) | Time:00:00.00 | Mem:0.00M, Peak:0.00M | Scene, ViewLayer | Updating Camera
Fra:13 Mem:10.28M (Peak 52.52M) | Time:00:00.00 | Mem:0.00M, Peak:0.00M | Scene, ViewLayer | Updating Meshes Flags
Fra:13 Mem:10.28M (Peak 52.52M) | Time:00:00.00 | Mem:0.00M, Peak:0.00M | Scene, ViewLayer | Updating Objects
Fra:13 Mem:10.28M (Peak 52.52M) | Time:00:00.00 | Mem:0.00M, Peak:0.00M | Scene, ViewLayer | Updating Objects | Copying Transformations to device
Fra:13 Mem:10.28M (Peak 52.52M) | Time:00:00.00 | Mem:0.01M, Peak:0.01M | Scene, ViewLayer | Updating Particle Systems
Fra:13 Mem:10.28M (Peak 52.52M) | Time:00:00.00 | Mem:0.01M, Peak:0.01M | Scene, ViewLayer | Updating Particle Systems | Copying Particles to device
Fra:13 Mem:10.28M (Peak 52.52M) | Time:00:00.00 | Mem:0.01M, Peak:0.01M | Scene, ViewLayer | Updating Meshes
Fra:13 Mem:10.28M (Peak 52.52M) | Time:00:00.00 | Mem:0.01M, Peak:0.01M | Scene, ViewLayer | Updating Objects | Applying Static Transformations
Fra:13 Mem:10.28M (Peak 52.52M) | Time:00:00.00 | Mem:0.01M, Peak:0.01M | Scene, ViewLayer | Updating Mesh | Computing attributes
Fra:13 Mem:10.33M (Peak 52.52M) | Time:00:00.00 | Mem:0.01M, Peak:0.01M | Scene, ViewLayer | Updating Mesh | Copying Attributes to device
Fra:13 Mem:10.33M (Peak 52.52M) | Time:00:00.00 | Mem:0.05M, Peak:0.05M | Scene, ViewLayer | Updating Scene BVH | Building
Fra:13 Mem:10.33M (Peak 52.52M) | Time:00:00.00 | Mem:0.05M, Peak:0.05M | Scene, ViewLayer | Updating Scene BVH | Building BVH
Fra:13 Mem:10.33M (Peak 52.52M) | Time:00:00.00 | Mem:0.20M, Peak:0.20M | Scene, ViewLayer | Updating Scene BVH | Building BVH 0%
Fra:13 Mem:10.33M (Peak 52.52M) | Time:00:00.00 | Mem:0.39M, Peak:0.54M | Scene, ViewLayer | Updating Scene BVH | Copying BVH to device
Fra:13 Mem:10.33M (Peak 52.52M) | Time:00:00.00 | Mem:0.39M, Peak:0.54M | Scene, ViewLayer | Updating Mesh | Computing normals
Fra:13 Mem:10.49M (Peak 52.52M) | Time:00:00.00 | Mem:0.39M, Peak:0.54M | Scene, ViewLayer | Updating Mesh | Copying Mesh to device
Fra:13 Mem:10.49M (Peak 52.52M) | Time:00:00.00 | Mem:0.55M, Peak:0.55M | Scene, ViewLayer | Updating Objects Flags
Fra:13 Mem:10.49M (Peak 52.52M) | Time:00:00.00 | Mem:0.55M, Peak:0.55M | Scene, ViewLayer | Updating Primitive Offsets
Fra:13 Mem:10.49M (Peak 52.52M) | Time:00:00.00 | Mem:0.55M, Peak:0.55M | Scene, ViewLayer | Updating Images
Fra:13 Mem:10.49M (Peak 52.52M) | Time:00:00.00 | Mem:0.55M, Peak:0.55M | Scene, ViewLayer | Updating Camera Volume
Fra:13 Mem:10.49M (Peak 52.52M) | Time:00:00.00 | Mem:0.55M, Peak:0.55M | Scene, ViewLayer | Updating Lookup Tables
Fra:13 Mem:10.49M (Peak 52.52M) | Time:00:00.00 | Mem:0.63M, Peak:0.63M | Scene, ViewLayer | Updating Lights
Fra:13 Mem:10.49M (Peak 52.52M) | Time:00:00.00 | Mem:0.63M, Peak:0.63M | Scene, ViewLayer | Updating Lights | Computing tree
Fra:13 Mem:10.94M (Peak 52.52M) | Time:00:00.01 | Mem:1.09M, Peak:1.09M | Scene, ViewLayer | Updating Integrator
Fra:13 Mem:10.94M (Peak 52.52M) | Time:00:00.01 | Mem:1.09M, Peak:1.09M | Scene, ViewLayer | Updating Film
Fra:13 Mem:10.95M (Peak 52.52M) | Time:00:00.01 | Mem:1.00M, Peak:1.09M | Scene, ViewLayer | Updating Lookup Tables
Fra:13 Mem:10.95M (Peak 52.52M) | Time:00:00.01 | Mem:1.09M, Peak:1.09M | Scene, ViewLayer | Updating Baking
Fra:13 Mem:10.95M (Peak 52.52M) | Time:00:00.01 | Mem:1.09M, Peak:1.09M | Scene, ViewLayer | Updating Device | Writing constant memory
Fra:13 Mem:10.95M (Peak 52.52M) | Time:00:00.01 | Mem:1.09M, Peak:1.09M | Scene, ViewLayer | Sample 0/32
Fra:13 Mem:28.79M (Peak 52.52M) | Time:00:00.42 | Remaining:00:12.72 | Mem:18.89M, Peak:18.89M | Scene, ViewLayer | Sample 1/32
Fra:13 Mem:36.70M (Peak 52.52M) | Time:00:13.16 | Mem:18.89M, Peak:18.89M | Scene, ViewLayer | Sample 32/32
Fra:13 Mem:36.70M (Peak 52.52M) | Time:00:13.16 | Mem:18.89M, Peak:18.89M | Scene, ViewLayer | Finished
Saved: '/home/runner/work/chaosim/chaosim/outputs/renders/paper_to_cloth_frames/frame_0013.png'
Time: 00:13.21 (Saving: 00:00.05)

Fra:14 Mem:11.45M (Peak 52.52M) | Time:00:00.00 | Mem:0.00M, Peak:0.00M | Scene, ViewLayer | Synchronizing object | ClothKey
Fra:14 Mem:11.45M (Peak 52.52M) | Time:00:00.00 | Mem:0.00M, Peak:0.00M | Scene, ViewLayer | Synchronizing object | ClothRim
Fra:14 Mem:11.45M (Peak 52.52M) | Time:00:00.00 | Mem:0.00M, Peak:0.00M | Scene, ViewLayer | Synchronizing object | FacesLabel
Fra:14 Mem:11.45M (Peak 52.52M) | Time:00:00.00 | Mem:0.00M, Peak:0.00M | Scene, ViewLayer | Synchronizing object | Sheet
Fra:14 Mem:11.48M (Peak 52.52M) | Time:00:00.00 | Mem:0.00M, Peak:0.00M | Scene, ViewLayer | Synchronizing object | GlassSphere
Fra:14 Mem:11.86M (Peak 52.52M) | Time:00:00.00 | Mem:0.00M, Peak:0.00M | Scene, ViewLayer | Initializing
Fra:14 Mem:10.20M (Peak 52.52M) | Time:00:00.00 | Mem:0.00M, Peak:0.00M | Scene, ViewLayer | Waiting for render to start
Fra:14 Mem:10.20M (Peak 52.52M) | Time:00:00.00 | Mem:0.00M, Peak:0.00M | Scene, ViewLayer | Updating Scene
Fra:14 Mem:10.20M (Peak 52.52M) | Time:00:00.00 | Mem:0.00M, Peak:0.00M | Scene, ViewLayer | Updating Shaders
Fra:14 Mem:10.20M (Peak 52.52M) | Time:00:00.00 | Mem:0.00M, Peak:0.00M | Scene, ViewLayer | Loading render kernels (may take a few minutes the first time)
Fra:14 Mem:10.28M (Peak 52.52M) | Time:00:00.00 | Mem:0.00M, Peak:0.00M | Scene, ViewLayer | Updating Procedurals
Fra:14 Mem:10.28M (Peak 52.52M) | Time:00:00.00 | Mem:0.00M, Peak:0.00M | Scene, ViewLayer | Updating Background
Fra:14 Mem:10.28M (Peak 52.52M) | Time:00:00.00 | Mem:0.00M, Peak:0.00M | Scene, ViewLayer | Updating Camera
Fra:14 Mem:10.28M (Peak 52.52M) | Time:00:00.00 | Mem:0.00M, Peak:0.00M | Scene, ViewLayer | Updating Meshes Flags
Fra:14 Mem:10.28M (Peak 52.52M) | Time:00:00.00 | Mem:0.00M, Peak:0.00M | Scene, ViewLayer | Updating Objects
Fra:14 Mem:10.28M (Peak 52.52M) | Time:00:00.00 | Mem:0.00M, Peak:0.00M | Scene, ViewLayer | Updating Objects | Copying Transformations to device
Fra:14 Mem:10.28M (Peak 52.52M) | Time:00:00.00 | Mem:0.01M, Peak:0.01M | Scene, ViewLayer | Updating Particle Systems
Fra:14 Mem:10.28M (Peak 52.52M) | Time:00:00.00 | Mem:0.01M, Peak:0.01M | Scene, ViewLayer | Updating Particle Systems | Copying Particles to device
Fra:14 Mem:10.28M (Peak 52.52M) | Time:00:00.00 | Mem:0.01M, Peak:0.01M | Scene, ViewLayer | Updating Meshes
Fra:14 Mem:10.28M (Peak 52.52M) | Time:00:00.00 | Mem:0.01M, Peak:0.01M | Scene, ViewLayer | Updating Objects | Applying Static Transformations
Fra:14 Mem:10.28M (Peak 52.52M) | Time:00:00.00 | Mem:0.01M, Peak:0.01M | Scene, ViewLayer | Updating Mesh | Computing attributes
Fra:14 Mem:10.33M (Peak 52.52M) | Time:00:00.00 | Mem:0.01M, Peak:0.01M | Scene, ViewLayer | Updating Mesh | Copying Attributes to device
Fra:14 Mem:10.33M (Peak 52.52M) | Time:00:00.00 | Mem:0.05M, Peak:0.05M | Scene, ViewLayer | Updating Scene BVH | Building
Fra:14 Mem:10.33M (Peak 52.52M) | Time:00:00.00 | Mem:0.05M, Peak:0.05M | Scene, ViewLayer | Updating Scene BVH | Building BVH
Fra:14 Mem:10.33M (Peak 52.52M) | Time:00:00.00 | Mem:0.20M, Peak:0.20M | Scene, ViewLayer | Updating Scene BVH | Building BVH 0%
Fra:14 Mem:10.33M (Peak 52.52M) | Time:00:00.00 | Mem:0.39M, Peak:0.54M | Scene, ViewLayer | Updating Scene BVH | Copying BVH to device
Fra:14 Mem:10.33M (Peak 52.52M) | Time:00:00.00 | Mem:0.39M, Peak:0.54M | Scene, ViewLayer | Updating Mesh | Computing normals
Fra:14 Mem:10.49M (Peak 52.52M) | Time:00:00.00 | Mem:0.39M, Peak:0.54M | Scene, ViewLayer | Updating Mesh | Copying Mesh to device
Fra:14 Mem:10.49M (Peak 52.52M) | Time:00:00.00 | Mem:0.55M, Peak:0.55M | Scene, ViewLayer | Updating Objects Flags
Fra:14 Mem:10.49M (Peak 52.52M) | Time:00:00.00 | Mem:0.55M, Peak:0.55M | Scene, ViewLayer | Updating Primitive Offsets
Fra:14 Mem:10.49M (Peak 52.52M) | Time:00:00.00 | Mem:0.55M, Peak:0.55M | Scene, ViewLayer | Updating Images
Fra:14 Mem:10.49M (Peak 52.52M) | Time:00:00.00 | Mem:0.55M, Peak:0.55M | Scene, ViewLayer | Updating Camera Volume
Fra:14 Mem:10.49M (Peak 52.52M) | Time:00:00.00 | Mem:0.55M, Peak:0.55M | Scene, ViewLayer | Updating Lookup Tables
Fra:14 Mem:10.49M (Peak 52.52M) | Time:00:00.00 | Mem:0.63M, Peak:0.63M | Scene, ViewLayer | Updating Lights
Fra:14 Mem:10.49M (Peak 52.52M) | Time:00:00.00 | Mem:0.63M, Peak:0.63M | Scene, ViewLayer | Updating Lights | Computing tree
Fra:14 Mem:10.94M (Peak 52.52M) | Time:00:00.02 | Mem:1.09M, Peak:1.09M | Scene, ViewLayer | Updating Integrator
Fra:14 Mem:10.94M (Peak 52.52M) | Time:00:00.02 | Mem:1.09M, Peak:1.09M | Scene, ViewLayer | Updating Film
Fra:14 Mem:10.95M (Peak 52.52M) | Time:00:00.02 | Mem:1.00M, Peak:1.09M | Scene, ViewLayer | Updating Lookup Tables
Fra:14 Mem:10.95M (Peak 52.52M) | Time:00:00.02 | Mem:1.09M, Peak:1.09M | Scene, ViewLayer | Updating Baking
Fra:14 Mem:10.95M (Peak 52.52M) | Time:00:00.02 | Mem:1.09M, Peak:1.09M | Scene, ViewLayer | Updating Device | Writing constant memory
Fra:14 Mem:10.95M (Peak 52.52M) | Time:00:00.02 | Mem:1.09M, Peak:1.09M | Scene, ViewLayer | Sample 0/32
Fra:14 Mem:28.79M (Peak 52.52M) | Time:00:00.40 | Remaining:00:11.80 | Mem:18.89M, Peak:18.89M | Scene, ViewLayer | Sample 1/32
Fra:14 Mem:36.70M (Peak 52.52M) | Time:00:12.11 | Mem:18.89M, Peak:18.89M | Scene, ViewLayer | Sample 32/32
Fra:14 Mem:36.70M (Peak 52.52M) | Time:00:12.11 | Mem:18.89M, Peak:18.89M | Scene, ViewLayer | Finished
Saved: '/home/runner/work/chaosim/chaosim/outputs/renders/paper_to_cloth_frames/frame_0014.png'
Time: 00:12.16 (Saving: 00:00.05)

Fra:15 Mem:11.45M (Peak 52.52M) | Time:00:00.00 | Mem:0.00M, Peak:0.00M | Scene, ViewLayer | Synchronizing object | ClothKey
Fra:15 Mem:11.45M (Peak 52.52M) | Time:00:00.00 | Mem:0.00M, Peak:0.00M | Scene, ViewLayer | Synchronizing object | ClothFill
Fra:15 Mem:11.45M (Peak 52.52M) | Time:00:00.00 | Mem:0.00M, Peak:0.00M | Scene, ViewLayer | Synchronizing object | Sheet
Fra:15 Mem:11.45M (Peak 52.52M) | Time:00:00.00 | Mem:0.00M, Peak:0.00M | Scene, ViewLayer | Synchronizing object | FacesLabel
Fra:15 Mem:11.49M (Peak 52.52M) | Time:00:00.00 | Mem:0.00M, Peak:0.00M | Scene, ViewLayer | Synchronizing object | GlassSphere
Fra:15 Mem:11.86M (Peak 52.52M) | Time:00:00.00 | Mem:0.00M, Peak:0.00M | Scene, ViewLayer | Initializing
Fra:15 Mem:10.20M (Peak 52.52M) | Time:00:00.00 | Mem:0.00M, Peak:0.00M | Scene, ViewLayer | Waiting for render to start
Fra:15 Mem:10.20M (Peak 52.52M) | Time:00:00.00 | Mem:0.00M, Peak:0.00M | Scene, ViewLayer | Updating Scene
Fra:15 Mem:10.20M (Peak 52.52M) | Time:00:00.00 | Mem:0.00M, Peak:0.00M | Scene, ViewLayer | Updating Shaders
Fra:15 Mem:10.20M (Peak 52.52M) | Time:00:00.00 | Mem:0.00M, Peak:0.00M | Scene, ViewLayer | Loading render kernels (may take a few minutes the first time)
Fra:15 Mem:10.28M (Peak 52.52M) | Time:00:00.00 | Mem:0.00M, Peak:0.00M | Scene, ViewLayer | Updating Procedurals
Fra:15 Mem:10.28M (Peak 52.52M) | Time:00:00.00 | Mem:0.00M, Peak:0.00M | Scene, ViewLayer | Updating Background
Fra:15 Mem:10.28M (Peak 52.52M) | Time:00:00.00 | Mem:0.00M, Peak:0.00M | Scene, ViewLayer | Updating Camera
Fra:15 Mem:10.28M (Peak 52.52M) | Time:00:00.00 | Mem:0.00M, Peak:0.00M | Scene, ViewLayer | Updating Meshes Flags
Fra:15 Mem:10.28M (Peak 52.52M) | Time:00:00.00 | Mem:0.00M, Peak:0.00M | Scene, ViewLayer | Updating Objects
Fra:15 Mem:10.28M (Peak 52.52M) | Time:00:00.00 | Mem:0.00M, Peak:0.00M | Scene, ViewLayer | Updating Objects | Copying Transformations to device
Fra:15 Mem:10.28M (Peak 52.52M) | Time:00:00.00 | Mem:0.01M, Peak:0.01M | Scene, ViewLayer | Updating Particle Systems
Fra:15 Mem:10.28M (Peak 52.52M) | Time:00:00.00 | Mem:0.01M, Peak:0.01M | Scene, ViewLayer | Updating Particle Systems | Copying Particles to device
Fra:15 Mem:10.28M (Peak 52.52M) | Time:00:00.00 | Mem:0.01M, Peak:0.01M | Scene, ViewLayer | Updating Meshes
Fra:15 Mem:10.28M (Peak 52.52M) | Time:00:00.00 | Mem:0.01M, Peak:0.01M | Scene, ViewLayer | Updating Objects | Applying Static Transformations
Fra:15 Mem:10.28M (Peak 52.52M) | Time:00:00.00 | Mem:0.01M, Peak:0.01M | Scene, ViewLayer | Updating Mesh | Computing attributes
Fra:15 Mem:10.33M (Peak 52.52M) | Time:00:00.00 | Mem:0.01M, Peak:0.01M | Scene, ViewLayer | Updating Mesh | Copying Attributes to device
Fra:15 Mem:10.33M (Peak 52.52M) | Time:00:00.00 | Mem:0.05M, Peak:0.05M | Scene, ViewLayer | Updating Scene BVH | Building
Fra:15 Mem:10.33M (Peak 52.52M) | Time:00:00.00 | Mem:0.05M, Peak:0.05M | Scene, ViewLayer | Updating Scene BVH | Building BVH
Fra:15 Mem:10.33M (Peak 52.52M) | Time:00:00.00 | Mem:0.20M, Peak:0.20M | Scene, ViewLayer | Updating Scene BVH | Building BVH 0%
Fra:15 Mem:10.33M (Peak 52.52M) | Time:00:00.00 | Mem:0.39M, Peak:0.54M | Scene, ViewLayer | Updating Scene BVH | Copying BVH to device
Fra:15 Mem:10.33M (Peak 52.52M) | Time:00:00.00 | Mem:0.39M, Peak:0.54M | Scene, ViewLayer | Updating Mesh | Computing normals
Fra:15 Mem:10.49M (Peak 52.52M) | Time:00:00.00 | Mem:0.39M, Peak:0.54M | Scene, ViewLayer | Updating Mesh | Copying Mesh to device
Fra:15 Mem:10.49M (Peak 52.52M) | Time:00:00.00 | Mem:0.55M, Peak:0.55M | Scene, ViewLayer | Updating Objects Flags
Fra:15 Mem:10.49M (Peak 52.52M) | Time:00:00.00 | Mem:0.55M, Peak:0.55M | Scene, ViewLayer | Updating Primitive Offsets
Fra:15 Mem:10.49M (Peak 52.52M) | Time:00:00.00 | Mem:0.55M, Peak:0.55M | Scene, ViewLayer | Updating Images
Fra:15 Mem:10.49M (Peak 52.52M) | Time:00:00.00 | Mem:0.55M, Peak:0.55M | Scene, ViewLayer | Updating Camera Volume
Fra:15 Mem:10.49M (Peak 52.52M) | Time:00:00.00 | Mem:0.55M, Peak:0.55M | Scene, ViewLayer | Updating Lookup Tables
Fra:15 Mem:10.49M (Peak 52.52M) | Time:00:00.00 | Mem:0.63M, Peak:0.63M | Scene, ViewLayer | Updating Lights
Fra:15 Mem:10.49M (Peak 52.52M) | Time:00:00.00 | Mem:0.63M, Peak:0.63M | Scene, ViewLayer | Updating Lights | Computing tree
Fra:15 Mem:10.94M (Peak 52.52M) | Time:00:00.02 | Mem:1.09M, Peak:1.09M | Scene, ViewLayer | Updating Integrator
Fra:15 Mem:10.94M (Peak 52.52M) | Time:00:00.02 | Mem:1.09M, Peak:1.09M | Scene, ViewLayer | Updating Film
Fra:15 Mem:10.95M (Peak 52.52M) | Time:00:00.02 | Mem:1.00M, Peak:1.09M | Scene, ViewLayer | Updating Lookup Tables
Fra:15 Mem:10.95M (Peak 52.52M) | Time:00:00.02 | Mem:1.09M, Peak:1.09M | Scene, ViewLayer | Updating Baking
Fra:15 Mem:10.95M (Peak 52.52M) | Time:00:00.02 | Mem:1.09M, Peak:1.09M | Scene, ViewLayer | Updating Device | Writing constant memory
Fra:15 Mem:10.95M (Peak 52.52M) | Time:00:00.02 | Mem:1.09M, Peak:1.09M | Scene, ViewLayer | Sample 0/32
Fra:15 Mem:28.79M (Peak 52.52M) | Time:00:00.37 | Remaining:00:10.84 | Mem:18.89M, Peak:18.89M | Scene, ViewLayer | Sample 1/32
Fra:15 Mem:36.70M (Peak 52.52M) | Time:00:11.32 | Mem:18.89M, Peak:18.89M | Scene, ViewLayer | Sample 32/32
Fra:15 Mem:36.70M (Peak 52.52M) | Time:00:11.32 | Mem:18.89M, Peak:18.89M | Scene, ViewLayer | Finished
Saved: '/home/runner/work/chaosim/chaosim/outputs/renders/paper_to_cloth_frames/frame_0015.png'
Time: 00:11.38 (Saving: 00:00.05)

Fra:16 Mem:11.45M (Peak 52.52M) | Time:00:00.00 | Mem:0.00M, Peak:0.00M | Scene, ViewLayer | Synchronizing object | ClothKey
Fra:16 Mem:11.45M (Peak 52.52M) | Time:00:00.00 | Mem:0.00M, Peak:0.00M | Scene, ViewLayer | Synchronizing object | ClothRim
Fra:16 Mem:11.45M (Peak 52.52M) | Time:00:00.00 | Mem:0.00M, Peak:0.00M | Scene, ViewLayer | Synchronizing object | Sheet
Fra:16 Mem:11.45M (Peak 52.52M) | Time:00:00.00 | Mem:0.00M, Peak:0.00M | Scene, ViewLayer | Synchronizing object | FacesLabel
Fra:16 Mem:11.46M (Peak 52.52M) | Time:00:00.00 | Mem:0.00M, Peak:0.00M | Scene, ViewLayer | Synchronizing object | GlassSphere
Fra:16 Mem:11.86M (Peak 52.52M) | Time:00:00.00 | Mem:0.00M, Peak:0.00M | Scene, ViewLayer | Initializing
Fra:16 Mem:10.20M (Peak 52.52M) | Time:00:00.00 | Mem:0.00M, Peak:0.00M | Scene, ViewLayer | Waiting for render to start
Fra:16 Mem:10.20M (Peak 52.52M) | Time:00:00.00 | Mem:0.00M, Peak:0.00M | Scene, ViewLayer | Updating Scene
Fra:16 Mem:10.20M (Peak 52.52M) | Time:00:00.00 | Mem:0.00M, Peak:0.00M | Scene, ViewLayer | Updating Shaders
Fra:16 Mem:10.20M (Peak 52.52M) | Time:00:00.00 | Mem:0.00M, Peak:0.00M | Scene, ViewLayer | Loading render kernels (may take a few minutes the first time)
Fra:16 Mem:10.28M (Peak 52.52M) | Time:00:00.00 | Mem:0.00M, Peak:0.00M | Scene, ViewLayer | Updating Procedurals
Fra:16 Mem:10.28M (Peak 52.52M) | Time:00:00.00 | Mem:0.00M, Peak:0.00M | Scene, ViewLayer | Updating Background
Fra:16 Mem:10.28M (Peak 52.52M) | Time:00:00.00 | Mem:0.00M, Peak:0.00M | Scene, ViewLayer | Updating Camera
Fra:16 Mem:10.28M (Peak 52.52M) | Time:00:00.00 | Mem:0.00M, Peak:0.00M | Scene, ViewLayer | Updating Meshes Flags
Fra:16 Mem:10.28M (Peak 52.52M) | Time:00:00.00 | Mem:0.00M, Peak:0.00M | Scene, ViewLayer | Updating Objects
Fra:16 Mem:10.28M (Peak 52.52M) | Time:00:00.00 | Mem:0.00M, Peak:0.00M | Scene, ViewLayer | Updating Objects | Copying Transformations to device
Fra:16 Mem:10.28M (Peak 52.52M) | Time:00:00.00 | Mem:0.01M, Peak:0.01M | Scene, ViewLayer | Updating Particle Systems
Fra:16 Mem:10.28M (Peak 52.52M) | Time:00:00.00 | Mem:0.01M, Peak:0.01M | Scene, ViewLayer | Updating Particle Systems | Copying Particles to device
Fra:16 Mem:10.28M (Peak 52.52M) | Time:00:00.00 | Mem:0.01M, Peak:0.01M | Scene, ViewLayer | Updating Meshes
Fra:16 Mem:10.28M (Peak 52.52M) | Time:00:00.00 | Mem:0.01M, Peak:0.01M | Scene, ViewLayer | Updating Objects | Applying Static Transformations
Fra:16 Mem:10.28M (Peak 52.52M) | Time:00:00.00 | Mem:0.01M, Peak:0.01M | Scene, ViewLayer | Updating Mesh | Computing attributes
Fra:16 Mem:10.33M (Peak 52.52M) | Time:00:00.00 | Mem:0.01M, Peak:0.01M | Scene, ViewLayer | Updating Mesh | Copying Attributes to device
Fra:16 Mem:10.33M (Peak 52.52M) | Time:00:00.00 | Mem:0.05M, Peak:0.05M | Scene, ViewLayer | Updating Scene BVH | Building
Fra:16 Mem:10.33M (Peak 52.52M) | Time:00:00.00 | Mem:0.05M, Peak:0.05M | Scene, ViewLayer | Updating Scene BVH | Building BVH
Fra:16 Mem:10.33M (Peak 52.52M) | Time:00:00.00 | Mem:0.20M, Peak:0.20M | Scene, ViewLayer | Updating Scene BVH | Building BVH 0%
Fra:16 Mem:10.33M (Peak 52.52M) | Time:00:00.00 | Mem:0.39M, Peak:0.54M | Scene, ViewLayer | Updating Scene BVH | Copying BVH to device
Fra:16 Mem:10.33M (Peak 52.52M) | Time:00:00.00 | Mem:0.39M, Peak:0.54M | Scene, ViewLayer | Updating Mesh | Computing normals
Fra:16 Mem:10.49M (Peak 52.52M) | Time:00:00.00 | Mem:0.39M, Peak:0.54M | Scene, ViewLayer | Updating Mesh | Copying Mesh to device
Fra:16 Mem:10.49M (Peak 52.52M) | Time:00:00.00 | Mem:0.55M, Peak:0.55M | Scene, ViewLayer | Updating Objects Flags
Fra:16 Mem:10.49M (Peak 52.52M) | Time:00:00.00 | Mem:0.55M, Peak:0.55M | Scene, ViewLayer | Updating Primitive Offsets
Fra:16 Mem:10.49M (Peak 52.52M) | Time:00:00.00 | Mem:0.55M, Peak:0.55M | Scene, ViewLayer | Updating Images
Fra:16 Mem:10.49M (Peak 52.52M) | Time:00:00.00 | Mem:0.55M, Peak:0.55M | Scene, ViewLayer | Updating Camera Volume
Fra:16 Mem:10.49M (Peak 52.52M) | Time:00:00.00 | Mem:0.55M, Peak:0.55M | Scene, ViewLayer | Updating Lookup Tables
Fra:16 Mem:10.49M (Peak 52.52M) | Time:00:00.00 | Mem:0.63M, Peak:0.63M | Scene, ViewLayer | Updating Lights
Fra:16 Mem:10.49M (Peak 52.52M) | Time:00:00.00 | Mem:0.63M, Peak:0.63M | Scene, ViewLayer | Updating Lights | Computing tree
Fra:16 Mem:10.94M (Peak 52.52M) | Time:00:00.01 | Mem:1.09M, Peak:1.09M | Scene, ViewLayer | Updating Integrator
Fra:16 Mem:10.94M (Peak 52.52M) | Time:00:00.01 | Mem:1.09M, Peak:1.09M | Scene, ViewLayer | Updating Film
Fra:16 Mem:10.95M (Peak 52.52M) | Time:00:00.01 | Mem:1.00M, Peak:1.09M | Scene, ViewLayer | Updating Lookup Tables
Fra:16 Mem:10.95M (Peak 52.52M) | Time:00:00.01 | Mem:1.09M, Peak:1.09M | Scene, ViewLayer | Updating Baking
Fra:16 Mem:10.95M (Peak 52.52M) | Time:00:00.01 | Mem:1.09M, Peak:1.09M | Scene, ViewLayer | Updating Device | Writing constant memory
Fra:16 Mem:10.95M (Peak 52.52M) | Time:00:00.01 | Mem:1.09M, Peak:1.09M | Scene, ViewLayer | Sample 0/32
Fra:16 Mem:28.79M (Peak 52.52M) | Time:00:00.35 | Remaining:00:10.34 | Mem:18.89M, Peak:18.89M | Scene, ViewLayer | Sample 1/32
Fra:16 Mem:36.70M (Peak 52.52M) | Time:00:10.55 | Mem:18.89M, Peak:18.89M | Scene, ViewLayer | Sample 32/32
Fra:16 Mem:36.70M (Peak 52.52M) | Time:00:10.55 | Mem:18.89M, Peak:18.89M | Scene, ViewLayer | Finished
Saved: '/home/runner/work/chaosim/chaosim/outputs/renders/paper_to_cloth_frames/frame_0016.png'
Time: 00:10.61 (Saving: 00:00.05)

Fra:17 Mem:11.45M (Peak 52.52M) | Time:00:00.00 | Mem:0.00M, Peak:0.00M | Scene, ViewLayer | Synchronizing object | ClothKey
Fra:17 Mem:11.45M (Peak 52.52M) | Time:00:00.00 | Mem:0.00M, Peak:0.00M | Scene, ViewLayer | Synchronizing object | ClothRim
Fra:17 Mem:11.45M (Peak 52.52M) | Time:00:00.00 | Mem:0.00M, Peak:0.00M | Scene, ViewLayer | Synchronizing object | FacesLabel
Fra:17 Mem:11.48M (Peak 52.52M) | Time:00:00.00 | Mem:0.00M, Peak:0.00M | Scene, ViewLayer | Synchronizing object | Sheet
Fra:17 Mem:11.57M (Peak 52.52M) | Time:00:00.00 | Mem:0.00M, Peak:0.00M | Scene, ViewLayer | Synchronizing object | GlassSphere
Fra:17 Mem:11.86M (Peak 52.52M) | Time:00:00.00 | Mem:0.00M, Peak:0.00M | Scene, ViewLayer | Initializing
Fra:17 Mem:10.20M (Peak 52.52M) | Time:00:00.00 | Mem:0.00M, Peak:0.00M | Scene, ViewLayer | Waiting for render to start
Fra:17 Mem:10.20M (Peak 52.52M) | Time:00:00.00 | Mem:0.00M, Peak:0.00M | Scene, ViewLayer | Updating Scene
Fra:17 Mem:10.20M (Peak 52.52M) | Time:00:00.00 | Mem:0.00M, Peak:0.00M | Scene, ViewLayer | Updating Shaders
Fra:17 Mem:10.20M (Peak 52.52M) | Time:00:00.00 | Mem:0.00M, Peak:0.00M | Scene, ViewLayer | Loading render kernels (may take a few minutes the first time)
Fra:17 Mem:10.28M (Peak 52.52M) | Time:00:00.00 | Mem:0.00M, Peak:0.00M | Scene, ViewLayer | Updating Procedurals
Fra:17 Mem:10.28M (Peak 52.52M) | Time:00:00.00 | Mem:0.00M, Peak:0.00M | Scene, ViewLayer | Updating Background
Fra:17 Mem:10.28M (Peak 52.52M) | Time:00:00.00 | Mem:0.00M, Peak:0.00M | Scene, ViewLayer | Updating Camera
Fra:17 Mem:10.28M (Peak 52.52M) | Time:00:00.00 | Mem:0.00M, Peak:0.00M | Scene, ViewLayer | Updating Meshes Flags
Fra:17 Mem:10.28M (Peak 52.52M) | Time:00:00.00 | Mem:0.00M, Peak:0.00M | Scene, ViewLayer | Updating Objects
Fra:17 Mem:10.28M (Peak 52.52M) | Time:00:00.00 | Mem:0.00M, Peak:0.00M | Scene, ViewLayer | Updating Objects | Copying Transformations to device
Fra:17 Mem:10.28M (Peak 52.52M) | Time:00:00.00 | Mem:0.01M, Peak:0.01M | Scene, ViewLayer | Updating Particle Systems
Fra:17 Mem:10.28M (Peak 52.52M) | Time:00:00.00 | Mem:0.01M, Peak:0.01M | Scene, ViewLayer | Updating Particle Systems | Copying Particles to device
Fra:17 Mem:10.28M (Peak 52.52M) | Time:00:00.00 | Mem:0.01M, Peak:0.01M | Scene, ViewLayer | Updating Meshes
Fra:17 Mem:10.28M (Peak 52.52M) | Time:00:00.00 | Mem:0.01M, Peak:0.01M | Scene, ViewLayer | Updating Objects | Applying Static Transformations
Fra:17 Mem:10.28M (Peak 52.52M) | Time:00:00.00 | Mem:0.01M, Peak:0.01M | Scene, ViewLayer | Updating Mesh | Computing attributes
Fra:17 Mem:10.33M (Peak 52.52M) | Time:00:00.00 | Mem:0.01M, Peak:0.01M | Scene, ViewLayer | Updating Mesh | Copying Attributes to device
Fra:17 Mem:10.33M (Peak 52.52M) | Time:00:00.00 | Mem:0.05M, Peak:0.05M | Scene, ViewLayer | Updating Scene BVH | Building
Fra:17 Mem:10.33M (Peak 52.52M) | Time:00:00.00 | Mem:0.05M, Peak:0.05M | Scene, ViewLayer | Updating Scene BVH | Building BVH
Fra:17 Mem:10.33M (Peak 52.52M) | Time:00:00.00 | Mem:0.20M, Peak:0.20M | Scene, ViewLayer | Updating Scene BVH | Building BVH 0%
Fra:17 Mem:10.33M (Peak 52.52M) | Time:00:00.00 | Mem:0.39M, Peak:0.54M | Scene, ViewLayer | Updating Scene BVH | Copying BVH to device
Fra:17 Mem:10.33M (Peak 52.52M) | Time:00:00.00 | Mem:0.39M, Peak:0.54M | Scene, ViewLayer | Updating Mesh | Computing normals
Fra:17 Mem:10.49M (Peak 52.52M) | Time:00:00.00 | Mem:0.39M, Peak:0.54M | Scene, ViewLayer | Updating Mesh | Copying Mesh to device
Fra:17 Mem:10.49M (Peak 52.52M) | Time:00:00.00 | Mem:0.55M, Peak:0.55M | Scene, ViewLayer | Updating Objects Flags
Fra:17 Mem:10.49M (Peak 52.52M) | Time:00:00.00 | Mem:0.55M, Peak:0.55M | Scene, ViewLayer | Updating Primitive Offsets
Fra:17 Mem:10.49M (Peak 52.52M) | Time:00:00.00 | Mem:0.55M, Peak:0.55M | Scene, ViewLayer | Updating Images
Fra:17 Mem:10.49M (Peak 52.52M) | Time:00:00.00 | Mem:0.55M, Peak:0.55M | Scene, ViewLayer | Updating Camera Volume
Fra:17 Mem:10.49M (Peak 52.52M) | Time:00:00.00 | Mem:0.55M, Peak:0.55M | Scene, ViewLayer | Updating Lookup Tables
Fra:17 Mem:10.49M (Peak 52.52M) | Time:00:00.00 | Mem:0.63M, Peak:0.63M | Scene, ViewLayer | Updating Lights
Fra:17 Mem:10.49M (Peak 52.52M) | Time:00:00.00 | Mem:0.63M, Peak:0.63M | Scene, ViewLayer | Updating Lights | Computing tree
Fra:17 Mem:10.94M (Peak 52.52M) | Time:00:00.01 | Mem:1.09M, Peak:1.09M | Scene, ViewLayer | Updating Integrator
Fra:17 Mem:10.94M (Peak 52.52M) | Time:00:00.01 | Mem:1.09M, Peak:1.09M | Scene, ViewLayer | Updating Film
Fra:17 Mem:10.95M (Peak 52.52M) | Time:00:00.01 | Mem:1.00M, Peak:1.09M | Scene, ViewLayer | Updating Lookup Tables
Fra:17 Mem:10.95M (Peak 52.52M) | Time:00:00.01 | Mem:1.09M, Peak:1.09M | Scene, ViewLayer | Updating Baking
Fra:17 Mem:10.95M (Peak 52.52M) | Time:00:00.01 | Mem:1.09M, Peak:1.09M | Scene, ViewLayer | Updating Device | Writing constant memory
Fra:17 Mem:10.95M (Peak 52.52M) | Time:00:00.01 | Mem:1.09M, Peak:1.09M | Scene, ViewLayer | Sample 0/32
Fra:17 Mem:28.79M (Peak 52.52M) | Time:00:00.32 | Remaining:00:09.51 | Mem:18.89M, Peak:18.89M | Scene, ViewLayer | Sample 1/32
Fra:17 Mem:36.70M (Peak 52.52M) | Time:00:09.79 | Mem:18.89M, Peak:18.89M | Scene, ViewLayer | Sample 32/32
Fra:17 Mem:36.70M (Peak 52.52M) | Time:00:09.79 | Mem:18.89M, Peak:18.89M | Scene, ViewLayer | Finished
Saved: '/home/runner/work/chaosim/chaosim/outputs/renders/paper_to_cloth_frames/frame_0017.png'
Time: 00:09.84 (Saving: 00:00.05)

Fra:18 Mem:11.45M (Peak 52.52M) | Time:00:00.00 | Mem:0.00M, Peak:0.00M | Scene, ViewLayer | Synchronizing object | ClothKey
Fra:18 Mem:11.45M (Peak 52.52M) | Time:00:00.00 | Mem:0.00M, Peak:0.00M | Scene, ViewLayer | Synchronizing object | ClothRim
Fra:18 Mem:11.45M (Peak 52.52M) | Time:00:00.00 | Mem:0.00M, Peak:0.00M | Scene, ViewLayer | Synchronizing object | Rod
Fra:18 Mem:11.45M (Peak 52.52M) | Time:00:00.00 | Mem:0.00M, Peak:0.00M | Scene, ViewLayer | Synchronizing object | Sheet
Fra:18 Mem:11.45M (Peak 52.52M) | Time:00:00.00 | Mem:0.00M, Peak:0.00M | Scene, ViewLayer | Synchronizing object | GlassSphere
Fra:18 Mem:11.86M (Peak 52.52M) | Time:00:00.00 | Mem:0.00M, Peak:0.00M | Scene, ViewLayer | Initializing
Fra:18 Mem:10.20M (Peak 52.52M) | Time:00:00.00 | Mem:0.00M, Peak:0.00M | Scene, ViewLayer | Waiting for render to start
Fra:18 Mem:10.20M (Peak 52.52M) | Time:00:00.00 | Mem:0.00M, Peak:0.00M | Scene, ViewLayer | Updating Scene
Fra:18 Mem:10.20M (Peak 52.52M) | Time:00:00.00 | Mem:0.00M, Peak:0.00M | Scene, ViewLayer | Updating Shaders
Fra:18 Mem:10.20M (Peak 52.52M) | Time:00:00.00 | Mem:0.00M, Peak:0.00M | Scene, ViewLayer | Loading render kernels (may take a few minutes the first time)
Fra:18 Mem:10.28M (Peak 52.52M) | Time:00:00.00 | Mem:0.00M, Peak:0.00M | Scene, ViewLayer | Updating Procedurals
Fra:18 Mem:10.28M (Peak 52.52M) | Time:00:00.00 | Mem:0.00M, Peak:0.00M | Scene, ViewLayer | Updating Background
Fra:18 Mem:10.28M (Peak 52.52M) | Time:00:00.00 | Mem:0.00M, Peak:0.00M | Scene, ViewLayer | Updating Camera
Fra:18 Mem:10.28M (Peak 52.52M) | Time:00:00.00 | Mem:0.00M, Peak:0.00M | Scene, ViewLayer | Updating Meshes Flags
Fra:18 Mem:10.28M (Peak 52.52M) | Time:00:00.00 | Mem:0.00M, Peak:0.00M | Scene, ViewLayer | Updating Objects
Fra:18 Mem:10.28M (Peak 52.52M) | Time:00:00.00 | Mem:0.00M, Peak:0.00M | Scene, ViewLayer | Updating Objects | Copying Transformations to device
Fra:18 Mem:10.28M (Peak 52.52M) | Time:00:00.00 | Mem:0.01M, Peak:0.01M | Scene, ViewLayer | Updating Particle Systems
Fra:18 Mem:10.28M (Peak 52.52M) | Time:00:00.00 | Mem:0.01M, Peak:0.01M | Scene, ViewLayer | Updating Particle Systems | Copying Particles to device
Fra:18 Mem:10.28M (Peak 52.52M) | Time:00:00.00 | Mem:0.01M, Peak:0.01M | Scene, ViewLayer | Updating Meshes
Fra:18 Mem:10.28M (Peak 52.52M) | Time:00:00.00 | Mem:0.01M, Peak:0.01M | Scene, ViewLayer | Updating Objects | Applying Static Transformations
Fra:18 Mem:10.28M (Peak 52.52M) | Time:00:00.00 | Mem:0.01M, Peak:0.01M | Scene, ViewLayer | Updating Mesh | Computing attributes
Fra:18 Mem:10.33M (Peak 52.52M) | Time:00:00.00 | Mem:0.01M, Peak:0.01M | Scene, ViewLayer | Updating Mesh | Copying Attributes to device
Fra:18 Mem:10.33M (Peak 52.52M) | Time:00:00.00 | Mem:0.05M, Peak:0.05M | Scene, ViewLayer | Updating Scene BVH | Building
Fra:18 Mem:10.33M (Peak 52.52M) | Time:00:00.00 | Mem:0.05M, Peak:0.05M | Scene, ViewLayer | Updating Scene BVH | Building BVH
Fra:18 Mem:10.33M (Peak 52.52M) | Time:00:00.00 | Mem:0.20M, Peak:0.20M | Scene, ViewLayer | Updating Scene BVH | Building BVH 0%
Fra:18 Mem:10.33M (Peak 52.52M) | Time:00:00.00 | Mem:0.39M, Peak:0.54M | Scene, ViewLayer | Updating Scene BVH | Copying BVH to device
Fra:18 Mem:10.33M (Peak 52.52M) | Time:00:00.00 | Mem:0.39M, Peak:0.54M | Scene, ViewLayer | Updating Mesh | Computing normals
Fra:18 Mem:10.49M (Peak 52.52M) | Time:00:00.00 | Mem:0.39M, Peak:0.54M | Scene, ViewLayer | Updating Mesh | Copying Mesh to device
Fra:18 Mem:10.49M (Peak 52.52M) | Time:00:00.00 | Mem:0.55M, Peak:0.55M | Scene, ViewLayer | Updating Objects Flags
Fra:18 Mem:10.49M (Peak 52.52M) | Time:00:00.00 | Mem:0.55M, Peak:0.55M | Scene, ViewLayer | Updating Primitive Offsets
Fra:18 Mem:10.49M (Peak 52.52M) | Time:00:00.00 | Mem:0.55M, Peak:0.55M | Scene, ViewLayer | Updating Images
Fra:18 Mem:10.49M (Peak 52.52M) | Time:00:00.00 | Mem:0.55M, Peak:0.55M | Scene, ViewLayer | Updating Camera Volume
Fra:18 Mem:10.49M (Peak 52.52M) | Time:00:00.00 | Mem:0.55M, Peak:0.55M | Scene, ViewLayer | Updating Lookup Tables
Fra:18 Mem:10.49M (Peak 52.52M) | Time:00:00.00 | Mem:0.63M, Peak:0.63M | Scene, ViewLayer | Updating Lights
Fra:18 Mem:10.49M (Peak 52.52M) | Time:00:00.00 | Mem:0.63M, Peak:0.63M | Scene, ViewLayer | Updating Lights | Computing tree
Fra:18 Mem:10.94M (Peak 52.52M) | Time:00:00.01 | Mem:1.09M, Peak:1.09M | Scene, ViewLayer | Updating Integrator
Fra:18 Mem:10.94M (Peak 52.52M) | Time:00:00.01 | Mem:1.09M, Peak:1.09M | Scene, ViewLayer | Updating Film
Fra:18 Mem:10.95M (Peak 52.52M) | Time:00:00.01 | Mem:1.00M, Peak:1.09M | Scene, ViewLayer | Updating Lookup Tables
Fra:18 Mem:10.95M (Peak 52.52M) | Time:00:00.01 | Mem:1.09M, Peak:1.09M | Scene, ViewLayer | Updating Baking
Fra:18 Mem:10.95M (Peak 52.52M) | Time:00:00.01 | Mem:1.09M, Peak:1.09M | Scene, ViewLayer | Updating Device | Writing constant memory
Fra:18 Mem:10.95M (Peak 52.52M) | Time:00:00.01 | Mem:1.09M, Peak:1.09M | Scene, ViewLayer | Sample 0/32
Fra:18 Mem:28.79M (Peak 52.52M) | Time:00:00.29 | Remaining:00:08.59 | Mem:18.89M, Peak:18.89M | Scene, ViewLayer | Sample 1/32
Fra:18 Mem:36.70M (Peak 52.52M) | Time:00:08.98 | Mem:18.89M, Peak:18.89M | Scene, ViewLayer | Sample 32/32
Fra:18 Mem:36.70M (Peak 52.52M) | Time:00:08.98 | Mem:18.89M, Peak:18.89M | Scene, ViewLayer | Finished
Saved: '/home/runner/work/chaosim/chaosim/outputs/renders/paper_to_cloth_frames/frame_0018.png'
Time: 00:09.04 (Saving: 00:00.05)

Fra:19 Mem:11.45M (Peak 52.52M) | Time:00:00.00 | Mem:0.00M, Peak:0.00M | Scene, ViewLayer | Synchronizing object | ClothKey
Fra:19 Mem:11.45M (Peak 52.52M) | Time:00:00.00 | Mem:0.00M, Peak:0.00M | Scene, ViewLayer | Synchronizing object | Rod
Fra:19 Mem:11.45M (Peak 52.52M) | Time:00:00.00 | Mem:0.00M, Peak:0.00M | Scene, ViewLayer | Synchronizing object | FacesLabel
Fra:19 Mem:11.48M (Peak 52.52M) | Time:00:00.00 | Mem:0.00M, Peak:0.00M | Scene, ViewLayer | Synchronizing object | Sheet
Fra:19 Mem:11.48M (Peak 52.52M) | Time:00:00.00 | Mem:0.00M, Peak:0.00M | Scene, ViewLayer | Synchronizing object | GlassSphere
Fra:19 Mem:11.86M (Peak 52.52M) | Time:00:00.00 | Mem:0.00M, Peak:0.00M | Scene, ViewLayer | Initializing
Fra:19 Mem:10.20M (Peak 52.52M) | Time:00:00.00 | Mem:0.00M, Peak:0.00M | Scene, ViewLayer | Waiting for render to start
Fra:19 Mem:10.20M (Peak 52.52M) | Time:00:00.00 | Mem:0.00M, Peak:0.00M | Scene, ViewLayer | Updating Scene
Fra:19 Mem:10.20M (Peak 52.52M) | Time:00:00.00 | Mem:0.00M, Peak:0.00M | Scene, ViewLayer | Updating Shaders
Fra:19 Mem:10.20M (Peak 52.52M) | Time:00:00.00 | Mem:0.00M, Peak:0.00M | Scene, ViewLayer | Loading render kernels (may take a few minutes the first time)
Fra:19 Mem:10.28M (Peak 52.52M) | Time:00:00.00 | Mem:0.00M, Peak:0.00M | Scene, ViewLayer | Updating Procedurals
Fra:19 Mem:10.28M (Peak 52.52M) | Time:00:00.00 | Mem:0.00M, Peak:0.00M | Scene, ViewLayer | Updating Background
Fra:19 Mem:10.28M (Peak 52.52M) | Time:00:00.00 | Mem:0.00M, Peak:0.00M | Scene, ViewLayer | Updating Camera
Fra:19 Mem:10.28M (Peak 52.52M) | Time:00:00.00 | Mem:0.00M, Peak:0.00M | Scene, ViewLayer | Updating Meshes Flags
Fra:19 Mem:10.28M (Peak 52.52M) | Time:00:00.00 | Mem:0.00M, Peak:0.00M | Scene, ViewLayer | Updating Objects
Fra:19 Mem:10.28M (Peak 52.52M) | Time:00:00.00 | Mem:0.00M, Peak:0.00M | Scene, ViewLayer | Updating Objects | Copying Transformations to device
Fra:19 Mem:10.28M (Peak 52.52M) | Time:00:00.00 | Mem:0.01M, Peak:0.01M | Scene, ViewLayer | Updating Particle Systems
Fra:19 Mem:10.28M (Peak 52.52M) | Time:00:00.00 | Mem:0.01M, Peak:0.01M | Scene, ViewLayer | Updating Particle Systems | Copying Particles to device
Fra:19 Mem:10.28M (Peak 52.52M) | Time:00:00.00 | Mem:0.01M, Peak:0.01M | Scene, ViewLayer | Updating Meshes
Fra:19 Mem:10.28M (Peak 52.52M) | Time:00:00.00 | Mem:0.01M, Peak:0.01M | Scene, ViewLayer | Updating Objects | Applying Static Transformations
Fra:19 Mem:10.28M (Peak 52.52M) | Time:00:00.00 | Mem:0.01M, Peak:0.01M | Scene, ViewLayer | Updating Mesh | Computing attributes
Fra:19 Mem:10.33M (Peak 52.52M) | Time:00:00.00 | Mem:0.01M, Peak:0.01M | Scene, ViewLayer | Updating Mesh | Copying Attributes to device
Fra:19 Mem:10.33M (Peak 52.52M) | Time:00:00.00 | Mem:0.05M, Peak:0.05M | Scene, ViewLayer | Updating Scene BVH | Building
Fra:19 Mem:10.33M (Peak 52.52M) | Time:00:00.00 | Mem:0.05M, Peak:0.05M | Scene, ViewLayer | Updating Scene BVH | Building BVH
Fra:19 Mem:10.33M (Peak 52.52M) | Time:00:00.00 | Mem:0.20M, Peak:0.20M | Scene, ViewLayer | Updating Scene BVH | Building BVH 0%
Fra:19 Mem:10.33M (Peak 52.52M) | Time:00:00.00 | Mem:0.37M, Peak:0.52M | Scene, ViewLayer | Updating Scene BVH | Copying BVH to device
Fra:19 Mem:10.33M (Peak 52.52M) | Time:00:00.00 | Mem:0.37M, Peak:0.52M | Scene, ViewLayer | Updating Mesh | Computing normals
Fra:19 Mem:10.49M (Peak 52.52M) | Time:00:00.00 | Mem:0.37M, Peak:0.52M | Scene, ViewLayer | Updating Mesh | Copying Mesh to device
Fra:19 Mem:10.49M (Peak 52.52M) | Time:00:00.00 | Mem:0.54M, Peak:0.54M | Scene, ViewLayer | Updating Objects Flags
Fra:19 Mem:10.49M (Peak 52.52M) | Time:00:00.00 | Mem:0.54M, Peak:0.54M | Scene, ViewLayer | Updating Primitive Offsets
Fra:19 Mem:10.49M (Peak 52.52M) | Time:00:00.00 | Mem:0.54M, Peak:0.54M | Scene, ViewLayer | Updating Images
Fra:19 Mem:10.49M (Peak 52.52M) | Time:00:00.00 | Mem:0.54M, Peak:0.54M | Scene, ViewLayer | Updating Camera Volume
Fra:19 Mem:10.49M (Peak 52.52M) | Time:00:00.00 | Mem:0.54M, Peak:0.54M | Scene, ViewLayer | Updating Lookup Tables
Fra:19 Mem:10.49M (Peak 52.52M) | Time:00:00.00 | Mem:0.62M, Peak:0.62M | Scene, ViewLayer | Updating Lights
Fra:19 Mem:10.49M (Peak 52.52M) | Time:00:00.00 | Mem:0.62M, Peak:0.62M | Scene, ViewLayer | Updating Lights | Computing tree
Fra:19 Mem:10.94M (Peak 52.52M) | Time:00:00.02 | Mem:1.07M, Peak:1.07M | Scene, ViewLayer | Updating Integrator
Fra:19 Mem:10.94M (Peak 52.52M) | Time:00:00.02 | Mem:1.07M, Peak:1.07M | Scene, ViewLayer | Updating Film
Fra:19 Mem:10.95M (Peak 52.52M) | Time:00:00.02 | Mem:0.99M, Peak:1.07M | Scene, ViewLayer | Updating Lookup Tables
Fra:19 Mem:10.95M (Peak 52.52M) | Time:00:00.02 | Mem:1.07M, Peak:1.07M | Scene, ViewLayer | Updating Baking
Fra:19 Mem:10.95M (Peak 52.52M) | Time:00:00.02 | Mem:1.07M, Peak:1.07M | Scene, ViewLayer | Updating Device | Writing constant memory
Fra:19 Mem:10.95M (Peak 52.52M) | Time:00:00.02 | Mem:1.07M, Peak:1.07M | Scene, ViewLayer | Sample 0/32
Fra:19 Mem:28.79M (Peak 52.52M) | Time:00:00.27 | Remaining:00:07.87 | Mem:18.87M, Peak:18.87M | Scene, ViewLayer | Sample 1/32
Fra:19 Mem:36.70M (Peak 52.52M) | Time:00:08.22 | Mem:18.87M, Peak:18.87M | Scene, ViewLayer | Sample 32/32
Fra:19 Mem:36.70M (Peak 52.52M) | Time:00:08.22 | Mem:18.87M, Peak:18.87M | Scene, ViewLayer | Finished
Saved: '/home/runner/work/chaosim/chaosim/outputs/renders/paper_to_cloth_frames/frame_0019.png'
Time: 00:08.27 (Saving: 00:00.05)

Fra:20 Mem:11.45M (Peak 52.52M) | Time:00:00.00 | Mem:0.00M, Peak:0.00M | Scene, ViewLayer | Synchronizing object | ClothKey
Fra:20 Mem:11.45M (Peak 52.52M) | Time:00:00.00 | Mem:0.00M, Peak:0.00M | Scene, ViewLayer | Synchronizing object | Rod
Fra:20 Mem:11.45M (Peak 52.52M) | Time:00:00.00 | Mem:0.00M, Peak:0.00M | Scene, ViewLayer | Synchronizing object | FacesLabel
Fra:20 Mem:11.45M (Peak 52.52M) | Time:00:00.00 | Mem:0.00M, Peak:0.00M | Scene, ViewLayer | Synchronizing object | GlassSphere
Fra:20 Mem:11.86M (Peak 52.52M) | Time:00:00.00 | Mem:0.00M, Peak:0.00M | Scene, ViewLayer | Initializing
Fra:20 Mem:10.20M (Peak 52.52M) | Time:00:00.00 | Mem:0.00M, Peak:0.00M | Scene, ViewLayer | Waiting for render to start
Fra:20 Mem:10.20M (Peak 52.52M) | Time:00:00.00 | Mem:0.00M, Peak:0.00M | Scene, ViewLayer | Updating Scene
Fra:20 Mem:10.20M (Peak 52.52M) | Time:00:00.00 | Mem:0.00M, Peak:0.00M | Scene, ViewLayer | Updating Shaders
Fra:20 Mem:10.20M (Peak 52.52M) | Time:00:00.00 | Mem:0.00M, Peak:0.00M | Scene, ViewLayer | Loading render kernels (may take a few minutes the first time)
Fra:20 Mem:10.28M (Peak 52.52M) | Time:00:00.00 | Mem:0.00M, Peak:0.00M | Scene, ViewLayer | Updating Procedurals
Fra:20 Mem:10.28M (Peak 52.52M) | Time:00:00.00 | Mem:0.00M, Peak:0.00M | Scene, ViewLayer | Updating Background
Fra:20 Mem:10.28M (Peak 52.52M) | Time:00:00.00 | Mem:0.00M, Peak:0.00M | Scene, ViewLayer | Updating Camera
Fra:20 Mem:10.28M (Peak 52.52M) | Time:00:00.00 | Mem:0.00M, Peak:0.00M | Scene, ViewLayer | Updating Meshes Flags
Fra:20 Mem:10.28M (Peak 52.52M) | Time:00:00.00 | Mem:0.00M, Peak:0.00M | Scene, ViewLayer | Updating Objects
Fra:20 Mem:10.28M (Peak 52.52M) | Time:00:00.00 | Mem:0.00M, Peak:0.00M | Scene, ViewLayer | Updating Objects | Copying Transformations to device
Fra:20 Mem:10.28M (Peak 52.52M) | Time:00:00.00 | Mem:0.01M, Peak:0.01M | Scene, ViewLayer | Updating Particle Systems
Fra:20 Mem:10.28M (Peak 52.52M) | Time:00:00.00 | Mem:0.01M, Peak:0.01M | Scene, ViewLayer | Updating Particle Systems | Copying Particles to device
Fra:20 Mem:10.28M (Peak 52.52M) | Time:00:00.00 | Mem:0.01M, Peak:0.01M | Scene, ViewLayer | Updating Meshes
Fra:20 Mem:10.28M (Peak 52.52M) | Time:00:00.00 | Mem:0.01M, Peak:0.01M | Scene, ViewLayer | Updating Objects | Applying Static Transformations
Fra:20 Mem:10.28M (Peak 52.52M) | Time:00:00.00 | Mem:0.01M, Peak:0.01M | Scene, ViewLayer | Updating Mesh | Computing attributes
Fra:20 Mem:10.33M (Peak 52.52M) | Time:00:00.00 | Mem:0.01M, Peak:0.01M | Scene, ViewLayer | Updating Mesh | Copying Attributes to device
Fra:20 Mem:10.33M (Peak 52.52M) | Time:00:00.00 | Mem:0.05M, Peak:0.05M | Scene, ViewLayer | Updating Scene BVH | Building
Fra:20 Mem:10.33M (Peak 52.52M) | Time:00:00.00 | Mem:0.05M, Peak:0.05M | Scene, ViewLayer | Updating Scene BVH | Building BVH
Fra:20 Mem:10.33M (Peak 52.52M) | Time:00:00.00 | Mem:0.20M, Peak:0.20M | Scene, ViewLayer | Updating Scene BVH | Building BVH 0%
Fra:20 Mem:10.33M (Peak 52.52M) | Time:00:00.00 | Mem:0.39M, Peak:0.54M | Scene, ViewLayer | Updating Scene BVH | Copying BVH to device
Fra:20 Mem:10.33M (Peak 52.52M) | Time:00:00.00 | Mem:0.39M, Peak:0.54M | Scene, ViewLayer | Updating Mesh | Computing normals
Fra:20 Mem:10.49M (Peak 52.52M) | Time:00:00.00 | Mem:0.39M, Peak:0.54M | Scene, ViewLayer | Updating Mesh | Copying Mesh to device
Fra:20 Mem:10.49M (Peak 52.52M) | Time:00:00.00 | Mem:0.55M, Peak:0.55M | Scene, ViewLayer | Updating Objects Flags
Fra:20 Mem:10.49M (Peak 52.52M) | Time:00:00.00 | Mem:0.55M, Peak:0.55M | Scene, ViewLayer | Updating Primitive Offsets
Fra:20 Mem:10.49M (Peak 52.52M) | Time:00:00.00 | Mem:0.55M, Peak:0.55M | Scene, ViewLayer | Updating Images
Fra:20 Mem:10.49M (Peak 52.52M) | Time:00:00.00 | Mem:0.55M, Peak:0.55M | Scene, ViewLayer | Updating Camera Volume
Fra:20 Mem:10.49M (Peak 52.52M) | Time:00:00.00 | Mem:0.55M, Peak:0.55M | Scene, ViewLayer | Updating Lookup Tables
Fra:20 Mem:10.49M (Peak 52.52M) | Time:00:00.00 | Mem:0.63M, Peak:0.63M | Scene, ViewLayer | Updating Lights
Fra:20 Mem:10.49M (Peak 52.52M) | Time:00:00.00 | Mem:0.63M, Peak:0.63M | Scene, ViewLayer | Updating Lights | Computing tree
Fra:20 Mem:10.94M (Peak 52.52M) | Time:00:00.01 | Mem:1.09M, Peak:1.09M | Scene, ViewLayer | Updating Integrator
Fra:20 Mem:10.94M (Peak 52.52M) | Time:00:00.01 | Mem:1.09M, Peak:1.09M | Scene, ViewLayer | Updating Film
Fra:20 Mem:10.95M (Peak 52.52M) | Time:00:00.01 | Mem:1.00M, Peak:1.09M | Scene, ViewLayer | Updating Lookup Tables
Fra:20 Mem:10.95M (Peak 52.52M) | Time:00:00.01 | Mem:1.09M, Peak:1.09M | Scene, ViewLayer | Updating Baking
Fra:20 Mem:10.95M (Peak 52.52M) | Time:00:00.01 | Mem:1.09M, Peak:1.09M | Scene, ViewLayer | Updating Device | Writing constant memory
Fra:20 Mem:10.95M (Peak 52.52M) | Time:00:00.01 | Mem:1.09M, Peak:1.09M | Scene, ViewLayer | Sample 0/32
Fra:20 Mem:28.79M (Peak 52.52M) | Time:00:00.25 | Remaining:00:07.19 | Mem:18.89M, Peak:18.89M | Scene, ViewLayer | Sample 1/32
Fra:20 Mem:36.70M (Peak 52.52M) | Time:00:07.54 | Mem:18.89M, Peak:18.89M | Scene, ViewLayer | Sample 32/32
Fra:20 Mem:36.70M (Peak 52.52M) | Time:00:07.54 | Mem:18.89M, Peak:18.89M | Scene, ViewLayer | Finished
Saved: '/home/runner/work/chaosim/chaosim/outputs/renders/paper_to_cloth_frames/frame_0020.png'
Time: 00:07.59 (Saving: 00:00.05)

Fra:21 Mem:11.45M (Peak 52.52M) | Time:00:00.00 | Mem:0.00M, Peak:0.00M | Scene, ViewLayer | Synchronizing object | ClothKey
Fra:21 Mem:11.45M (Peak 52.52M) | Time:00:00.00 | Mem:0.00M, Peak:0.00M | Scene, ViewLayer | Synchronizing object | ClothRim
Fra:21 Mem:11.45M (Peak 52.52M) | Time:00:00.00 | Mem:0.00M, Peak:0.00M | Scene, ViewLayer | Synchronizing object | FacesLabel
Fra:21 Mem:11.45M (Peak 52.52M) | Time:00:00.00 | Mem:0.00M, Peak:0.00M | Scene, ViewLayer | Synchronizing object | Sheet
Fra:21 Mem:11.60M (Peak 52.52M) | Time:00:00.00 | Mem:0.00M, Peak:0.00M | Scene, ViewLayer | Synchronizing object | GlassSphere
Fra:21 Mem:11.86M (Peak 52.52M) | Time:00:00.00 | Mem:0.00M, Peak:0.00M | Scene, ViewLayer | Initializing
Fra:21 Mem:10.20M (Peak 52.52M) | Time:00:00.00 | Mem:0.00M, Peak:0.00M | Scene, ViewLayer | Waiting for render to start
Fra:21 Mem:10.20M (Peak 52.52M) | Time:00:00.00 | Mem:0.00M, Peak:0.00M | Scene, ViewLayer | Updating Scene
Fra:21 Mem:10.20M (Peak 52.52M) | Time:00:00.00 | Mem:0.00M, Peak:0.00M | Scene, ViewLayer | Updating Shaders
Fra:21 Mem:10.20M (Peak 52.52M) | Time:00:00.00 | Mem:0.00M, Peak:0.00M | Scene, ViewLayer | Loading render kernels (may take a few minutes the first time)
Fra:21 Mem:10.28M (Peak 52.52M) | Time:00:00.00 | Mem:0.00M, Peak:0.00M | Scene, ViewLayer | Updating Procedurals
Fra:21 Mem:10.28M (Peak 52.52M) | Time:00:00.00 | Mem:0.00M, Peak:0.00M | Scene, ViewLayer | Updating Background
Fra:21 Mem:10.28M (Peak 52.52M) | Time:00:00.00 | Mem:0.00M, Peak:0.00M | Scene, ViewLayer | Updating Camera
Fra:21 Mem:10.28M (Peak 52.52M) | Time:00:00.00 | Mem:0.00M, Peak:0.00M | Scene, ViewLayer | Updating Meshes Flags
Fra:21 Mem:10.28M (Peak 52.52M) | Time:00:00.00 | Mem:0.00M, Peak:0.00M | Scene, ViewLayer | Updating Objects
Fra:21 Mem:10.28M (Peak 52.52M) | Time:00:00.00 | Mem:0.00M, Peak:0.00M | Scene, ViewLayer | Updating Objects | Copying Transformations to device
Fra:21 Mem:10.28M (Peak 52.52M) | Time:00:00.00 | Mem:0.01M, Peak:0.01M | Scene, ViewLayer | Updating Particle Systems
Fra:21 Mem:10.28M (Peak 52.52M) | Time:00:00.00 | Mem:0.01M, Peak:0.01M | Scene, ViewLayer | Updating Particle Systems | Copying Particles to device
Fra:21 Mem:10.28M (Peak 52.52M) | Time:00:00.00 | Mem:0.01M, Peak:0.01M | Scene, ViewLayer | Updating Meshes
Fra:21 Mem:10.28M (Peak 52.52M) | Time:00:00.00 | Mem:0.01M, Peak:0.01M | Scene, ViewLayer | Updating Objects | Applying Static Transformations
Fra:21 Mem:10.28M (Peak 52.52M) | Time:00:00.00 | Mem:0.01M, Peak:0.01M | Scene, ViewLayer | Updating Mesh | Computing attributes
Fra:21 Mem:10.33M (Peak 52.52M) | Time:00:00.00 | Mem:0.01M, Peak:0.01M | Scene, ViewLayer | Updating Mesh | Copying Attributes to device
Fra:21 Mem:10.33M (Peak 52.52M) | Time:00:00.00 | Mem:0.05M, Peak:0.05M | Scene, ViewLayer | Updating Scene BVH | Building
Fra:21 Mem:10.33M (Peak 52.52M) | Time:00:00.00 | Mem:0.05M, Peak:0.05M | Scene, ViewLayer | Updating Scene BVH | Building BVH
Fra:21 Mem:10.33M (Peak 52.52M) | Time:00:00.00 | Mem:0.20M, Peak:0.20M | Scene, ViewLayer | Updating Scene BVH | Building BVH 0%
Fra:21 Mem:10.33M (Peak 52.52M) | Time:00:00.00 | Mem:0.39M, Peak:0.54M | Scene, ViewLayer | Updating Scene BVH | Copying BVH to device
Fra:21 Mem:10.33M (Peak 52.52M) | Time:00:00.00 | Mem:0.39M, Peak:0.54M | Scene, ViewLayer | Updating Mesh | Computing normals
Fra:21 Mem:10.49M (Peak 52.52M) | Time:00:00.00 | Mem:0.39M, Peak:0.54M | Scene, ViewLayer | Updating Mesh | Copying Mesh to device
Fra:21 Mem:10.49M (Peak 52.52M) | Time:00:00.00 | Mem:0.55M, Peak:0.55M | Scene, ViewLayer | Updating Objects Flags
Fra:21 Mem:10.49M (Peak 52.52M) | Time:00:00.00 | Mem:0.55M, Peak:0.55M | Scene, ViewLayer | Updating Primitive Offsets
Fra:21 Mem:10.49M (Peak 52.52M) | Time:00:00.00 | Mem:0.55M, Peak:0.55M | Scene, ViewLayer | Updating Images
Fra:21 Mem:10.49M (Peak 52.52M) | Time:00:00.00 | Mem:0.55M, Peak:0.55M | Scene, ViewLayer | Updating Camera Volume
Fra:21 Mem:10.49M (Peak 52.52M) | Time:00:00.00 | Mem:0.55M, Peak:0.55M | Scene, ViewLayer | Updating Lookup Tables
Fra:21 Mem:10.49M (Peak 52.52M) | Time:00:00.00 | Mem:0.63M, Peak:0.63M | Scene, ViewLayer | Updating Lights
Fra:21 Mem:10.49M (Peak 52.52M) | Time:00:00.00 | Mem:0.63M, Peak:0.63M | Scene, ViewLayer | Updating Lights | Computing tree
Fra:21 Mem:10.94M (Peak 52.52M) | Time:00:00.01 | Mem:1.09M, Peak:1.09M | Scene, ViewLayer | Updating Integrator
Fra:21 Mem:10.94M (Peak 52.52M) | Time:00:00.01 | Mem:1.09M, Peak:1.09M | Scene, ViewLayer | Updating Film
Fra:21 Mem:10.95M (Peak 52.52M) | Time:00:00.01 | Mem:1.00M, Peak:1.09M | Scene, ViewLayer | Updating Lookup Tables
Fra:21 Mem:10.95M (Peak 52.52M) | Time:00:00.01 | Mem:1.09M, Peak:1.09M | Scene, ViewLayer | Updating Baking
Fra:21 Mem:10.95M (Peak 52.52M) | Time:00:00.01 | Mem:1.09M, Peak:1.09M | Scene, ViewLayer | Updating Device | Writing constant memory
Fra:21 Mem:10.95M (Peak 52.52M) | Time:00:00.01 | Mem:1.09M, Peak:1.09M | Scene, ViewLayer | Sample 0/32
Fra:21 Mem:28.79M (Peak 52.52M) | Time:00:00.23 | Remaining:00:06.53 | Mem:18.89M, Peak:18.89M | Scene, ViewLayer | Sample 1/32
Fra:21 Mem:36.70M (Peak 52.52M) | Time:00:06.86 | Mem:18.89M, Peak:18.89M | Scene, ViewLayer | Sample 32/32
Fra:21 Mem:36.70M (Peak 52.52M) | Time:00:06.86 | Mem:18.89M, Peak:18.89M | Scene, ViewLayer | Finished
Saved: '/home/runner/work/chaosim/chaosim/outputs/renders/paper_to_cloth_frames/frame_0021.png'
Time: 00:06.92 (Saving: 00:00.05)

Fra:22 Mem:11.45M (Peak 52.52M) | Time:00:00.00 | Mem:0.00M, Peak:0.00M | Scene, ViewLayer | Synchronizing object | ClothKey
Fra:22 Mem:11.45M (Peak 52.52M) | Time:00:00.00 | Mem:0.00M, Peak:0.00M | Scene, ViewLayer | Synchronizing object | ClothRim
Fra:22 Mem:11.45M (Peak 52.52M) | Time:00:00.00 | Mem:0.00M, Peak:0.00M | Scene, ViewLayer | Synchronizing object | FacesLabel
Fra:22 Mem:11.45M (Peak 52.52M) | Time:00:00.00 | Mem:0.00M, Peak:0.00M | Scene, ViewLayer | Synchronizing object | Sheet
Fra:22 Mem:11.56M (Peak 52.52M) | Time:00:00.00 | Mem:0.00M, Peak:0.00M | Scene, ViewLayer | Synchronizing object | GlassSphere
Fra:22 Mem:11.86M (Peak 52.52M) | Time:00:00.00 | Mem:0.00M, Peak:0.00M | Scene, ViewLayer | Initializing
Fra:22 Mem:10.20M (Peak 52.52M) | Time:00:00.00 | Mem:0.00M, Peak:0.00M | Scene, ViewLayer | Waiting for render to start
Fra:22 Mem:10.20M (Peak 52.52M) | Time:00:00.00 | Mem:0.00M, Peak:0.00M | Scene, ViewLayer | Updating Scene
Fra:22 Mem:10.20M (Peak 52.52M) | Time:00:00.00 | Mem:0.00M, Peak:0.00M | Scene, ViewLayer | Updating Shaders
Fra:22 Mem:10.20M (Peak 52.52M) | Time:00:00.00 | Mem:0.00M, Peak:0.00M | Scene, ViewLayer | Loading render kernels (may take a few minutes the first time)
Fra:22 Mem:10.28M (Peak 52.52M) | Time:00:00.00 | Mem:0.00M, Peak:0.00M | Scene, ViewLayer | Updating Procedurals
Fra:22 Mem:10.28M (Peak 52.52M) | Time:00:00.00 | Mem:0.00M, Peak:0.00M | Scene, ViewLayer | Updating Background
Fra:22 Mem:10.28M (Peak 52.52M) | Time:00:00.00 | Mem:0.00M, Peak:0.00M | Scene, ViewLayer | Updating Camera
Fra:22 Mem:10.28M (Peak 52.52M) | Time:00:00.00 | Mem:0.00M, Peak:0.00M | Scene, ViewLayer | Updating Meshes Flags
Fra:22 Mem:10.28M (Peak 52.52M) | Time:00:00.00 | Mem:0.00M, Peak:0.00M | Scene, ViewLayer | Updating Objects
Fra:22 Mem:10.28M (Peak 52.52M) | Time:00:00.00 | Mem:0.00M, Peak:0.00M | Scene, ViewLayer | Updating Objects | Copying Transformations to device
Fra:22 Mem:10.28M (Peak 52.52M) | Time:00:00.00 | Mem:0.01M, Peak:0.01M | Scene, ViewLayer | Updating Particle Systems
Fra:22 Mem:10.28M (Peak 52.52M) | Time:00:00.00 | Mem:0.01M, Peak:0.01M | Scene, ViewLayer | Updating Particle Systems | Copying Particles to device
Fra:22 Mem:10.28M (Peak 52.52M) | Time:00:00.00 | Mem:0.01M, Peak:0.01M | Scene, ViewLayer | Updating Meshes
Fra:22 Mem:10.28M (Peak 52.52M) | Time:00:00.00 | Mem:0.01M, Peak:0.01M | Scene, ViewLayer | Updating Objects | Applying Static Transformations
Fra:22 Mem:10.28M (Peak 52.52M) | Time:00:00.00 | Mem:0.01M, Peak:0.01M | Scene, ViewLayer | Updating Mesh | Computing attributes
Fra:22 Mem:10.33M (Peak 52.52M) | Time:00:00.00 | Mem:0.01M, Peak:0.01M | Scene, ViewLayer | Updating Mesh | Copying Attributes to device
Fra:22 Mem:10.33M (Peak 52.52M) | Time:00:00.00 | Mem:0.05M, Peak:0.05M | Scene, ViewLayer | Updating Scene BVH | Building
Fra:22 Mem:10.33M (Peak 52.52M) | Time:00:00.00 | Mem:0.05M, Peak:0.05M | Scene, ViewLayer | Updating Scene BVH | Building BVH
Fra:22 Mem:10.33M (Peak 52.52M) | Time:00:00.00 | Mem:0.20M, Peak:0.20M | Scene, ViewLayer | Updating Scene BVH | Building BVH 0%
Fra:22 Mem:10.33M (Peak 52.52M) | Time:00:00.00 | Mem:0.39M, Peak:0.54M | Scene, ViewLayer | Updating Scene BVH | Copying BVH to device
Fra:22 Mem:10.33M (Peak 52.52M) | Time:00:00.00 | Mem:0.39M, Peak:0.54M | Scene, ViewLayer | Updating Mesh | Computing normals
Fra:22 Mem:10.49M (Peak 52.52M) | Time:00:00.00 | Mem:0.39M, Peak:0.54M | Scene, ViewLayer | Updating Mesh | Copying Mesh to device
Fra:22 Mem:10.49M (Peak 52.52M) | Time:00:00.00 | Mem:0.55M, Peak:0.55M | Scene, ViewLayer | Updating Objects Flags
Fra:22 Mem:10.49M (Peak 52.52M) | Time:00:00.00 | Mem:0.55M, Peak:0.55M | Scene, ViewLayer | Updating Primitive Offsets
Fra:22 Mem:10.49M (Peak 52.52M) | Time:00:00.00 | Mem:0.55M, Peak:0.55M | Scene, ViewLayer | Updating Images
Fra:22 Mem:10.49M (Peak 52.52M) | Time:00:00.00 | Mem:0.55M, Peak:0.55M | Scene, ViewLayer | Updating Camera Volume
Fra:22 Mem:10.49M (Peak 52.52M) | Time:00:00.00 | Mem:0.55M, Peak:0.55M | Scene, ViewLayer | Updating Lookup Tables
Fra:22 Mem:10.49M (Peak 52.52M) | Time:00:00.00 | Mem:0.63M, Peak:0.63M | Scene, ViewLayer | Updating Lights
Fra:22 Mem:10.49M (Peak 52.52M) | Time:00:00.00 | Mem:0.63M, Peak:0.63M | Scene, ViewLayer | Updating Lights | Computing tree
Fra:22 Mem:10.94M (Peak 52.52M) | Time:00:00.02 | Mem:1.09M, Peak:1.09M | Scene, ViewLayer | Updating Integrator
Fra:22 Mem:10.94M (Peak 52.52M) | Time:00:00.02 | Mem:1.09M, Peak:1.09M | Scene, ViewLayer | Updating Film
Fra:22 Mem:10.95M (Peak 52.52M) | Time:00:00.02 | Mem:1.00M, Peak:1.09M | Scene, ViewLayer | Updating Lookup Tables
Fra:22 Mem:10.95M (Peak 52.52M) | Time:00:00.02 | Mem:1.09M, Peak:1.09M | Scene, ViewLayer | Updating Baking
Fra:22 Mem:10.95M (Peak 52.52M) | Time:00:00.02 | Mem:1.09M, Peak:1.09M | Scene, ViewLayer | Updating Device | Writing constant memory
Fra:22 Mem:10.95M (Peak 52.52M) | Time:00:00.02 | Mem:1.09M, Peak:1.09M | Scene, ViewLayer | Sample 0/32
Fra:22 Mem:28.79M (Peak 52.52M) | Time:00:00.21 | Remaining:00:06.11 | Mem:18.89M, Peak:18.89M | Scene, ViewLayer | Sample 1/32
Fra:22 Mem:36.70M (Peak 52.52M) | Time:00:06.40 | Mem:18.89M, Peak:18.89M | Scene, ViewLayer | Sample 32/32
Fra:22 Mem:36.70M (Peak 52.52M) | Time:00:06.40 | Mem:18.89M, Peak:18.89M | Scene, ViewLayer | Finished
Saved: '/home/runner/work/chaosim/chaosim/outputs/renders/paper_to_cloth_frames/frame_0022.png'
Time: 00:06.45 (Saving: 00:00.05)

Fra:23 Mem:11.45M (Peak 52.52M) | Time:00:00.00 | Mem:0.00M, Peak:0.00M | Scene, ViewLayer | Synchronizing object | ClothKey
Fra:23 Mem:11.45M (Peak 52.52M) | Time:00:00.00 | Mem:0.00M, Peak:0.00M | Scene, ViewLayer | Synchronizing object | ClothFill
Fra:23 Mem:11.45M (Peak 52.52M) | Time:00:00.00 | Mem:0.00M, Peak:0.00M | Scene, ViewLayer | Synchronizing object | ClothRim
Fra:23 Mem:11.45M (Peak 52.52M) | Time:00:00.00 | Mem:0.00M, Peak:0.00M | Scene, ViewLayer | Synchronizing object | FacesLabel
Fra:23 Mem:11.45M (Peak 52.52M) | Time:00:00.00 | Mem:0.00M, Peak:0.00M | Scene, ViewLayer | Synchronizing object | Sheet
Fra:23 Mem:11.61M (Peak 52.52M) | Time:00:00.00 | Mem:0.00M, Peak:0.00M | Scene, ViewLayer | Synchronizing object | GlassSphere
Fra:23 Mem:11.86M (Peak 52.52M) | Time:00:00.00 | Mem:0.00M, Peak:0.00M | Scene, ViewLayer | Initializing
Fra:23 Mem:10.20M (Peak 52.52M) | Time:00:00.00 | Mem:0.00M, Peak:0.00M | Scene, ViewLayer | Waiting for render to start
Fra:23 Mem:10.20M (Peak 52.52M) | Time:00:00.00 | Mem:0.00M, Peak:0.00M | Scene, ViewLayer | Updating Scene
Fra:23 Mem:10.20M (Peak 52.52M) | Time:00:00.00 | Mem:0.00M, Peak:0.00M | Scene, ViewLayer | Updating Shaders
Fra:23 Mem:10.20M (Peak 52.52M) | Time:00:00.00 | Mem:0.00M, Peak:0.00M | Scene, ViewLayer | Loading render kernels (may take a few minutes the first time)
Fra:23 Mem:10.28M (Peak 52.52M) | Time:00:00.00 | Mem:0.00M, Peak:0.00M | Scene, ViewLayer | Updating Procedurals
Fra:23 Mem:10.28M (Peak 52.52M) | Time:00:00.00 | Mem:0.00M, Peak:0.00M | Scene, ViewLayer | Updating Background
Fra:23 Mem:10.28M (Peak 52.52M) | Time:00:00.00 | Mem:0.00M, Peak:0.00M | Scene, ViewLayer | Updating Camera
Fra:23 Mem:10.28M (Peak 52.52M) | Time:00:00.00 | Mem:0.00M, Peak:0.00M | Scene, ViewLayer | Updating Meshes Flags
Fra:23 Mem:10.28M (Peak 52.52M) | Time:00:00.00 | Mem:0.00M, Peak:0.00M | Scene, ViewLayer | Updating Objects
Fra:23 Mem:10.28M (Peak 52.52M) | Time:00:00.00 | Mem:0.00M, Peak:0.00M | Scene, ViewLayer | Updating Objects | Copying Transformations to device
Fra:23 Mem:10.28M (Peak 52.52M) | Time:00:00.00 | Mem:0.01M, Peak:0.01M | Scene, ViewLayer | Updating Particle Systems
Fra:23 Mem:10.28M (Peak 52.52M) | Time:00:00.00 | Mem:0.01M, Peak:0.01M | Scene, ViewLayer | Updating Particle Systems | Copying Particles to device
Fra:23 Mem:10.28M (Peak 52.52M) | Time:00:00.00 | Mem:0.01M, Peak:0.01M | Scene, ViewLayer | Updating Meshes
Fra:23 Mem:10.28M (Peak 52.52M) | Time:00:00.00 | Mem:0.01M, Peak:0.01M | Scene, ViewLayer | Updating Objects | Applying Static Transformations
Fra:23 Mem:10.28M (Peak 52.52M) | Time:00:00.00 | Mem:0.01M, Peak:0.01M | Scene, ViewLayer | Updating Mesh | Computing attributes
Fra:23 Mem:10.33M (Peak 52.52M) | Time:00:00.00 | Mem:0.01M, Peak:0.01M | Scene, ViewLayer | Updating Mesh | Copying Attributes to device
Fra:23 Mem:10.33M (Peak 52.52M) | Time:00:00.00 | Mem:0.05M, Peak:0.05M | Scene, ViewLayer | Updating Scene BVH | Building
Fra:23 Mem:10.33M (Peak 52.52M) | Time:00:00.00 | Mem:0.05M, Peak:0.05M | Scene, ViewLayer | Updating Scene BVH | Building BVH
Fra:23 Mem:10.33M (Peak 52.52M) | Time:00:00.00 | Mem:0.20M, Peak:0.20M | Scene, ViewLayer | Updating Scene BVH | Building BVH 0%
Fra:23 Mem:10.33M (Peak 52.52M) | Time:00:00.00 | Mem:0.39M, Peak:0.54M | Scene, ViewLayer | Updating Scene BVH | Copying BVH to device
Fra:23 Mem:10.33M (Peak 52.52M) | Time:00:00.00 | Mem:0.39M, Peak:0.54M | Scene, ViewLayer | Updating Mesh | Computing normals
Fra:23 Mem:10.49M (Peak 52.52M) | Time:00:00.00 | Mem:0.39M, Peak:0.54M | Scene, ViewLayer | Updating Mesh | Copying Mesh to device
Fra:23 Mem:10.49M (Peak 52.52M) | Time:00:00.00 | Mem:0.55M, Peak:0.55M | Scene, ViewLayer | Updating Objects Flags
Fra:23 Mem:10.49M (Peak 52.52M) | Time:00:00.00 | Mem:0.55M, Peak:0.55M | Scene, ViewLayer | Updating Primitive Offsets
Fra:23 Mem:10.49M (Peak 52.52M) | Time:00:00.00 | Mem:0.55M, Peak:0.55M | Scene, ViewLayer | Updating Images
Fra:23 Mem:10.49M (Peak 52.52M) | Time:00:00.00 | Mem:0.55M, Peak:0.55M | Scene, ViewLayer | Updating Camera Volume
Fra:23 Mem:10.49M (Peak 52.52M) | Time:00:00.00 | Mem:0.55M, Peak:0.55M | Scene, ViewLayer | Updating Lookup Tables
Fra:23 Mem:10.49M (Peak 52.52M) | Time:00:00.00 | Mem:0.63M, Peak:0.63M | Scene, ViewLayer | Updating Lights
Fra:23 Mem:10.49M (Peak 52.52M) | Time:00:00.00 | Mem:0.63M, Peak:0.63M | Scene, ViewLayer | Updating Lights | Computing tree
Fra:23 Mem:10.94M (Peak 52.52M) | Time:00:00.01 | Mem:1.09M, Peak:1.09M | Scene, ViewLayer | Updating Integrator
Fra:23 Mem:10.94M (Peak 52.52M) | Time:00:00.01 | Mem:1.09M, Peak:1.09M | Scene, ViewLayer | Updating Film
Fra:23 Mem:10.95M (Peak 52.52M) | Time:00:00.01 | Mem:1.00M, Peak:1.09M | Scene, ViewLayer | Updating Lookup Tables
Fra:23 Mem:10.95M (Peak 52.52M) | Time:00:00.01 | Mem:1.09M, Peak:1.09M | Scene, ViewLayer | Updating Baking
Fra:23 Mem:10.95M (Peak 52.52M) | Time:00:00.01 | Mem:1.09M, Peak:1.09M | Scene, ViewLayer | Updating Device | Writing constant memory
Fra:23 Mem:10.95M (Peak 52.52M) | Time:00:00.01 | Mem:1.09M, Peak:1.09M | Scene, ViewLayer | Sample 0/32
Fra:23 Mem:28.79M (Peak 52.52M) | Time:00:00.20 | Remaining:00:05.59 | Mem:18.89M, Peak:18.89M | Scene, ViewLayer | Sample 1/32
Fra:23 Mem:36.70M (Peak 52.52M) | Time:00:05.94 | Mem:18.89M, Peak:18.89M | Scene, ViewLayer | Sample 32/32
Fra:23 Mem:36.70M (Peak 52.52M) | Time:00:05.94 | Mem:18.89M, Peak:18.89M | Scene, ViewLayer | Finished
Saved: '/home/runner/work/chaosim/chaosim/outputs/renders/paper_to_cloth_frames/frame_0023.png'
Time: 00:06.00 (Saving: 00:00.05)

Fra:24 Mem:11.45M (Peak 52.52M) | Time:00:00.00 | Mem:0.00M, Peak:0.00M | Scene, ViewLayer | Synchronizing object | ClothKey
Fra:24 Mem:11.45M (Peak 52.52M) | Time:00:00.00 | Mem:0.00M, Peak:0.00M | Scene, ViewLayer | Synchronizing object | Rod
Fra:24 Mem:11.45M (Peak 52.52M) | Time:00:00.00 | Mem:0.00M, Peak:0.00M | Scene, ViewLayer | Synchronizing object | FacesLabel
Fra:24 Mem:11.45M (Peak 52.52M) | Time:00:00.00 | Mem:0.00M, Peak:0.00M | Scene, ViewLayer | Synchronizing object | Sheet
Fra:24 Mem:11.57M (Peak 52.52M) | Time:00:00.00 | Mem:0.00M, Peak:0.00M | Scene, ViewLayer | Synchronizing object | GlassSphere
Fra:24 Mem:11.86M (Peak 52.52M) | Time:00:00.00 | Mem:0.00M, Peak:0.00M | Scene, ViewLayer | Initializing
Fra:24 Mem:10.20M (Peak 52.52M) | Time:00:00.00 | Mem:0.00M, Peak:0.00M | Scene, ViewLayer | Waiting for render to start
Fra:24 Mem:10.20M (Peak 52.52M) | Time:00:00.00 | Mem:0.00M, Peak:0.00M | Scene, ViewLayer | Updating Scene
Fra:24 Mem:10.20M (Peak 52.52M) | Time:00:00.00 | Mem:0.00M, Peak:0.00M | Scene, ViewLayer | Updating Shaders
Fra:24 Mem:10.20M (Peak 52.52M) | Time:00:00.00 | Mem:0.00M, Peak:0.00M | Scene, ViewLayer | Loading render kernels (may take a few minutes the first time)
Fra:24 Mem:10.28M (Peak 52.52M) | Time:00:00.00 | Mem:0.00M, Peak:0.00M | Scene, ViewLayer | Updating Procedurals
Fra:24 Mem:10.28M (Peak 52.52M) | Time:00:00.00 | Mem:0.00M, Peak:0.00M | Scene, ViewLayer | Updating Background
Fra:24 Mem:10.28M (Peak 52.52M) | Time:00:00.00 | Mem:0.00M, Peak:0.00M | Scene, ViewLayer | Updating Camera
Fra:24 Mem:10.28M (Peak 52.52M) | Time:00:00.00 | Mem:0.00M, Peak:0.00M | Scene, ViewLayer | Updating Meshes Flags
Fra:24 Mem:10.28M (Peak 52.52M) | Time:00:00.00 | Mem:0.00M, Peak:0.00M | Scene, ViewLayer | Updating Objects
Fra:24 Mem:10.28M (Peak 52.52M) | Time:00:00.00 | Mem:0.00M, Peak:0.00M | Scene, ViewLayer | Updating Objects | Copying Transformations to device
Fra:24 Mem:10.28M (Peak 52.52M) | Time:00:00.00 | Mem:0.01M, Peak:0.01M | Scene, ViewLayer | Updating Particle Systems
Fra:24 Mem:10.28M (Peak 52.52M) | Time:00:00.00 | Mem:0.01M, Peak:0.01M | Scene, ViewLayer | Updating Particle Systems | Copying Particles to device
Fra:24 Mem:10.28M (Peak 52.52M) | Time:00:00.00 | Mem:0.01M, Peak:0.01M | Scene, ViewLayer | Updating Meshes
Fra:24 Mem:10.28M (Peak 52.52M) | Time:00:00.00 | Mem:0.01M, Peak:0.01M | Scene, ViewLayer | Updating Objects | Applying Static Transformations
Fra:24 Mem:10.28M (Peak 52.52M) | Time:00:00.00 | Mem:0.01M, Peak:0.01M | Scene, ViewLayer | Updating Mesh | Computing attributes
Fra:24 Mem:10.33M (Peak 52.52M) | Time:00:00.00 | Mem:0.01M, Peak:0.01M | Scene, ViewLayer | Updating Mesh | Copying Attributes to device
Fra:24 Mem:10.33M (Peak 52.52M) | Time:00:00.00 | Mem:0.05M, Peak:0.05M | Scene, ViewLayer | Updating Scene BVH | Building
Fra:24 Mem:10.33M (Peak 52.52M) | Time:00:00.00 | Mem:0.05M, Peak:0.05M | Scene, ViewLayer | Updating Scene BVH | Building BVH
Fra:24 Mem:10.33M (Peak 52.52M) | Time:00:00.00 | Mem:0.20M, Peak:0.20M | Scene, ViewLayer | Updating Scene BVH | Building BVH 0%
Fra:24 Mem:10.33M (Peak 52.52M) | Time:00:00.00 | Mem:0.39M, Peak:0.54M | Scene, ViewLayer | Updating Scene BVH | Copying BVH to device
Fra:24 Mem:10.33M (Peak 52.52M) | Time:00:00.00 | Mem:0.39M, Peak:0.54M | Scene, ViewLayer | Updating Mesh | Computing normals
Fra:24 Mem:10.49M (Peak 52.52M) | Time:00:00.00 | Mem:0.39M, Peak:0.54M | Scene, ViewLayer | Updating Mesh | Copying Mesh to device
Fra:24 Mem:10.49M (Peak 52.52M) | Time:00:00.00 | Mem:0.55M, Peak:0.55M | Scene, ViewLayer | Updating Objects Flags
Fra:24 Mem:10.49M (Peak 52.52M) | Time:00:00.00 | Mem:0.55M, Peak:0.55M | Scene, ViewLayer | Updating Primitive Offsets
Fra:24 Mem:10.49M (Peak 52.52M) | Time:00:00.00 | Mem:0.55M, Peak:0.55M | Scene, ViewLayer | Updating Images
Fra:24 Mem:10.49M (Peak 52.52M) | Time:00:00.00 | Mem:0.55M, Peak:0.55M | Scene, ViewLayer | Updating Camera Volume
Fra:24 Mem:10.49M (Peak 52.52M) | Time:00:00.00 | Mem:0.55M, Peak:0.55M | Scene, ViewLayer | Updating Lookup Tables
Fra:24 Mem:10.49M (Peak 52.52M) | Time:00:00.00 | Mem:0.63M, Peak:0.63M | Scene, ViewLayer | Updating Lights
Fra:24 Mem:10.49M (Peak 52.52M) | Time:00:00.00 | Mem:0.63M, Peak:0.63M | Scene, ViewLayer | Updating Lights | Computing tree
Fra:24 Mem:10.94M (Peak 52.52M) | Time:00:00.01 | Mem:1.09M, Peak:1.09M | Scene, ViewLayer | Updating Integrator
Fra:24 Mem:10.94M (Peak 52.52M) | Time:00:00.01 | Mem:1.09M, Peak:1.09M | Scene, ViewLayer | Updating Film
Fra:24 Mem:10.95M (Peak 52.52M) | Time:00:00.01 | Mem:1.00M, Peak:1.09M | Scene, ViewLayer | Updating Lookup Tables
Fra:24 Mem:10.95M (Peak 52.52M) | Time:00:00.01 | Mem:1.09M, Peak:1.09M | Scene, ViewLayer | Updating Baking
Fra:24 Mem:10.95M (Peak 52.52M) | Time:00:00.01 | Mem:1.09M, Peak:1.09M | Scene, ViewLayer | Updating Device | Writing constant memory
Fra:24 Mem:10.95M (Peak 52.52M) | Time:00:00.01 | Mem:1.09M, Peak:1.09M | Scene, ViewLayer | Sample 0/32
Fra:24 Mem:28.79M (Peak 52.52M) | Time:00:00.18 | Remaining:00:05.15 | Mem:18.89M, Peak:18.89M | Scene, ViewLayer | Sample 1/32
Fra:24 Mem:36.70M (Peak 52.52M) | Time:00:05.57 | Mem:18.89M, Peak:18.89M | Scene, ViewLayer | Sample 32/32
Fra:24 Mem:36.70M (Peak 52.52M) | Time:00:05.57 | Mem:18.89M, Peak:18.89M | Scene, ViewLayer | Finished
Saved: '/home/runner/work/chaosim/chaosim/outputs/renders/paper_to_cloth_frames/frame_0024.png'
Time: 00:05.62 (Saving: 00:00.05)

Fra:25 Mem:11.45M (Peak 52.52M) | Time:00:00.00 | Mem:0.00M, Peak:0.00M | Scene, ViewLayer | Synchronizing object | ClothKey
Fra:25 Mem:11.45M (Peak 52.52M) | Time:00:00.00 | Mem:0.00M, Peak:0.00M | Scene, ViewLayer | Synchronizing object | Rod
Fra:25 Mem:11.45M (Peak 52.52M) | Time:00:00.00 | Mem:0.00M, Peak:0.00M | Scene, ViewLayer | Synchronizing object | FacesLabel
Fra:25 Mem:11.45M (Peak 52.52M) | Time:00:00.00 | Mem:0.00M, Peak:0.00M | Scene, ViewLayer | Synchronizing object | GlassSphere
Fra:25 Mem:11.86M (Peak 52.52M) | Time:00:00.00 | Mem:0.00M, Peak:0.00M | Scene, ViewLayer | Initializing
Fra:25 Mem:10.20M (Peak 52.52M) | Time:00:00.00 | Mem:0.00M, Peak:0.00M | Scene, ViewLayer | Waiting for render to start
Fra:25 Mem:10.20M (Peak 52.52M) | Time:00:00.00 | Mem:0.00M, Peak:0.00M | Scene, ViewLayer | Updating Scene
Fra:25 Mem:10.20M (Peak 52.52M) | Time:00:00.00 | Mem:0.00M, Peak:0.00M | Scene, ViewLayer | Updating Shaders
Fra:25 Mem:10.20M (Peak 52.52M) | Time:00:00.00 | Mem:0.00M, Peak:0.00M | Scene, ViewLayer | Loading render kernels (may take a few minutes the first time)
Fra:25 Mem:10.28M (Peak 52.52M) | Time:00:00.00 | Mem:0.00M, Peak:0.00M | Scene, ViewLayer | Updating Procedurals
Fra:25 Mem:10.28M (Peak 52.52M) | Time:00:00.00 | Mem:0.00M, Peak:0.00M | Scene, ViewLayer | Updating Background
Fra:25 Mem:10.28M (Peak 52.52M) | Time:00:00.00 | Mem:0.00M, Peak:0.00M | Scene, ViewLayer | Updating Camera
Fra:25 Mem:10.28M (Peak 52.52M) | Time:00:00.00 | Mem:0.00M, Peak:0.00M | Scene, ViewLayer | Updating Meshes Flags
Fra:25 Mem:10.28M (Peak 52.52M) | Time:00:00.00 | Mem:0.00M, Peak:0.00M | Scene, ViewLayer | Updating Objects
Fra:25 Mem:10.28M (Peak 52.52M) | Time:00:00.00 | Mem:0.00M, Peak:0.00M | Scene, ViewLayer | Updating Objects | Copying Transformations to device
Fra:25 Mem:10.28M (Peak 52.52M) | Time:00:00.00 | Mem:0.01M, Peak:0.01M | Scene, ViewLayer | Updating Particle Systems
Fra:25 Mem:10.28M (Peak 52.52M) | Time:00:00.00 | Mem:0.01M, Peak:0.01M | Scene, ViewLayer | Updating Particle Systems | Copying Particles to device
Fra:25 Mem:10.28M (Peak 52.52M) | Time:00:00.00 | Mem:0.01M, Peak:0.01M | Scene, ViewLayer | Updating Meshes
Fra:25 Mem:10.28M (Peak 52.52M) | Time:00:00.00 | Mem:0.01M, Peak:0.01M | Scene, ViewLayer | Updating Objects | Applying Static Transformations
Fra:25 Mem:10.28M (Peak 52.52M) | Time:00:00.00 | Mem:0.01M, Peak:0.01M | Scene, ViewLayer | Updating Mesh | Computing attributes
Fra:25 Mem:10.33M (Peak 52.52M) | Time:00:00.00 | Mem:0.01M, Peak:0.01M | Scene, ViewLayer | Updating Mesh | Copying Attributes to device
Fra:25 Mem:10.33M (Peak 52.52M) | Time:00:00.00 | Mem:0.05M, Peak:0.05M | Scene, ViewLayer | Updating Scene BVH | Building
Fra:25 Mem:10.33M (Peak 52.52M) | Time:00:00.00 | Mem:0.05M, Peak:0.05M | Scene, ViewLayer | Updating Scene BVH | Building BVH
Fra:25 Mem:10.33M (Peak 52.52M) | Time:00:00.00 | Mem:0.20M, Peak:0.20M | Scene, ViewLayer | Updating Scene BVH | Building BVH 0%
Fra:25 Mem:10.33M (Peak 52.52M) | Time:00:00.00 | Mem:0.39M, Peak:0.54M | Scene, ViewLayer | Updating Scene BVH | Copying BVH to device
Fra:25 Mem:10.33M (Peak 52.52M) | Time:00:00.00 | Mem:0.39M, Peak:0.54M | Scene, ViewLayer | Updating Mesh | Computing normals
Fra:25 Mem:10.49M (Peak 52.52M) | Time:00:00.00 | Mem:0.39M, Peak:0.54M | Scene, ViewLayer | Updating Mesh | Copying Mesh to device
Fra:25 Mem:10.49M (Peak 52.52M) | Time:00:00.00 | Mem:0.55M, Peak:0.55M | Scene, ViewLayer | Updating Objects Flags
Fra:25 Mem:10.49M (Peak 52.52M) | Time:00:00.00 | Mem:0.55M, Peak:0.55M | Scene, ViewLayer | Updating Primitive Offsets
Fra:25 Mem:10.49M (Peak 52.52M) | Time:00:00.00 | Mem:0.55M, Peak:0.55M | Scene, ViewLayer | Updating Images
Fra:25 Mem:10.49M (Peak 52.52M) | Time:00:00.00 | Mem:0.55M, Peak:0.55M | Scene, ViewLayer | Updating Camera Volume
Fra:25 Mem:10.49M (Peak 52.52M) | Time:00:00.00 | Mem:0.55M, Peak:0.55M | Scene, ViewLayer | Updating Lookup Tables
Fra:25 Mem:10.49M (Peak 52.52M) | Time:00:00.00 | Mem:0.63M, Peak:0.63M | Scene, ViewLayer | Updating Lights
Fra:25 Mem:10.49M (Peak 52.52M) | Time:00:00.00 | Mem:0.63M, Peak:0.63M | Scene, ViewLayer | Updating Lights | Computing tree
Fra:25 Mem:10.94M (Peak 52.52M) | Time:00:00.02 | Mem:1.09M, Peak:1.09M | Scene, ViewLayer | Updating Integrator
Fra:25 Mem:10.94M (Peak 52.52M) | Time:00:00.02 | Mem:1.09M, Peak:1.09M | Scene, ViewLayer | Updating Film
Fra:25 Mem:10.95M (Peak 52.52M) | Time:00:00.02 | Mem:1.00M, Peak:1.09M | Scene, ViewLayer | Updating Lookup Tables
Fra:25 Mem:10.95M (Peak 52.52M) | Time:00:00.02 | Mem:1.09M, Peak:1.09M | Scene, ViewLayer | Updating Baking
Fra:25 Mem:10.95M (Peak 52.52M) | Time:00:00.02 | Mem:1.09M, Peak:1.09M | Scene, ViewLayer | Updating Device | Writing constant memory
Fra:25 Mem:10.95M (Peak 52.52M) | Time:00:00.02 | Mem:1.09M, Peak:1.09M | Scene, ViewLayer | Sample 0/32
Fra:25 Mem:28.79M (Peak 52.52M) | Time:00:00.18 | Remaining:00:04.98 | Mem:18.89M, Peak:18.89M | Scene, ViewLayer | Sample 1/32
Fra:25 Mem:36.70M (Peak 52.52M) | Time:00:05.30 | Mem:18.89M, Peak:18.89M | Scene, ViewLayer | Sample 32/32
Fra:25 Mem:36.70M (Peak 52.52M) | Time:00:05.30 | Mem:18.89M, Peak:18.89M | Scene, ViewLayer | Finished
Saved: '/home/runner/work/chaosim/chaosim/outputs/renders/paper_to_cloth_frames/frame_0025.png'
Time: 00:05.35 (Saving: 00:00.05)

Fra:26 Mem:11.45M (Peak 52.52M) | Time:00:00.00 | Mem:0.00M, Peak:0.00M | Scene, ViewLayer | Synchronizing object | ClothKey
Fra:26 Mem:11.45M (Peak 52.52M) | Time:00:00.00 | Mem:0.00M, Peak:0.00M | Scene, ViewLayer | Synchronizing object | ClothRim
Fra:26 Mem:11.45M (Peak 52.52M) | Time:00:00.00 | Mem:0.00M, Peak:0.00M | Scene, ViewLayer | Synchronizing object | FacesLabel
Fra:26 Mem:11.68M (Peak 52.52M) | Time:00:00.00 | Mem:0.00M, Peak:0.00M | Scene, ViewLayer | Synchronizing object | Sheet
Fra:26 Mem:11.69M (Peak 52.52M) | Time:00:00.00 | Mem:0.00M, Peak:0.00M | Scene, ViewLayer | Synchronizing object | GlassSphere
Fra:26 Mem:11.86M (Peak 52.52M) | Time:00:00.00 | Mem:0.00M, Peak:0.00M | Scene, ViewLayer | Initializing
Fra:26 Mem:10.20M (Peak 52.52M) | Time:00:00.00 | Mem:0.00M, Peak:0.00M | Scene, ViewLayer | Waiting for render to start
Fra:26 Mem:10.20M (Peak 52.52M) | Time:00:00.00 | Mem:0.00M, Peak:0.00M | Scene, ViewLayer | Updating Scene
Fra:26 Mem:10.20M (Peak 52.52M) | Time:00:00.00 | Mem:0.00M, Peak:0.00M | Scene, ViewLayer | Updating Shaders
Fra:26 Mem:10.20M (Peak 52.52M) | Time:00:00.00 | Mem:0.00M, Peak:0.00M | Scene, ViewLayer | Loading render kernels (may take a few minutes the first time)
Fra:26 Mem:10.28M (Peak 52.52M) | Time:00:00.00 | Mem:0.00M, Peak:0.00M | Scene, ViewLayer | Updating Procedurals
Fra:26 Mem:10.28M (Peak 52.52M) | Time:00:00.00 | Mem:0.00M, Peak:0.00M | Scene, ViewLayer | Updating Background
Fra:26 Mem:10.28M (Peak 52.52M) | Time:00:00.00 | Mem:0.00M, Peak:0.00M | Scene, ViewLayer | Updating Camera
Fra:26 Mem:10.28M (Peak 52.52M) | Time:00:00.00 | Mem:0.00M, Peak:0.00M | Scene, ViewLayer | Updating Meshes Flags
Fra:26 Mem:10.28M (Peak 52.52M) | Time:00:00.00 | Mem:0.00M, Peak:0.00M | Scene, ViewLayer | Updating Objects
Fra:26 Mem:10.28M (Peak 52.52M) | Time:00:00.00 | Mem:0.00M, Peak:0.00M | Scene, ViewLayer | Updating Objects | Copying Transformations to device
Fra:26 Mem:10.28M (Peak 52.52M) | Time:00:00.00 | Mem:0.01M, Peak:0.01M | Scene, ViewLayer | Updating Particle Systems
Fra:26 Mem:10.28M (Peak 52.52M) | Time:00:00.00 | Mem:0.01M, Peak:0.01M | Scene, ViewLayer | Updating Particle Systems | Copying Particles to device
Fra:26 Mem:10.28M (Peak 52.52M) | Time:00:00.00 | Mem:0.01M, Peak:0.01M | Scene, ViewLayer | Updating Meshes
Fra:26 Mem:10.28M (Peak 52.52M) | Time:00:00.00 | Mem:0.01M, Peak:0.01M | Scene, ViewLayer | Updating Objects | Applying Static Transformations
Fra:26 Mem:10.28M (Peak 52.52M) | Time:00:00.00 | Mem:0.01M, Peak:0.01M | Scene, ViewLayer | Updating Mesh | Computing attributes
Fra:26 Mem:10.33M (Peak 52.52M) | Time:00:00.00 | Mem:0.01M, Peak:0.01M | Scene, ViewLayer | Updating Mesh | Copying Attributes to device
Fra:26 Mem:10.33M (Peak 52.52M) | Time:00:00.00 | Mem:0.05M, Peak:0.05M | Scene, ViewLayer | Updating Scene BVH | Building
Fra:26 Mem:10.33M (Peak 52.52M) | Time:00:00.00 | Mem:0.05M, Peak:0.05M | Scene, ViewLayer | Updating Scene BVH | Building BVH
Fra:26 Mem:10.33M (Peak 52.52M) | Time:00:00.00 | Mem:0.20M, Peak:0.20M | Scene, ViewLayer | Updating Scene BVH | Building BVH 0%
Fra:26 Mem:10.33M (Peak 52.52M) | Time:00:00.00 | Mem:0.39M, Peak:0.54M | Scene, ViewLayer | Updating Scene BVH | Copying BVH to device
Fra:26 Mem:10.33M (Peak 52.52M) | Time:00:00.00 | Mem:0.39M, Peak:0.54M | Scene, ViewLayer | Updating Mesh | Computing normals
Fra:26 Mem:10.49M (Peak 52.52M) | Time:00:00.00 | Mem:0.39M, Peak:0.54M | Scene, ViewLayer | Updating Mesh | Copying Mesh to device
Fra:26 Mem:10.49M (Peak 52.52M) | Time:00:00.00 | Mem:0.55M, Peak:0.55M | Scene, ViewLayer | Updating Objects Flags
Fra:26 Mem:10.49M (Peak 52.52M) | Time:00:00.00 | Mem:0.55M, Peak:0.55M | Scene, ViewLayer | Updating Primitive Offsets
Fra:26 Mem:10.49M (Peak 52.52M) | Time:00:00.00 | Mem:0.55M, Peak:0.55M | Scene, ViewLayer | Updating Images
Fra:26 Mem:10.49M (Peak 52.52M) | Time:00:00.00 | Mem:0.55M, Peak:0.55M | Scene, ViewLayer | Updating Camera Volume
Fra:26 Mem:10.49M (Peak 52.52M) | Time:00:00.00 | Mem:0.55M, Peak:0.55M | Scene, ViewLayer | Updating Lookup Tables
Fra:26 Mem:10.49M (Peak 52.52M) | Time:00:00.00 | Mem:0.63M, Peak:0.63M | Scene, ViewLayer | Updating Lights
Fra:26 Mem:10.49M (Peak 52.52M) | Time:00:00.00 | Mem:0.63M, Peak:0.63M | Scene, ViewLayer | Updating Lights | Computing tree
Fra:26 Mem:10.94M (Peak 52.52M) | Time:00:00.01 | Mem:1.09M, Peak:1.09M | Scene, ViewLayer | Updating Integrator
Fra:26 Mem:10.94M (Peak 52.52M) | Time:00:00.01 | Mem:1.09M, Peak:1.09M | Scene, ViewLayer | Updating Film
Fra:26 Mem:10.95M (Peak 52.52M) | Time:00:00.01 | Mem:1.00M, Peak:1.09M | Scene, ViewLayer | Updating Lookup Tables
Fra:26 Mem:10.95M (Peak 52.52M) | Time:00:00.01 | Mem:1.09M, Peak:1.09M | Scene, ViewLayer | Updating Baking
Fra:26 Mem:10.95M (Peak 52.52M) | Time:00:00.01 | Mem:1.09M, Peak:1.09M | Scene, ViewLayer | Updating Device | Writing constant memory
Fra:26 Mem:10.95M (Peak 52.52M) | Time:00:00.01 | Mem:1.09M, Peak:1.09M | Scene, ViewLayer | Sample 0/32
Fra:26 Mem:28.79M (Peak 52.52M) | Time:00:00.17 | Remaining:00:04.78 | Mem:18.89M, Peak:18.89M | Scene, ViewLayer | Sample 1/32
Fra:26 Mem:36.70M (Peak 52.52M) | Time:00:05.12 | Mem:18.89M, Peak:18.89M | Scene, ViewLayer | Sample 32/32
Fra:26 Mem:36.70M (Peak 52.52M) | Time:00:05.12 | Mem:18.89M, Peak:18.89M | Scene, ViewLayer | Finished
Saved: '/home/runner/work/chaosim/chaosim/outputs/renders/paper_to_cloth_frames/frame_0026.png'
Time: 00:05.17 (Saving: 00:00.05)

Fra:27 Mem:11.45M (Peak 52.52M) | Time:00:00.00 | Mem:0.00M, Peak:0.00M | Scene, ViewLayer | Synchronizing object | ClothKey
Fra:27 Mem:11.45M (Peak 52.52M) | Time:00:00.00 | Mem:0.00M, Peak:0.00M | Scene, ViewLayer | Synchronizing object | ClothRim
Fra:27 Mem:11.45M (Peak 52.52M) | Time:00:00.00 | Mem:0.00M, Peak:0.00M | Scene, ViewLayer | Synchronizing object | Rod
Fra:27 Mem:11.45M (Peak 52.52M) | Time:00:00.00 | Mem:0.00M, Peak:0.00M | Scene, ViewLayer | Synchronizing object | Sheet
Fra:27 Mem:11.46M (Peak 52.52M) | Time:00:00.00 | Mem:0.00M, Peak:0.00M | Scene, ViewLayer | Synchronizing object | GlassSphere
Fra:27 Mem:11.86M (Peak 52.52M) | Time:00:00.00 | Mem:0.00M, Peak:0.00M | Scene, ViewLayer | Initializing
Fra:27 Mem:10.20M (Peak 52.52M) | Time:00:00.00 | Mem:0.00M, Peak:0.00M | Scene, ViewLayer | Waiting for render to start
Fra:27 Mem:10.20M (Peak 52.52M) | Time:00:00.00 | Mem:0.00M, Peak:0.00M | Scene, ViewLayer | Updating Scene
Fra:27 Mem:10.20M (Peak 52.52M) | Time:00:00.00 | Mem:0.00M, Peak:0.00M | Scene, ViewLayer | Updating Shaders
Fra:27 Mem:10.20M (Peak 52.52M) | Time:00:00.00 | Mem:0.00M, Peak:0.00M | Scene, ViewLayer | Loading render kernels (may take a few minutes the first time)
Fra:27 Mem:10.28M (Peak 52.52M) | Time:00:00.00 | Mem:0.00M, Peak:0.00M | Scene, ViewLayer | Updating Procedurals
Fra:27 Mem:10.28M (Peak 52.52M) | Time:00:00.00 | Mem:0.00M, Peak:0.00M | Scene, ViewLayer | Updating Background
Fra:27 Mem:10.28M (Peak 52.52M) | Time:00:00.00 | Mem:0.00M, Peak:0.00M | Scene, ViewLayer | Updating Camera
Fra:27 Mem:10.28M (Peak 52.52M) | Time:00:00.00 | Mem:0.00M, Peak:0.00M | Scene, ViewLayer | Updating Meshes Flags
Fra:27 Mem:10.28M (Peak 52.52M) | Time:00:00.00 | Mem:0.00M, Peak:0.00M | Scene, ViewLayer | Updating Objects
Fra:27 Mem:10.28M (Peak 52.52M) | Time:00:00.00 | Mem:0.00M, Peak:0.00M | Scene, ViewLayer | Updating Objects | Copying Transformations to device
Fra:27 Mem:10.28M (Peak 52.52M) | Time:00:00.00 | Mem:0.01M, Peak:0.01M | Scene, ViewLayer | Updating Particle Systems
Fra:27 Mem:10.28M (Peak 52.52M) | Time:00:00.00 | Mem:0.01M, Peak:0.01M | Scene, ViewLayer | Updating Particle Systems | Copying Particles to device
Fra:27 Mem:10.28M (Peak 52.52M) | Time:00:00.00 | Mem:0.01M, Peak:0.01M | Scene, ViewLayer | Updating Meshes
Fra:27 Mem:10.28M (Peak 52.52M) | Time:00:00.00 | Mem:0.01M, Peak:0.01M | Scene, ViewLayer | Updating Objects | Applying Static Transformations
Fra:27 Mem:10.28M (Peak 52.52M) | Time:00:00.00 | Mem:0.01M, Peak:0.01M | Scene, ViewLayer | Updating Mesh | Computing attributes
Fra:27 Mem:10.33M (Peak 52.52M) | Time:00:00.00 | Mem:0.01M, Peak:0.01M | Scene, ViewLayer | Updating Mesh | Copying Attributes to device
Fra:27 Mem:10.33M (Peak 52.52M) | Time:00:00.00 | Mem:0.05M, Peak:0.05M | Scene, ViewLayer | Updating Scene BVH | Building
Fra:27 Mem:10.33M (Peak 52.52M) | Time:00:00.00 | Mem:0.05M, Peak:0.05M | Scene, ViewLayer | Updating Scene BVH | Building BVH
Fra:27 Mem:10.33M (Peak 52.52M) | Time:00:00.00 | Mem:0.20M, Peak:0.20M | Scene, ViewLayer | Updating Scene BVH | Building BVH 0%
Fra:27 Mem:10.33M (Peak 52.52M) | Time:00:00.00 | Mem:0.39M, Peak:0.54M | Scene, ViewLayer | Updating Scene BVH | Copying BVH to device
Fra:27 Mem:10.33M (Peak 52.52M) | Time:00:00.00 | Mem:0.39M, Peak:0.54M | Scene, ViewLayer | Updating Mesh | Computing normals
Fra:27 Mem:10.49M (Peak 52.52M) | Time:00:00.00 | Mem:0.39M, Peak:0.54M | Scene, ViewLayer | Updating Mesh | Copying Mesh to device
Fra:27 Mem:10.49M (Peak 52.52M) | Time:00:00.00 | Mem:0.55M, Peak:0.55M | Scene, ViewLayer | Updating Objects Flags
Fra:27 Mem:10.49M (Peak 52.52M) | Time:00:00.00 | Mem:0.55M, Peak:0.55M | Scene, ViewLayer | Updating Primitive Offsets
Fra:27 Mem:10.49M (Peak 52.52M) | Time:00:00.00 | Mem:0.55M, Peak:0.55M | Scene, ViewLayer | Updating Images
Fra:27 Mem:10.49M (Peak 52.52M) | Time:00:00.00 | Mem:0.55M, Peak:0.55M | Scene, ViewLayer | Updating Camera Volume
Fra:27 Mem:10.49M (Peak 52.52M) | Time:00:00.00 | Mem:0.55M, Peak:0.55M | Scene, ViewLayer | Updating Lookup Tables
Fra:27 Mem:10.49M (Peak 52.52M) | Time:00:00.00 | Mem:0.63M, Peak:0.63M | Scene, ViewLayer | Updating Lights
Fra:27 Mem:10.49M (Peak 52.52M) | Time:00:00.00 | Mem:0.63M, Peak:0.63M | Scene, ViewLayer | Updating Lights | Computing tree
Fra:27 Mem:10.94M (Peak 52.52M) | Time:00:00.02 | Mem:1.09M, Peak:1.09M | Scene, ViewLayer | Updating Integrator
Fra:27 Mem:10.94M (Peak 52.52M) | Time:00:00.02 | Mem:1.09M, Peak:1.09M | Scene, ViewLayer | Updating Film
Fra:27 Mem:10.95M (Peak 52.52M) | Time:00:00.02 | Mem:1.00M, Peak:1.09M | Scene, ViewLayer | Updating Lookup Tables
Fra:27 Mem:10.95M (Peak 52.52M) | Time:00:00.02 | Mem:1.09M, Peak:1.09M | Scene, ViewLayer | Updating Baking
Fra:27 Mem:10.95M (Peak 52.52M) | Time:00:00.02 | Mem:1.09M, Peak:1.09M | Scene, ViewLayer | Updating Device | Writing constant memory
Fra:27 Mem:10.95M (Peak 52.52M) | Time:00:00.02 | Mem:1.09M, Peak:1.09M | Scene, ViewLayer | Sample 0/32
Fra:27 Mem:28.79M (Peak 52.52M) | Time:00:00.17 | Remaining:00:04.65 | Mem:18.89M, Peak:18.89M | Scene, ViewLayer | Sample 1/32
Fra:27 Mem:36.70M (Peak 52.52M) | Time:00:04.98 | Mem:18.89M, Peak:18.89M | Scene, ViewLayer | Sample 32/32
Fra:27 Mem:36.70M (Peak 52.52M) | Time:00:04.98 | Mem:18.89M, Peak:18.89M | Scene, ViewLayer | Finished
Saved: '/home/runner/work/chaosim/chaosim/outputs/renders/paper_to_cloth_frames/frame_0027.png'
Time: 00:05.04 (Saving: 00:00.05)

Fra:28 Mem:11.45M (Peak 52.52M) | Time:00:00.00 | Mem:0.00M, Peak:0.00M | Scene, ViewLayer | Synchronizing object | ClothKey
Fra:28 Mem:11.45M (Peak 52.52M) | Time:00:00.00 | Mem:0.00M, Peak:0.00M | Scene, ViewLayer | Synchronizing object | ClothRim
Fra:28 Mem:11.45M (Peak 52.52M) | Time:00:00.00 | Mem:0.00M, Peak:0.00M | Scene, ViewLayer | Synchronizing object | Sheet
Fra:28 Mem:11.45M (Peak 52.52M) | Time:00:00.00 | Mem:0.00M, Peak:0.00M | Scene, ViewLayer | Synchronizing object | FacesLabel
Fra:28 Mem:11.46M (Peak 52.52M) | Time:00:00.00 | Mem:0.00M, Peak:0.00M | Scene, ViewLayer | Synchronizing object | GlassSphere
Fra:28 Mem:11.86M (Peak 52.52M) | Time:00:00.00 | Mem:0.00M, Peak:0.00M | Scene, ViewLayer | Initializing
Fra:28 Mem:10.20M (Peak 52.52M) | Time:00:00.00 | Mem:0.00M, Peak:0.00M | Scene, ViewLayer | Waiting for render to start
Fra:28 Mem:10.20M (Peak 52.52M) | Time:00:00.00 | Mem:0.00M, Peak:0.00M | Scene, ViewLayer | Updating Scene
Fra:28 Mem:10.20M (Peak 52.52M) | Time:00:00.00 | Mem:0.00M, Peak:0.00M | Scene, ViewLayer | Updating Shaders
Fra:28 Mem:10.20M (Peak 52.52M) | Time:00:00.00 | Mem:0.00M, Peak:0.00M | Scene, ViewLayer | Loading render kernels (may take a few minutes the first time)
Fra:28 Mem:10.28M (Peak 52.52M) | Time:00:00.00 | Mem:0.00M, Peak:0.00M | Scene, ViewLayer | Updating Procedurals
Fra:28 Mem:10.28M (Peak 52.52M) | Time:00:00.00 | Mem:0.00M, Peak:0.00M | Scene, ViewLayer | Updating Background
Fra:28 Mem:10.28M (Peak 52.52M) | Time:00:00.00 | Mem:0.00M, Peak:0.00M | Scene, ViewLayer | Updating Camera
Fra:28 Mem:10.28M (Peak 52.52M) | Time:00:00.00 | Mem:0.00M, Peak:0.00M | Scene, ViewLayer | Updating Meshes Flags
Fra:28 Mem:10.28M (Peak 52.52M) | Time:00:00.00 | Mem:0.00M, Peak:0.00M | Scene, ViewLayer | Updating Objects
Fra:28 Mem:10.28M (Peak 52.52M) | Time:00:00.00 | Mem:0.00M, Peak:0.00M | Scene, ViewLayer | Updating Objects | Copying Transformations to device
Fra:28 Mem:10.28M (Peak 52.52M) | Time:00:00.00 | Mem:0.01M, Peak:0.01M | Scene, ViewLayer | Updating Particle Systems
Fra:28 Mem:10.28M (Peak 52.52M) | Time:00:00.00 | Mem:0.01M, Peak:0.01M | Scene, ViewLayer | Updating Particle Systems | Copying Particles to device
Fra:28 Mem:10.28M (Peak 52.52M) | Time:00:00.00 | Mem:0.01M, Peak:0.01M | Scene, ViewLayer | Updating Meshes
Fra:28 Mem:10.28M (Peak 52.52M) | Time:00:00.00 | Mem:0.01M, Peak:0.01M | Scene, ViewLayer | Updating Objects | Applying Static Transformations
Fra:28 Mem:10.28M (Peak 52.52M) | Time:00:00.00 | Mem:0.01M, Peak:0.01M | Scene, ViewLayer | Updating Mesh | Computing attributes
Fra:28 Mem:10.33M (Peak 52.52M) | Time:00:00.00 | Mem:0.01M, Peak:0.01M | Scene, ViewLayer | Updating Mesh | Copying Attributes to device
Fra:28 Mem:10.33M (Peak 52.52M) | Time:00:00.00 | Mem:0.05M, Peak:0.05M | Scene, ViewLayer | Updating Scene BVH | Building
Fra:28 Mem:10.33M (Peak 52.52M) | Time:00:00.00 | Mem:0.05M, Peak:0.05M | Scene, ViewLayer | Updating Scene BVH | Building BVH
Fra:28 Mem:10.33M (Peak 52.52M) | Time:00:00.00 | Mem:0.20M, Peak:0.20M | Scene, ViewLayer | Updating Scene BVH | Building BVH 0%
Fra:28 Mem:10.33M (Peak 52.52M) | Time:00:00.00 | Mem:0.37M, Peak:0.52M | Scene, ViewLayer | Updating Scene BVH | Copying BVH to device
Fra:28 Mem:10.33M (Peak 52.52M) | Time:00:00.00 | Mem:0.37M, Peak:0.52M | Scene, ViewLayer | Updating Mesh | Computing normals
Fra:28 Mem:10.49M (Peak 52.52M) | Time:00:00.00 | Mem:0.37M, Peak:0.52M | Scene, ViewLayer | Updating Mesh | Copying Mesh to device
Fra:28 Mem:10.49M (Peak 52.52M) | Time:00:00.00 | Mem:0.54M, Peak:0.54M | Scene, ViewLayer | Updating Objects Flags
Fra:28 Mem:10.49M (Peak 52.52M) | Time:00:00.00 | Mem:0.54M, Peak:0.54M | Scene, ViewLayer | Updating Primitive Offsets
Fra:28 Mem:10.49M (Peak 52.52M) | Time:00:00.00 | Mem:0.54M, Peak:0.54M | Scene, ViewLayer | Updating Images
Fra:28 Mem:10.49M (Peak 52.52M) | Time:00:00.00 | Mem:0.54M, Peak:0.54M | Scene, ViewLayer | Updating Camera Volume
Fra:28 Mem:10.49M (Peak 52.52M) | Time:00:00.00 | Mem:0.54M, Peak:0.54M | Scene, ViewLayer | Updating Lookup Tables
Fra:28 Mem:10.49M (Peak 52.52M) | Time:00:00.00 | Mem:0.62M, Peak:0.62M | Scene, ViewLayer | Updating Lights
Fra:28 Mem:10.49M (Peak 52.52M) | Time:00:00.00 | Mem:0.62M, Peak:0.62M | Scene, ViewLayer | Updating Lights | Computing tree
Fra:28 Mem:10.94M (Peak 52.52M) | Time:00:00.01 | Mem:1.07M, Peak:1.07M | Scene, ViewLayer | Updating Integrator
Fra:28 Mem:10.94M (Peak 52.52M) | Time:00:00.01 | Mem:1.07M, Peak:1.07M | Scene, ViewLayer | Updating Film
Fra:28 Mem:10.95M (Peak 52.52M) | Time:00:00.01 | Mem:0.99M, Peak:1.07M | Scene, ViewLayer | Updating Lookup Tables
Fra:28 Mem:10.95M (Peak 52.52M) | Time:00:00.01 | Mem:1.07M, Peak:1.07M | Scene, ViewLayer | Updating Baking
Fra:28 Mem:10.95M (Peak 52.52M) | Time:00:00.01 | Mem:1.07M, Peak:1.07M | Scene, ViewLayer | Updating Device | Writing constant memory
Fra:28 Mem:10.95M (Peak 52.52M) | Time:00:00.01 | Mem:1.07M, Peak:1.07M | Scene, ViewLayer | Sample 0/32
Fra:28 Mem:28.79M (Peak 52.52M) | Time:00:00.16 | Remaining:00:04.49 | Mem:18.87M, Peak:18.87M | Scene, ViewLayer | Sample 1/32
Fra:28 Mem:36.70M (Peak 52.52M) | Time:00:04.82 | Mem:18.87M, Peak:18.87M | Scene, ViewLayer | Sample 32/32
Fra:28 Mem:36.70M (Peak 52.52M) | Time:00:04.82 | Mem:18.87M, Peak:18.87M | Scene, ViewLayer | Finished
Saved: '/home/runner/work/chaosim/chaosim/outputs/renders/paper_to_cloth_frames/frame_0028.png'
Time: 00:04.87 (Saving: 00:00.05)

Fra:29 Mem:11.45M (Peak 52.52M) | Time:00:00.00 | Mem:0.00M, Peak:0.00M | Scene, ViewLayer | Synchronizing object | ClothKey
Fra:29 Mem:11.45M (Peak 52.52M) | Time:00:00.00 | Mem:0.00M, Peak:0.00M | Scene, ViewLayer | Synchronizing object | ClothRim
Fra:29 Mem:11.45M (Peak 52.52M) | Time:00:00.00 | Mem:0.00M, Peak:0.00M | Scene, ViewLayer | Synchronizing object | FacesLabel
Fra:29 Mem:11.45M (Peak 52.52M) | Time:00:00.00 | Mem:0.00M, Peak:0.00M | Scene, ViewLayer | Synchronizing object | Sheet
Fra:29 Mem:11.48M (Peak 52.52M) | Time:00:00.00 | Mem:0.00M, Peak:0.00M | Scene, ViewLayer | Synchronizing object | GlassSphere
Fra:29 Mem:11.86M (Peak 52.52M) | Time:00:00.00 | Mem:0.00M, Peak:0.00M | Scene, ViewLayer | Initializing
Fra:29 Mem:10.20M (Peak 52.52M) | Time:00:00.00 | Mem:0.00M, Peak:0.00M | Scene, ViewLayer | Waiting for render to start
Fra:29 Mem:10.20M (Peak 52.52M) | Time:00:00.00 | Mem:0.00M, Peak:0.00M | Scene, ViewLayer | Updating Scene
Fra:29 Mem:10.20M (Peak 52.52M) | Time:00:00.00 | Mem:0.00M, Peak:0.00M | Scene, ViewLayer | Updating Shaders
Fra:29 Mem:10.20M (Peak 52.52M) | Time:00:00.00 | Mem:0.00M, Peak:0.00M | Scene, ViewLayer | Loading render kernels (may take a few minutes the first time)
Fra:29 Mem:10.28M (Peak 52.52M) | Time:00:00.00 | Mem:0.00M, Peak:0.00M | Scene, ViewLayer | Updating Procedurals
Fra:29 Mem:10.28M (Peak 52.52M) | Time:00:00.00 | Mem:0.00M, Peak:0.00M | Scene, ViewLayer | Updating Background
Fra:29 Mem:10.28M (Peak 52.52M) | Time:00:00.00 | Mem:0.00M, Peak:0.00M | Scene, ViewLayer | Updating Camera
Fra:29 Mem:10.28M (Peak 52.52M) | Time:00:00.00 | Mem:0.00M, Peak:0.00M | Scene, ViewLayer | Updating Meshes Flags
Fra:29 Mem:10.28M (Peak 52.52M) | Time:00:00.00 | Mem:0.00M, Peak:0.00M | Scene, ViewLayer | Updating Objects
Fra:29 Mem:10.28M (Peak 52.52M) | Time:00:00.00 | Mem:0.00M, Peak:0.00M | Scene, ViewLayer | Updating Objects | Copying Transformations to device
Fra:29 Mem:10.28M (Peak 52.52M) | Time:00:00.00 | Mem:0.01M, Peak:0.01M | Scene, ViewLayer | Updating Particle Systems
Fra:29 Mem:10.28M (Peak 52.52M) | Time:00:00.00 | Mem:0.01M, Peak:0.01M | Scene, ViewLayer | Updating Particle Systems | Copying Particles to device
Fra:29 Mem:10.28M (Peak 52.52M) | Time:00:00.00 | Mem:0.01M, Peak:0.01M | Scene, ViewLayer | Updating Meshes
Fra:29 Mem:10.28M (Peak 52.52M) | Time:00:00.00 | Mem:0.01M, Peak:0.01M | Scene, ViewLayer | Updating Objects | Applying Static Transformations
Fra:29 Mem:10.28M (Peak 52.52M) | Time:00:00.00 | Mem:0.01M, Peak:0.01M | Scene, ViewLayer | Updating Mesh | Computing attributes
Fra:29 Mem:10.33M (Peak 52.52M) | Time:00:00.00 | Mem:0.01M, Peak:0.01M | Scene, ViewLayer | Updating Mesh | Copying Attributes to device
Fra:29 Mem:10.33M (Peak 52.52M) | Time:00:00.00 | Mem:0.05M, Peak:0.05M | Scene, ViewLayer | Updating Scene BVH | Building
Fra:29 Mem:10.33M (Peak 52.52M) | Time:00:00.00 | Mem:0.05M, Peak:0.05M | Scene, ViewLayer | Updating Scene BVH | Building BVH
Fra:29 Mem:10.33M (Peak 52.52M) | Time:00:00.00 | Mem:0.20M, Peak:0.20M | Scene, ViewLayer | Updating Scene BVH | Building BVH 0%
Fra:29 Mem:10.33M (Peak 52.52M) | Time:00:00.00 | Mem:0.39M, Peak:0.54M | Scene, ViewLayer | Updating Scene BVH | Copying BVH to device
Fra:29 Mem:10.33M (Peak 52.52M) | Time:00:00.00 | Mem:0.39M, Peak:0.54M | Scene, ViewLayer | Updating Mesh | Computing normals
Fra:29 Mem:10.49M (Peak 52.52M) | Time:00:00.00 | Mem:0.39M, Peak:0.54M | Scene, ViewLayer | Updating Mesh | Copying Mesh to device
Fra:29 Mem:10.49M (Peak 52.52M) | Time:00:00.00 | Mem:0.55M, Peak:0.55M | Scene, ViewLayer | Updating Objects Flags
Fra:29 Mem:10.49M (Peak 52.52M) | Time:00:00.00 | Mem:0.55M, Peak:0.55M | Scene, ViewLayer | Updating Primitive Offsets
Fra:29 Mem:10.49M (Peak 52.52M) | Time:00:00.00 | Mem:0.55M, Peak:0.55M | Scene, ViewLayer | Updating Images
Fra:29 Mem:10.49M (Peak 52.52M) | Time:00:00.00 | Mem:0.55M, Peak:0.55M | Scene, ViewLayer | Updating Camera Volume
Fra:29 Mem:10.49M (Peak 52.52M) | Time:00:00.00 | Mem:0.55M, Peak:0.55M | Scene, ViewLayer | Updating Lookup Tables
Fra:29 Mem:10.49M (Peak 52.52M) | Time:00:00.00 | Mem:0.63M, Peak:0.63M | Scene, ViewLayer | Updating Lights
Fra:29 Mem:10.49M (Peak 52.52M) | Time:00:00.00 | Mem:0.63M, Peak:0.63M | Scene, ViewLayer | Updating Lights | Computing tree
Fra:29 Mem:10.94M (Peak 52.52M) | Time:00:00.01 | Mem:1.09M, Peak:1.09M | Scene, ViewLayer | Updating Integrator
Fra:29 Mem:10.94M (Peak 52.52M) | Time:00:00.01 | Mem:1.09M, Peak:1.09M | Scene, ViewLayer | Updating Film
Fra:29 Mem:10.95M (Peak 52.52M) | Time:00:00.01 | Mem:1.00M, Peak:1.09M | Scene, ViewLayer | Updating Lookup Tables
Fra:29 Mem:10.95M (Peak 52.52M) | Time:00:00.01 | Mem:1.09M, Peak:1.09M | Scene, ViewLayer | Updating Baking
Fra:29 Mem:10.95M (Peak 52.52M) | Time:00:00.01 | Mem:1.09M, Peak:1.09M | Scene, ViewLayer | Updating Device | Writing constant memory
Fra:29 Mem:10.95M (Peak 52.52M) | Time:00:00.01 | Mem:1.09M, Peak:1.09M | Scene, ViewLayer | Sample 0/32
Fra:29 Mem:28.79M (Peak 52.52M) | Time:00:00.16 | Remaining:00:04.42 | Mem:18.89M, Peak:18.89M | Scene, ViewLayer | Sample 1/32
Fra:29 Mem:36.70M (Peak 52.52M) | Time:00:04.74 | Mem:18.89M, Peak:18.89M | Scene, ViewLayer | Sample 32/32
Fra:29 Mem:36.70M (Peak 52.52M) | Time:00:04.74 | Mem:18.89M, Peak:18.89M | Scene, ViewLayer | Finished
Saved: '/home/runner/work/chaosim/chaosim/outputs/renders/paper_to_cloth_frames/frame_0029.png'
Time: 00:04.79 (Saving: 00:00.05)

Fra:30 Mem:11.45M (Peak 52.52M) | Time:00:00.00 | Mem:0.00M, Peak:0.00M | Scene, ViewLayer | Synchronizing object | ClothKey
Fra:30 Mem:11.45M (Peak 52.52M) | Time:00:00.00 | Mem:0.00M, Peak:0.00M | Scene, ViewLayer | Synchronizing object | FacesLabel
Fra:30 Mem:11.48M (Peak 52.52M) | Time:00:00.00 | Mem:0.00M, Peak:0.00M | Scene, ViewLayer | Synchronizing object | Rod
Fra:30 Mem:11.56M (Peak 52.52M) | Time:00:00.00 | Mem:0.00M, Peak:0.00M | Scene, ViewLayer | Synchronizing object | Sheet
Fra:30 Mem:11.70M (Peak 52.52M) | Time:00:00.00 | Mem:0.00M, Peak:0.00M | Scene, ViewLayer | Synchronizing object | GlassSphere
Fra:30 Mem:11.86M (Peak 52.52M) | Time:00:00.00 | Mem:0.00M, Peak:0.00M | Scene, ViewLayer | Initializing
Fra:30 Mem:10.20M (Peak 52.52M) | Time:00:00.00 | Mem:0.00M, Peak:0.00M | Scene, ViewLayer | Waiting for render to start
Fra:30 Mem:10.20M (Peak 52.52M) | Time:00:00.00 | Mem:0.00M, Peak:0.00M | Scene, ViewLayer | Updating Scene
Fra:30 Mem:10.20M (Peak 52.52M) | Time:00:00.00 | Mem:0.00M, Peak:0.00M | Scene, ViewLayer | Updating Shaders
Fra:30 Mem:10.20M (Peak 52.52M) | Time:00:00.00 | Mem:0.00M, Peak:0.00M | Scene, ViewLayer | Loading render kernels (may take a few minutes the first time)
Fra:30 Mem:10.28M (Peak 52.52M) | Time:00:00.00 | Mem:0.00M, Peak:0.00M | Scene, ViewLayer | Updating Procedurals
Fra:30 Mem:10.28M (Peak 52.52M) | Time:00:00.00 | Mem:0.00M, Peak:0.00M | Scene, ViewLayer | Updating Background
Fra:30 Mem:10.28M (Peak 52.52M) | Time:00:00.00 | Mem:0.00M, Peak:0.00M | Scene, ViewLayer | Updating Camera
Fra:30 Mem:10.28M (Peak 52.52M) | Time:00:00.00 | Mem:0.00M, Peak:0.00M | Scene, ViewLayer | Updating Meshes Flags
Fra:30 Mem:10.28M (Peak 52.52M) | Time:00:00.00 | Mem:0.00M, Peak:0.00M | Scene, ViewLayer | Updating Objects
Fra:30 Mem:10.28M (Peak 52.52M) | Time:00:00.00 | Mem:0.00M, Peak:0.00M | Scene, ViewLayer | Updating Objects | Copying Transformations to device
Fra:30 Mem:10.28M (Peak 52.52M) | Time:00:00.00 | Mem:0.01M, Peak:0.01M | Scene, ViewLayer | Updating Particle Systems
Fra:30 Mem:10.28M (Peak 52.52M) | Time:00:00.00 | Mem:0.01M, Peak:0.01M | Scene, ViewLayer | Updating Particle Systems | Copying Particles to device
Fra:30 Mem:10.28M (Peak 52.52M) | Time:00:00.00 | Mem:0.01M, Peak:0.01M | Scene, ViewLayer | Updating Meshes
Fra:30 Mem:10.28M (Peak 52.52M) | Time:00:00.00 | Mem:0.01M, Peak:0.01M | Scene, ViewLayer | Updating Objects | Applying Static Transformations
Fra:30 Mem:10.28M (Peak 52.52M) | Time:00:00.00 | Mem:0.01M, Peak:0.01M | Scene, ViewLayer | Updating Mesh | Computing attributes
Fra:30 Mem:10.33M (Peak 52.52M) | Time:00:00.00 | Mem:0.01M, Peak:0.01M | Scene, ViewLayer | Updating Mesh | Copying Attributes to device
Fra:30 Mem:10.33M (Peak 52.52M) | Time:00:00.00 | Mem:0.05M, Peak:0.05M | Scene, ViewLayer | Updating Scene BVH | Building
Fra:30 Mem:10.33M (Peak 52.52M) | Time:00:00.00 | Mem:0.05M, Peak:0.05M | Scene, ViewLayer | Updating Scene BVH | Building BVH
Fra:30 Mem:10.33M (Peak 52.52M) | Time:00:00.00 | Mem:0.20M, Peak:0.20M | Scene, ViewLayer | Updating Scene BVH | Building BVH 0%
Fra:30 Mem:10.33M (Peak 52.52M) | Time:00:00.00 | Mem:0.37M, Peak:0.52M | Scene, ViewLayer | Updating Scene BVH | Copying BVH to device
Fra:30 Mem:10.33M (Peak 52.52M) | Time:00:00.00 | Mem:0.37M, Peak:0.52M | Scene, ViewLayer | Updating Mesh | Computing normals
Fra:30 Mem:10.49M (Peak 52.52M) | Time:00:00.00 | Mem:0.37M, Peak:0.52M | Scene, ViewLayer | Updating Mesh | Copying Mesh to device
Fra:30 Mem:10.49M (Peak 52.52M) | Time:00:00.00 | Mem:0.54M, Peak:0.54M | Scene, ViewLayer | Updating Objects Flags
Fra:30 Mem:10.49M (Peak 52.52M) | Time:00:00.00 | Mem:0.54M, Peak:0.54M | Scene, ViewLayer | Updating Primitive Offsets
Fra:30 Mem:10.49M (Peak 52.52M) | Time:00:00.00 | Mem:0.54M, Peak:0.54M | Scene, ViewLayer | Updating Images
Fra:30 Mem:10.49M (Peak 52.52M) | Time:00:00.00 | Mem:0.54M, Peak:0.54M | Scene, ViewLayer | Updating Camera Volume
Fra:30 Mem:10.49M (Peak 52.52M) | Time:00:00.00 | Mem:0.54M, Peak:0.54M | Scene, ViewLayer | Updating Lookup Tables
Fra:30 Mem:10.49M (Peak 52.52M) | Time:00:00.00 | Mem:0.62M, Peak:0.62M | Scene, ViewLayer | Updating Lights
Fra:30 Mem:10.49M (Peak 52.52M) | Time:00:00.00 | Mem:0.62M, Peak:0.62M | Scene, ViewLayer | Updating Lights | Computing tree
Fra:30 Mem:10.94M (Peak 52.52M) | Time:00:00.01 | Mem:1.07M, Peak:1.07M | Scene, ViewLayer | Updating Integrator
Fra:30 Mem:10.94M (Peak 52.52M) | Time:00:00.01 | Mem:1.07M, Peak:1.07M | Scene, ViewLayer | Updating Film
Fra:30 Mem:10.95M (Peak 52.52M) | Time:00:00.01 | Mem:0.99M, Peak:1.07M | Scene, ViewLayer | Updating Lookup Tables
Fra:30 Mem:10.95M (Peak 52.52M) | Time:00:00.01 | Mem:1.07M, Peak:1.07M | Scene, ViewLayer | Updating Baking
Fra:30 Mem:10.95M (Peak 52.52M) | Time:00:00.01 | Mem:1.07M, Peak:1.07M | Scene, ViewLayer | Updating Device | Writing constant memory
Fra:30 Mem:10.95M (Peak 52.52M) | Time:00:00.01 | Mem:1.07M, Peak:1.07M | Scene, ViewLayer | Sample 0/32
Fra:30 Mem:28.79M (Peak 52.52M) | Time:00:00.16 | Remaining:00:04.36 | Mem:18.87M, Peak:18.87M | Scene, ViewLayer | Sample 1/32
Fra:30 Mem:36.70M (Peak 52.52M) | Time:00:04.70 | Mem:18.87M, Peak:18.87M | Scene, ViewLayer | Sample 32/32
Fra:30 Mem:36.70M (Peak 52.52M) | Time:00:04.70 | Mem:18.87M, Peak:18.87M | Scene, ViewLayer | Finished
Saved: '/home/runner/work/chaosim/chaosim/outputs/renders/paper_to_cloth_frames/frame_0030.png'
Time: 00:04.75 (Saving: 00:00.05)

Fra:31 Mem:11.45M (Peak 52.52M) | Time:00:00.00 | Mem:0.00M, Peak:0.00M | Scene, ViewLayer | Synchronizing object | ClothKey
Fra:31 Mem:11.45M (Peak 52.52M) | Time:00:00.00 | Mem:0.00M, Peak:0.00M | Scene, ViewLayer | Synchronizing object | ClothRim
Fra:31 Mem:11.45M (Peak 52.52M) | Time:00:00.00 | Mem:0.00M, Peak:0.00M | Scene, ViewLayer | Synchronizing object | FacesLabel
Fra:31 Mem:11.45M (Peak 52.52M) | Time:00:00.00 | Mem:0.00M, Peak:0.00M | Scene, ViewLayer | Synchronizing object | Sheet
Fra:31 Mem:11.48M (Peak 52.52M) | Time:00:00.00 | Mem:0.00M, Peak:0.00M | Scene, ViewLayer | Synchronizing object | GlassSphere
Fra:31 Mem:11.86M (Peak 52.52M) | Time:00:00.00 | Mem:0.00M, Peak:0.00M | Scene, ViewLayer | Initializing
Fra:31 Mem:10.20M (Peak 52.52M) | Time:00:00.00 | Mem:0.00M, Peak:0.00M | Scene, ViewLayer | Waiting for render to start
Fra:31 Mem:10.20M (Peak 52.52M) | Time:00:00.00 | Mem:0.00M, Peak:0.00M | Scene, ViewLayer | Updating Scene
Fra:31 Mem:10.20M (Peak 52.52M) | Time:00:00.00 | Mem:0.00M, Peak:0.00M | Scene, ViewLayer | Updating Shaders
Fra:31 Mem:10.20M (Peak 52.52M) | Time:00:00.00 | Mem:0.00M, Peak:0.00M | Scene, ViewLayer | Loading render kernels (may take a few minutes the first time)
Fra:31 Mem:10.28M (Peak 52.52M) | Time:00:00.00 | Mem:0.00M, Peak:0.00M | Scene, ViewLayer | Updating Procedurals
Fra:31 Mem:10.28M (Peak 52.52M) | Time:00:00.00 | Mem:0.00M, Peak:0.00M | Scene, ViewLayer | Updating Background
Fra:31 Mem:10.28M (Peak 52.52M) | Time:00:00.00 | Mem:0.00M, Peak:0.00M | Scene, ViewLayer | Updating Camera
Fra:31 Mem:10.28M (Peak 52.52M) | Time:00:00.00 | Mem:0.00M, Peak:0.00M | Scene, ViewLayer | Updating Meshes Flags
Fra:31 Mem:10.28M (Peak 52.52M) | Time:00:00.00 | Mem:0.00M, Peak:0.00M | Scene, ViewLayer | Updating Objects
Fra:31 Mem:10.28M (Peak 52.52M) | Time:00:00.00 | Mem:0.00M, Peak:0.00M | Scene, ViewLayer | Updating Objects | Copying Transformations to device
Fra:31 Mem:10.28M (Peak 52.52M) | Time:00:00.00 | Mem:0.01M, Peak:0.01M | Scene, ViewLayer | Updating Particle Systems
Fra:31 Mem:10.28M (Peak 52.52M) | Time:00:00.00 | Mem:0.01M, Peak:0.01M | Scene, ViewLayer | Updating Particle Systems | Copying Particles to device
Fra:31 Mem:10.28M (Peak 52.52M) | Time:00:00.00 | Mem:0.01M, Peak:0.01M | Scene, ViewLayer | Updating Meshes
Fra:31 Mem:10.28M (Peak 52.52M) | Time:00:00.00 | Mem:0.01M, Peak:0.01M | Scene, ViewLayer | Updating Objects | Applying Static Transformations
Fra:31 Mem:10.28M (Peak 52.52M) | Time:00:00.00 | Mem:0.01M, Peak:0.01M | Scene, ViewLayer | Updating Mesh | Computing attributes
Fra:31 Mem:10.33M (Peak 52.52M) | Time:00:00.00 | Mem:0.01M, Peak:0.01M | Scene, ViewLayer | Updating Mesh | Copying Attributes to device
Fra:31 Mem:10.33M (Peak 52.52M) | Time:00:00.00 | Mem:0.05M, Peak:0.05M | Scene, ViewLayer | Updating Scene BVH | Building
Fra:31 Mem:10.33M (Peak 52.52M) | Time:00:00.00 | Mem:0.05M, Peak:0.05M | Scene, ViewLayer | Updating Scene BVH | Building BVH
Fra:31 Mem:10.33M (Peak 52.52M) | Time:00:00.00 | Mem:0.20M, Peak:0.20M | Scene, ViewLayer | Updating Scene BVH | Building BVH 0%
Fra:31 Mem:10.33M (Peak 52.52M) | Time:00:00.00 | Mem:0.39M, Peak:0.54M | Scene, ViewLayer | Updating Scene BVH | Copying BVH to device
Fra:31 Mem:10.33M (Peak 52.52M) | Time:00:00.00 | Mem:0.39M, Peak:0.54M | Scene, ViewLayer | Updating Mesh | Computing normals
Fra:31 Mem:10.49M (Peak 52.52M) | Time:00:00.00 | Mem:0.39M, Peak:0.54M | Scene, ViewLayer | Updating Mesh | Copying Mesh to device
Fra:31 Mem:10.49M (Peak 52.52M) | Time:00:00.00 | Mem:0.55M, Peak:0.55M | Scene, ViewLayer | Updating Objects Flags
Fra:31 Mem:10.49M (Peak 52.52M) | Time:00:00.00 | Mem:0.55M, Peak:0.55M | Scene, ViewLayer | Updating Primitive Offsets
Fra:31 Mem:10.49M (Peak 52.52M) | Time:00:00.00 | Mem:0.55M, Peak:0.55M | Scene, ViewLayer | Updating Images
Fra:31 Mem:10.49M (Peak 52.52M) | Time:00:00.00 | Mem:0.55M, Peak:0.55M | Scene, ViewLayer | Updating Camera Volume
Fra:31 Mem:10.49M (Peak 52.52M) | Time:00:00.00 | Mem:0.55M, Peak:0.55M | Scene, ViewLayer | Updating Lookup Tables
Fra:31 Mem:10.49M (Peak 52.52M) | Time:00:00.00 | Mem:0.63M, Peak:0.63M | Scene, ViewLayer | Updating Lights
Fra:31 Mem:10.49M (Peak 52.52M) | Time:00:00.00 | Mem:0.63M, Peak:0.63M | Scene, ViewLayer | Updating Lights | Computing tree
Fra:31 Mem:10.94M (Peak 52.52M) | Time:00:00.02 | Mem:1.09M, Peak:1.09M | Scene, ViewLayer | Updating Integrator
Fra:31 Mem:10.94M (Peak 52.52M) | Time:00:00.02 | Mem:1.09M, Peak:1.09M | Scene, ViewLayer | Updating Film
Fra:31 Mem:10.95M (Peak 52.52M) | Time:00:00.02 | Mem:1.00M, Peak:1.09M | Scene, ViewLayer | Updating Lookup Tables
Fra:31 Mem:10.95M (Peak 52.52M) | Time:00:00.02 | Mem:1.09M, Peak:1.09M | Scene, ViewLayer | Updating Baking
Fra:31 Mem:10.95M (Peak 52.52M) | Time:00:00.02 | Mem:1.09M, Peak:1.09M | Scene, ViewLayer | Updating Device | Writing constant memory
Fra:31 Mem:10.95M (Peak 52.52M) | Time:00:00.02 | Mem:1.09M, Peak:1.09M | Scene, ViewLayer | Sample 0/32
Fra:31 Mem:28.79M (Peak 52.52M) | Time:00:00.16 | Remaining:00:04.35 | Mem:18.89M, Peak:18.89M | Scene, ViewLayer | Sample 1/32
Fra:31 Mem:36.70M (Peak 52.52M) | Time:00:04.69 | Mem:18.89M, Peak:18.89M | Scene, ViewLayer | Sample 32/32
Fra:31 Mem:36.70M (Peak 52.52M) | Time:00:04.69 | Mem:18.89M, Peak:18.89M | Scene, ViewLayer | Finished
Saved: '/home/runner/work/chaosim/chaosim/outputs/renders/paper_to_cloth_frames/frame_0031.png'
Time: 00:04.75 (Saving: 00:00.05)

Fra:32 Mem:11.45M (Peak 52.52M) | Time:00:00.00 | Mem:0.00M, Peak:0.00M | Scene, ViewLayer | Synchronizing object | ClothKey
Fra:32 Mem:11.45M (Peak 52.52M) | Time:00:00.00 | Mem:0.00M, Peak:0.00M | Scene, ViewLayer | Synchronizing object | ClothRim
Fra:32 Mem:11.45M (Peak 52.52M) | Time:00:00.00 | Mem:0.00M, Peak:0.00M | Scene, ViewLayer | Synchronizing object | FacesLabel
Fra:32 Mem:11.45M (Peak 52.52M) | Time:00:00.00 | Mem:0.00M, Peak:0.00M | Scene, ViewLayer | Synchronizing object | GlassSphere
Fra:32 Mem:11.86M (Peak 52.52M) | Time:00:00.00 | Mem:0.00M, Peak:0.00M | Scene, ViewLayer | Initializing
Fra:32 Mem:10.20M (Peak 52.52M) | Time:00:00.00 | Mem:0.00M, Peak:0.00M | Scene, ViewLayer | Waiting for render to start
Fra:32 Mem:10.20M (Peak 52.52M) | Time:00:00.00 | Mem:0.00M, Peak:0.00M | Scene, ViewLayer | Updating Scene
Fra:32 Mem:10.20M (Peak 52.52M) | Time:00:00.00 | Mem:0.00M, Peak:0.00M | Scene, ViewLayer | Updating Shaders
Fra:32 Mem:10.20M (Peak 52.52M) | Time:00:00.00 | Mem:0.00M, Peak:0.00M | Scene, ViewLayer | Loading render kernels (may take a few minutes the first time)
Fra:32 Mem:10.28M (Peak 52.52M) | Time:00:00.00 | Mem:0.00M, Peak:0.00M | Scene, ViewLayer | Updating Procedurals
Fra:32 Mem:10.28M (Peak 52.52M) | Time:00:00.00 | Mem:0.00M, Peak:0.00M | Scene, ViewLayer | Updating Background
Fra:32 Mem:10.28M (Peak 52.52M) | Time:00:00.00 | Mem:0.00M, Peak:0.00M | Scene, ViewLayer | Updating Camera
Fra:32 Mem:10.28M (Peak 52.52M) | Time:00:00.00 | Mem:0.00M, Peak:0.00M | Scene, ViewLayer | Updating Meshes Flags
Fra:32 Mem:10.28M (Peak 52.52M) | Time:00:00.00 | Mem:0.00M, Peak:0.00M | Scene, ViewLayer | Updating Objects
Fra:32 Mem:10.28M (Peak 52.52M) | Time:00:00.00 | Mem:0.00M, Peak:0.00M | Scene, ViewLayer | Updating Objects | Copying Transformations to device
Fra:32 Mem:10.28M (Peak 52.52M) | Time:00:00.00 | Mem:0.01M, Peak:0.01M | Scene, ViewLayer | Updating Particle Systems
Fra:32 Mem:10.28M (Peak 52.52M) | Time:00:00.00 | Mem:0.01M, Peak:0.01M | Scene, ViewLayer | Updating Particle Systems | Copying Particles to device
Fra:32 Mem:10.28M (Peak 52.52M) | Time:00:00.00 | Mem:0.01M, Peak:0.01M | Scene, ViewLayer | Updating Meshes
Fra:32 Mem:10.28M (Peak 52.52M) | Time:00:00.00 | Mem:0.01M, Peak:0.01M | Scene, ViewLayer | Updating Objects | Applying Static Transformations
Fra:32 Mem:10.28M (Peak 52.52M) | Time:00:00.00 | Mem:0.01M, Peak:0.01M | Scene, ViewLayer | Updating Mesh | Computing attributes
Fra:32 Mem:10.33M (Peak 52.52M) | Time:00:00.00 | Mem:0.01M, Peak:0.01M | Scene, ViewLayer | Updating Mesh | Copying Attributes to device
Fra:32 Mem:10.33M (Peak 52.52M) | Time:00:00.00 | Mem:0.05M, Peak:0.05M | Scene, ViewLayer | Updating Scene BVH | Building
Fra:32 Mem:10.33M (Peak 52.52M) | Time:00:00.00 | Mem:0.05M, Peak:0.05M | Scene, ViewLayer | Updating Scene BVH | Building BVH
Fra:32 Mem:10.33M (Peak 52.52M) | Time:00:00.00 | Mem:0.20M, Peak:0.20M | Scene, ViewLayer | Updating Scene BVH | Building BVH 0%
Fra:32 Mem:10.33M (Peak 52.52M) | Time:00:00.00 | Mem:0.39M, Peak:0.54M | Scene, ViewLayer | Updating Scene BVH | Copying BVH to device
Fra:32 Mem:10.33M (Peak 52.52M) | Time:00:00.00 | Mem:0.39M, Peak:0.54M | Scene, ViewLayer | Updating Mesh | Computing normals
Fra:32 Mem:10.49M (Peak 52.52M) | Time:00:00.00 | Mem:0.39M, Peak:0.54M | Scene, ViewLayer | Updating Mesh | Copying Mesh to device
Fra:32 Mem:10.49M (Peak 52.52M) | Time:00:00.00 | Mem:0.55M, Peak:0.55M | Scene, ViewLayer | Updating Objects Flags
Fra:32 Mem:10.49M (Peak 52.52M) | Time:00:00.00 | Mem:0.55M, Peak:0.55M | Scene, ViewLayer | Updating Primitive Offsets
Fra:32 Mem:10.49M (Peak 52.52M) | Time:00:00.00 | Mem:0.55M, Peak:0.55M | Scene, ViewLayer | Updating Images
Fra:32 Mem:10.49M (Peak 52.52M) | Time:00:00.00 | Mem:0.55M, Peak:0.55M | Scene, ViewLayer | Updating Camera Volume
Fra:32 Mem:10.49M (Peak 52.52M) | Time:00:00.00 | Mem:0.55M, Peak:0.55M | Scene, ViewLayer | Updating Lookup Tables
Fra:32 Mem:10.49M (Peak 52.52M) | Time:00:00.00 | Mem:0.63M, Peak:0.63M | Scene, ViewLayer | Updating Lights
Fra:32 Mem:10.49M (Peak 52.52M) | Time:00:00.00 | Mem:0.63M, Peak:0.63M | Scene, ViewLayer | Updating Lights | Computing tree
Fra:32 Mem:10.94M (Peak 52.52M) | Time:00:00.01 | Mem:1.09M, Peak:1.09M | Scene, ViewLayer | Updating Integrator
Fra:32 Mem:10.94M (Peak 52.52M) | Time:00:00.01 | Mem:1.09M, Peak:1.09M | Scene, ViewLayer | Updating Film
Fra:32 Mem:10.95M (Peak 52.52M) | Time:00:00.01 | Mem:1.00M, Peak:1.09M | Scene, ViewLayer | Updating Lookup Tables
Fra:32 Mem:10.95M (Peak 52.52M) | Time:00:00.01 | Mem:1.09M, Peak:1.09M | Scene, ViewLayer | Updating Baking
Fra:32 Mem:10.95M (Peak 52.52M) | Time:00:00.01 | Mem:1.09M, Peak:1.09M | Scene, ViewLayer | Updating Device | Writing constant memory
Fra:32 Mem:10.95M (Peak 52.52M) | Time:00:00.01 | Mem:1.09M, Peak:1.09M | Scene, ViewLayer | Sample 0/32
Fra:32 Mem:28.79M (Peak 52.52M) | Time:00:00.16 | Remaining:00:04.42 | Mem:18.89M, Peak:18.89M | Scene, ViewLayer | Sample 1/32
Fra:32 Mem:36.70M (Peak 52.52M) | Time:00:04.69 | Mem:18.89M, Peak:18.89M | Scene, ViewLayer | Sample 32/32
Fra:32 Mem:36.70M (Peak 52.52M) | Time:00:04.69 | Mem:18.89M, Peak:18.89M | Scene, ViewLayer | Finished
Saved: '/home/runner/work/chaosim/chaosim/outputs/renders/paper_to_cloth_frames/frame_0032.png'
Time: 00:04.75 (Saving: 00:00.05)

Fra:33 Mem:11.45M (Peak 52.52M) | Time:00:00.00 | Mem:0.00M, Peak:0.00M | Scene, ViewLayer | Synchronizing object | ClothKey
Fra:33 Mem:11.45M (Peak 52.52M) | Time:00:00.00 | Mem:0.00M, Peak:0.00M | Scene, ViewLayer | Synchronizing object | FacesLabel
Fra:33 Mem:11.60M (Peak 52.52M) | Time:00:00.00 | Mem:0.00M, Peak:0.00M | Scene, ViewLayer | Synchronizing object | Rod
Fra:33 Mem:11.65M (Peak 52.52M) | Time:00:00.00 | Mem:0.00M, Peak:0.00M | Scene, ViewLayer | Synchronizing object | Sheet
Fra:33 Mem:11.70M (Peak 52.52M) | Time:00:00.00 | Mem:0.00M, Peak:0.00M | Scene, ViewLayer | Synchronizing object | GlassSphere
Fra:33 Mem:11.86M (Peak 52.52M) | Time:00:00.00 | Mem:0.00M, Peak:0.00M | Scene, ViewLayer | Initializing
Fra:33 Mem:10.20M (Peak 52.52M) | Time:00:00.00 | Mem:0.00M, Peak:0.00M | Scene, ViewLayer | Waiting for render to start
Fra:33 Mem:10.20M (Peak 52.52M) | Time:00:00.00 | Mem:0.00M, Peak:0.00M | Scene, ViewLayer | Updating Scene
Fra:33 Mem:10.20M (Peak 52.52M) | Time:00:00.00 | Mem:0.00M, Peak:0.00M | Scene, ViewLayer | Updating Shaders
Fra:33 Mem:10.20M (Peak 52.52M) | Time:00:00.00 | Mem:0.00M, Peak:0.00M | Scene, ViewLayer | Loading render kernels (may take a few minutes the first time)
Fra:33 Mem:10.28M (Peak 52.52M) | Time:00:00.00 | Mem:0.00M, Peak:0.00M | Scene, ViewLayer | Updating Procedurals
Fra:33 Mem:10.28M (Peak 52.52M) | Time:00:00.00 | Mem:0.00M, Peak:0.00M | Scene, ViewLayer | Updating Background
Fra:33 Mem:10.28M (Peak 52.52M) | Time:00:00.00 | Mem:0.00M, Peak:0.00M | Scene, ViewLayer | Updating Camera
Fra:33 Mem:10.28M (Peak 52.52M) | Time:00:00.00 | Mem:0.00M, Peak:0.00M | Scene, ViewLayer | Updating Meshes Flags
Fra:33 Mem:10.28M (Peak 52.52M) | Time:00:00.00 | Mem:0.00M, Peak:0.00M | Scene, ViewLayer | Updating Objects
Fra:33 Mem:10.28M (Peak 52.52M) | Time:00:00.00 | Mem:0.00M, Peak:0.00M | Scene, ViewLayer | Updating Objects | Copying Transformations to device
Fra:33 Mem:10.28M (Peak 52.52M) | Time:00:00.00 | Mem:0.01M, Peak:0.01M | Scene, ViewLayer | Updating Particle Systems
Fra:33 Mem:10.28M (Peak 52.52M) | Time:00:00.00 | Mem:0.01M, Peak:0.01M | Scene, ViewLayer | Updating Particle Systems | Copying Particles to device
Fra:33 Mem:10.28M (Peak 52.52M) | Time:00:00.00 | Mem:0.01M, Peak:0.01M | Scene, ViewLayer | Updating Meshes
Fra:33 Mem:10.28M (Peak 52.52M) | Time:00:00.00 | Mem:0.01M, Peak:0.01M | Scene, ViewLayer | Updating Objects | Applying Static Transformations
Fra:33 Mem:10.28M (Peak 52.52M) | Time:00:00.00 | Mem:0.01M, Peak:0.01M | Scene, ViewLayer | Updating Mesh | Computing attributes
Fra:33 Mem:10.33M (Peak 52.52M) | Time:00:00.00 | Mem:0.01M, Peak:0.01M | Scene, ViewLayer | Updating Mesh | Copying Attributes to device
Fra:33 Mem:10.33M (Peak 52.52M) | Time:00:00.00 | Mem:0.05M, Peak:0.05M | Scene, ViewLayer | Updating Scene BVH | Building
Fra:33 Mem:10.33M (Peak 52.52M) | Time:00:00.00 | Mem:0.05M, Peak:0.05M | Scene, ViewLayer | Updating Scene BVH | Building BVH
Fra:33 Mem:10.33M (Peak 52.52M) | Time:00:00.00 | Mem:0.20M, Peak:0.20M | Scene, ViewLayer | Updating Scene BVH | Building BVH 0%
Fra:33 Mem:10.33M (Peak 52.52M) | Time:00:00.00 | Mem:0.37M, Peak:0.52M | Scene, ViewLayer | Updating Scene BVH | Copying BVH to device
Fra:33 Mem:10.33M (Peak 52.52M) | Time:00:00.00 | Mem:0.37M, Peak:0.52M | Scene, ViewLayer | Updating Mesh | Computing normals
Fra:33 Mem:10.49M (Peak 52.52M) | Time:00:00.00 | Mem:0.37M, Peak:0.52M | Scene, ViewLayer | Updating Mesh | Copying Mesh to device
Fra:33 Mem:10.49M (Peak 52.52M) | Time:00:00.00 | Mem:0.54M, Peak:0.54M | Scene, ViewLayer | Updating Objects Flags
Fra:33 Mem:10.49M (Peak 52.52M) | Time:00:00.00 | Mem:0.54M, Peak:0.54M | Scene, ViewLayer | Updating Primitive Offsets
Fra:33 Mem:10.49M (Peak 52.52M) | Time:00:00.00 | Mem:0.54M, Peak:0.54M | Scene, ViewLayer | Updating Images
Fra:33 Mem:10.49M (Peak 52.52M) | Time:00:00.00 | Mem:0.54M, Peak:0.54M | Scene, ViewLayer | Updating Camera Volume
Fra:33 Mem:10.49M (Peak 52.52M) | Time:00:00.00 | Mem:0.54M, Peak:0.54M | Scene, ViewLayer | Updating Lookup Tables
Fra:33 Mem:10.49M (Peak 52.52M) | Time:00:00.00 | Mem:0.62M, Peak:0.62M | Scene, ViewLayer | Updating Lights
Fra:33 Mem:10.49M (Peak 52.52M) | Time:00:00.00 | Mem:0.62M, Peak:0.62M | Scene, ViewLayer | Updating Lights | Computing tree
Fra:33 Mem:10.94M (Peak 52.52M) | Time:00:00.01 | Mem:1.07M, Peak:1.07M | Scene, ViewLayer | Updating Integrator
Fra:33 Mem:10.94M (Peak 52.52M) | Time:00:00.01 | Mem:1.07M, Peak:1.07M | Scene, ViewLayer | Updating Film
Fra:33 Mem:10.95M (Peak 52.52M) | Time:00:00.01 | Mem:0.99M, Peak:1.07M | Scene, ViewLayer | Updating Lookup Tables
Fra:33 Mem:10.95M (Peak 52.52M) | Time:00:00.01 | Mem:1.07M, Peak:1.07M | Scene, ViewLayer | Updating Baking
Fra:33 Mem:10.95M (Peak 52.52M) | Time:00:00.01 | Mem:1.07M, Peak:1.07M | Scene, ViewLayer | Updating Device | Writing constant memory
Fra:33 Mem:10.95M (Peak 52.52M) | Time:00:00.01 | Mem:1.07M, Peak:1.07M | Scene, ViewLayer | Sample 0/32
Fra:33 Mem:28.79M (Peak 52.52M) | Time:00:00.16 | Remaining:00:04.43 | Mem:18.87M, Peak:18.87M | Scene, ViewLayer | Sample 1/32
Fra:33 Mem:36.70M (Peak 52.52M) | Time:00:04.73 | Mem:18.87M, Peak:18.87M | Scene, ViewLayer | Sample 32/32
Fra:33 Mem:36.70M (Peak 52.52M) | Time:00:04.73 | Mem:18.87M, Peak:18.87M | Scene, ViewLayer | Finished
Saved: '/home/runner/work/chaosim/chaosim/outputs/renders/paper_to_cloth_frames/frame_0033.png'
Time: 00:04.79 (Saving: 00:00.05)

Fra:34 Mem:11.45M (Peak 52.52M) | Time:00:00.00 | Mem:0.00M, Peak:0.00M | Scene, ViewLayer | Synchronizing object | ClothKey
Fra:34 Mem:11.45M (Peak 52.52M) | Time:00:00.00 | Mem:0.00M, Peak:0.00M | Scene, ViewLayer | Synchronizing object | ClothRim
Fra:34 Mem:11.45M (Peak 52.52M) | Time:00:00.00 | Mem:0.00M, Peak:0.00M | Scene, ViewLayer | Synchronizing object | FacesLabel
Fra:34 Mem:11.45M (Peak 52.52M) | Time:00:00.00 | Mem:0.00M, Peak:0.00M | Scene, ViewLayer | Synchronizing object | Sheet
Fra:34 Mem:11.45M (Peak 52.52M) | Time:00:00.00 | Mem:0.00M, Peak:0.00M | Scene, ViewLayer | Synchronizing object | GlassSphere
Fra:34 Mem:11.86M (Peak 52.52M) | Time:00:00.00 | Mem:0.00M, Peak:0.00M | Scene, ViewLayer | Initializing
Fra:34 Mem:10.20M (Peak 52.52M) | Time:00:00.00 | Mem:0.00M, Peak:0.00M | Scene, ViewLayer | Waiting for render to start
Fra:34 Mem:10.20M (Peak 52.52M) | Time:00:00.00 | Mem:0.00M, Peak:0.00M | Scene, ViewLayer | Updating Scene
Fra:34 Mem:10.20M (Peak 52.52M) | Time:00:00.00 | Mem:0.00M, Peak:0.00M | Scene, ViewLayer | Updating Shaders
Fra:34 Mem:10.20M (Peak 52.52M) | Time:00:00.00 | Mem:0.00M, Peak:0.00M | Scene, ViewLayer | Loading render kernels (may take a few minutes the first time)
Fra:34 Mem:10.28M (Peak 52.52M) | Time:00:00.00 | Mem:0.00M, Peak:0.00M | Scene, ViewLayer | Updating Procedurals
Fra:34 Mem:10.28M (Peak 52.52M) | Time:00:00.00 | Mem:0.00M, Peak:0.00M | Scene, ViewLayer | Updating Background
Fra:34 Mem:10.28M (Peak 52.52M) | Time:00:00.00 | Mem:0.00M, Peak:0.00M | Scene, ViewLayer | Updating Camera
Fra:34 Mem:10.28M (Peak 52.52M) | Time:00:00.00 | Mem:0.00M, Peak:0.00M | Scene, ViewLayer | Updating Meshes Flags
Fra:34 Mem:10.28M (Peak 52.52M) | Time:00:00.00 | Mem:0.00M, Peak:0.00M | Scene, ViewLayer | Updating Objects
Fra:34 Mem:10.28M (Peak 52.52M) | Time:00:00.00 | Mem:0.00M, Peak:0.00M | Scene, ViewLayer | Updating Objects | Copying Transformations to device
Fra:34 Mem:10.28M (Peak 52.52M) | Time:00:00.00 | Mem:0.01M, Peak:0.01M | Scene, ViewLayer | Updating Particle Systems
Fra:34 Mem:10.28M (Peak 52.52M) | Time:00:00.00 | Mem:0.01M, Peak:0.01M | Scene, ViewLayer | Updating Particle Systems | Copying Particles to device
Fra:34 Mem:10.28M (Peak 52.52M) | Time:00:00.00 | Mem:0.01M, Peak:0.01M | Scene, ViewLayer | Updating Meshes
Fra:34 Mem:10.28M (Peak 52.52M) | Time:00:00.00 | Mem:0.01M, Peak:0.01M | Scene, ViewLayer | Updating Objects | Applying Static Transformations
Fra:34 Mem:10.28M (Peak 52.52M) | Time:00:00.00 | Mem:0.01M, Peak:0.01M | Scene, ViewLayer | Updating Mesh | Computing attributes
Fra:34 Mem:10.33M (Peak 52.52M) | Time:00:00.00 | Mem:0.01M, Peak:0.01M | Scene, ViewLayer | Updating Mesh | Copying Attributes to device
Fra:34 Mem:10.33M (Peak 52.52M) | Time:00:00.00 | Mem:0.05M, Peak:0.05M | Scene, ViewLayer | Updating Scene BVH | Building
Fra:34 Mem:10.33M (Peak 52.52M) | Time:00:00.00 | Mem:0.05M, Peak:0.05M | Scene, ViewLayer | Updating Scene BVH | Building BVH
Fra:34 Mem:10.33M (Peak 52.52M) | Time:00:00.00 | Mem:0.20M, Peak:0.20M | Scene, ViewLayer | Updating Scene BVH | Building BVH 0%
Fra:34 Mem:10.33M (Peak 52.52M) | Time:00:00.00 | Mem:0.39M, Peak:0.54M | Scene, ViewLayer | Updating Scene BVH | Copying BVH to device
Fra:34 Mem:10.33M (Peak 52.52M) | Time:00:00.00 | Mem:0.39M, Peak:0.54M | Scene, ViewLayer | Updating Mesh | Computing normals
Fra:34 Mem:10.49M (Peak 52.52M) | Time:00:00.00 | Mem:0.39M, Peak:0.54M | Scene, ViewLayer | Updating Mesh | Copying Mesh to device
Fra:34 Mem:10.49M (Peak 52.52M) | Time:00:00.00 | Mem:0.55M, Peak:0.55M | Scene, ViewLayer | Updating Objects Flags
Fra:34 Mem:10.49M (Peak 52.52M) | Time:00:00.00 | Mem:0.55M, Peak:0.55M | Scene, ViewLayer | Updating Primitive Offsets
Fra:34 Mem:10.49M (Peak 52.52M) | Time:00:00.00 | Mem:0.55M, Peak:0.55M | Scene, ViewLayer | Updating Images
Fra:34 Mem:10.49M (Peak 52.52M) | Time:00:00.00 | Mem:0.55M, Peak:0.55M | Scene, ViewLayer | Updating Camera Volume
Fra:34 Mem:10.49M (Peak 52.52M) | Time:00:00.00 | Mem:0.55M, Peak:0.55M | Scene, ViewLayer | Updating Lookup Tables
Fra:34 Mem:10.49M (Peak 52.52M) | Time:00:00.00 | Mem:0.63M, Peak:0.63M | Scene, ViewLayer | Updating Lights
Fra:34 Mem:10.49M (Peak 52.52M) | Time:00:00.00 | Mem:0.63M, Peak:0.63M | Scene, ViewLayer | Updating Lights | Computing tree
Fra:34 Mem:10.94M (Peak 52.52M) | Time:00:00.02 | Mem:1.09M, Peak:1.09M | Scene, ViewLayer | Updating Integrator
Fra:34 Mem:10.94M (Peak 52.52M) | Time:00:00.02 | Mem:1.09M, Peak:1.09M | Scene, ViewLayer | Updating Film
Fra:34 Mem:10.95M (Peak 52.52M) | Time:00:00.02 | Mem:1.00M, Peak:1.09M | Scene, ViewLayer | Updating Lookup Tables
Fra:34 Mem:10.95M (Peak 52.52M) | Time:00:00.02 | Mem:1.09M, Peak:1.09M | Scene, ViewLayer | Updating Baking
Fra:34 Mem:10.95M (Peak 52.52M) | Time:00:00.02 | Mem:1.09M, Peak:1.09M | Scene, ViewLayer | Updating Device | Writing constant memory
Fra:34 Mem:10.95M (Peak 52.52M) | Time:00:00.02 | Mem:1.09M, Peak:1.09M | Scene, ViewLayer | Sample 0/32
Fra:34 Mem:28.79M (Peak 52.52M) | Time:00:00.16 | Remaining:00:04.48 | Mem:18.89M, Peak:18.89M | Scene, ViewLayer | Sample 1/32
Fra:34 Mem:36.70M (Peak 52.52M) | Time:00:04.76 | Mem:18.89M, Peak:18.89M | Scene, ViewLayer | Sample 32/32
Fra:34 Mem:36.70M (Peak 52.52M) | Time:00:04.76 | Mem:18.89M, Peak:18.89M | Scene, ViewLayer | Finished
Saved: '/home/runner/work/chaosim/chaosim/outputs/renders/paper_to_cloth_frames/frame_0034.png'
Time: 00:04.82 (Saving: 00:00.05)

Fra:35 Mem:11.45M (Peak 52.52M) | Time:00:00.00 | Mem:0.00M, Peak:0.00M | Scene, ViewLayer | Synchronizing object | ClothKey
Fra:35 Mem:11.45M (Peak 52.52M) | Time:00:00.00 | Mem:0.00M, Peak:0.00M | Scene, ViewLayer | Synchronizing object | ClothFill
Fra:35 Mem:11.45M (Peak 52.52M) | Time:00:00.00 | Mem:0.00M, Peak:0.00M | Scene, ViewLayer | Synchronizing object | Sheet
Fra:35 Mem:11.46M (Peak 52.52M) | Time:00:00.00 | Mem:0.00M, Peak:0.00M | Scene, ViewLayer | Synchronizing object | FacesLabel
Fra:35 Mem:11.46M (Peak 52.52M) | Time:00:00.00 | Mem:0.00M, Peak:0.00M | Scene, ViewLayer | Synchronizing object | GlassSphere
Fra:35 Mem:11.86M (Peak 52.52M) | Time:00:00.00 | Mem:0.00M, Peak:0.00M | Scene, ViewLayer | Initializing
Fra:35 Mem:10.20M (Peak 52.52M) | Time:00:00.00 | Mem:0.00M, Peak:0.00M | Scene, ViewLayer | Waiting for render to start
Fra:35 Mem:10.20M (Peak 52.52M) | Time:00:00.00 | Mem:0.00M, Peak:0.00M | Scene, ViewLayer | Updating Scene
Fra:35 Mem:10.20M (Peak 52.52M) | Time:00:00.00 | Mem:0.00M, Peak:0.00M | Scene, ViewLayer | Updating Shaders
Fra:35 Mem:10.20M (Peak 52.52M) | Time:00:00.00 | Mem:0.00M, Peak:0.00M | Scene, ViewLayer | Loading render kernels (may take a few minutes the first time)
Fra:35 Mem:10.28M (Peak 52.52M) | Time:00:00.00 | Mem:0.00M, Peak:0.00M | Scene, ViewLayer | Updating Procedurals
Fra:35 Mem:10.28M (Peak 52.52M) | Time:00:00.00 | Mem:0.00M, Peak:0.00M | Scene, ViewLayer | Updating Background
Fra:35 Mem:10.28M (Peak 52.52M) | Time:00:00.00 | Mem:0.00M, Peak:0.00M | Scene, ViewLayer | Updating Camera
Fra:35 Mem:10.28M (Peak 52.52M) | Time:00:00.00 | Mem:0.00M, Peak:0.00M | Scene, ViewLayer | Updating Meshes Flags
Fra:35 Mem:10.28M (Peak 52.52M) | Time:00:00.00 | Mem:0.00M, Peak:0.00M | Scene, ViewLayer | Updating Objects
Fra:35 Mem:10.28M (Peak 52.52M) | Time:00:00.00 | Mem:0.00M, Peak:0.00M | Scene, ViewLayer | Updating Objects | Copying Transformations to device
Fra:35 Mem:10.28M (Peak 52.52M) | Time:00:00.00 | Mem:0.01M, Peak:0.01M | Scene, ViewLayer | Updating Particle Systems
Fra:35 Mem:10.28M (Peak 52.52M) | Time:00:00.00 | Mem:0.01M, Peak:0.01M | Scene, ViewLayer | Updating Particle Systems | Copying Particles to device
Fra:35 Mem:10.28M (Peak 52.52M) | Time:00:00.00 | Mem:0.01M, Peak:0.01M | Scene, ViewLayer | Updating Meshes
Fra:35 Mem:10.28M (Peak 52.52M) | Time:00:00.00 | Mem:0.01M, Peak:0.01M | Scene, ViewLayer | Updating Objects | Applying Static Transformations
Fra:35 Mem:10.28M (Peak 52.52M) | Time:00:00.00 | Mem:0.01M, Peak:0.01M | Scene, ViewLayer | Updating Mesh | Computing attributes
Fra:35 Mem:10.33M (Peak 52.52M) | Time:00:00.00 | Mem:0.01M, Peak:0.01M | Scene, ViewLayer | Updating Mesh | Copying Attributes to device
Fra:35 Mem:10.33M (Peak 52.52M) | Time:00:00.00 | Mem:0.05M, Peak:0.05M | Scene, ViewLayer | Updating Scene BVH | Building
Fra:35 Mem:10.33M (Peak 52.52M) | Time:00:00.00 | Mem:0.05M, Peak:0.05M | Scene, ViewLayer | Updating Scene BVH | Building BVH
Fra:35 Mem:10.33M (Peak 52.52M) | Time:00:00.00 | Mem:0.20M, Peak:0.20M | Scene, ViewLayer | Updating Scene BVH | Building BVH 0%
Fra:35 Mem:10.33M (Peak 52.52M) | Time:00:00.00 | Mem:0.37M, Peak:0.52M | Scene, ViewLayer | Updating Scene BVH | Copying BVH to device
Fra:35 Mem:10.33M (Peak 52.52M) | Time:00:00.00 | Mem:0.37M, Peak:0.52M | Scene, ViewLayer | Updating Mesh | Computing normals
Fra:35 Mem:10.49M (Peak 52.52M) | Time:00:00.00 | Mem:0.37M, Peak:0.52M | Scene, ViewLayer | Updating Mesh | Copying Mesh to device
Fra:35 Mem:10.49M (Peak 52.52M) | Time:00:00.00 | Mem:0.54M, Peak:0.54M | Scene, ViewLayer | Updating Objects Flags
Fra:35 Mem:10.49M (Peak 52.52M) | Time:00:00.00 | Mem:0.54M, Peak:0.54M | Scene, ViewLayer | Updating Primitive Offsets
Fra:35 Mem:10.49M (Peak 52.52M) | Time:00:00.00 | Mem:0.54M, Peak:0.54M | Scene, ViewLayer | Updating Images
Fra:35 Mem:10.49M (Peak 52.52M) | Time:00:00.00 | Mem:0.54M, Peak:0.54M | Scene, ViewLayer | Updating Camera Volume
Fra:35 Mem:10.49M (Peak 52.52M) | Time:00:00.00 | Mem:0.54M, Peak:0.54M | Scene, ViewLayer | Updating Lookup Tables
Fra:35 Mem:10.49M (Peak 52.52M) | Time:00:00.00 | Mem:0.62M, Peak:0.62M | Scene, ViewLayer | Updating Lights
Fra:35 Mem:10.49M (Peak 52.52M) | Time:00:00.00 | Mem:0.62M, Peak:0.62M | Scene, ViewLayer | Updating Lights | Computing tree
Fra:35 Mem:10.94M (Peak 52.52M) | Time:00:00.01 | Mem:1.07M, Peak:1.07M | Scene, ViewLayer | Updating Integrator
Fra:35 Mem:10.94M (Peak 52.52M) | Time:00:00.01 | Mem:1.07M, Peak:1.07M | Scene, ViewLayer | Updating Film
Fra:35 Mem:10.95M (Peak 52.52M) | Time:00:00.01 | Mem:0.99M, Peak:1.07M | Scene, ViewLayer | Updating Lookup Tables
Fra:35 Mem:10.95M (Peak 52.52M) | Time:00:00.01 | Mem:1.07M, Peak:1.07M | Scene, ViewLayer | Updating Baking
Fra:35 Mem:10.95M (Peak 52.52M) | Time:00:00.01 | Mem:1.07M, Peak:1.07M | Scene, ViewLayer | Updating Device | Writing constant memory
Fra:35 Mem:10.95M (Peak 52.52M) | Time:00:00.01 | Mem:1.07M, Peak:1.07M | Scene, ViewLayer | Sample 0/32
Fra:35 Mem:28.79M (Peak 52.52M) | Time:00:00.16 | Remaining:00:04.49 | Mem:18.87M, Peak:18.87M | Scene, ViewLayer | Sample 1/32
Fra:35 Mem:36.70M (Peak 52.52M) | Time:00:04.77 | Mem:18.87M, Peak:18.87M | Scene, ViewLayer | Sample 32/32
Fra:35 Mem:36.70M (Peak 52.52M) | Time:00:04.77 | Mem:18.87M, Peak:18.87M | Scene, ViewLayer | Finished
Saved: '/home/runner/work/chaosim/chaosim/outputs/renders/paper_to_cloth_frames/frame_0035.png'
Time: 00:04.82 (Saving: 00:00.05)

Fra:36 Mem:11.45M (Peak 52.52M) | Time:00:00.00 | Mem:0.00M, Peak:0.00M | Scene, ViewLayer | Synchronizing object | ClothKey
Fra:36 Mem:11.45M (Peak 52.52M) | Time:00:00.00 | Mem:0.00M, Peak:0.00M | Scene, ViewLayer | Synchronizing object | ClothRim
Fra:36 Mem:11.45M (Peak 52.52M) | Time:00:00.00 | Mem:0.00M, Peak:0.00M | Scene, ViewLayer | Synchronizing object | FacesLabel
Fra:36 Mem:11.48M (Peak 52.52M) | Time:00:00.00 | Mem:0.00M, Peak:0.00M | Scene, ViewLayer | Synchronizing object | Sheet
Fra:36 Mem:11.61M (Peak 52.52M) | Time:00:00.00 | Mem:0.00M, Peak:0.00M | Scene, ViewLayer | Synchronizing object | GlassSphere
Fra:36 Mem:11.86M (Peak 52.52M) | Time:00:00.00 | Mem:0.00M, Peak:0.00M | Scene, ViewLayer | Initializing
Fra:36 Mem:10.20M (Peak 52.52M) | Time:00:00.00 | Mem:0.00M, Peak:0.00M | Scene, ViewLayer | Waiting for render to start
Fra:36 Mem:10.20M (Peak 52.52M) | Time:00:00.00 | Mem:0.00M, Peak:0.00M | Scene, ViewLayer | Updating Scene
Fra:36 Mem:10.20M (Peak 52.52M) | Time:00:00.00 | Mem:0.00M, Peak:0.00M | Scene, ViewLayer | Updating Shaders
Fra:36 Mem:10.20M (Peak 52.52M) | Time:00:00.00 | Mem:0.00M, Peak:0.00M | Scene, ViewLayer | Loading render kernels (may take a few minutes the first time)
Fra:36 Mem:10.28M (Peak 52.52M) | Time:00:00.00 | Mem:0.00M, Peak:0.00M | Scene, ViewLayer | Updating Procedurals
Fra:36 Mem:10.28M (Peak 52.52M) | Time:00:00.00 | Mem:0.00M, Peak:0.00M | Scene, ViewLayer | Updating Background
Fra:36 Mem:10.28M (Peak 52.52M) | Time:00:00.00 | Mem:0.00M, Peak:0.00M | Scene, ViewLayer | Updating Camera
Fra:36 Mem:10.28M (Peak 52.52M) | Time:00:00.00 | Mem:0.00M, Peak:0.00M | Scene, ViewLayer | Updating Meshes Flags
Fra:36 Mem:10.28M (Peak 52.52M) | Time:00:00.00 | Mem:0.00M, Peak:0.00M | Scene, ViewLayer | Updating Objects
Fra:36 Mem:10.28M (Peak 52.52M) | Time:00:00.00 | Mem:0.00M, Peak:0.00M | Scene, ViewLayer | Updating Objects | Copying Transformations to device
Fra:36 Mem:10.28M (Peak 52.52M) | Time:00:00.00 | Mem:0.01M, Peak:0.01M | Scene, ViewLayer | Updating Particle Systems
Fra:36 Mem:10.28M (Peak 52.52M) | Time:00:00.00 | Mem:0.01M, Peak:0.01M | Scene, ViewLayer | Updating Particle Systems | Copying Particles to device
Fra:36 Mem:10.28M (Peak 52.52M) | Time:00:00.00 | Mem:0.01M, Peak:0.01M | Scene, ViewLayer | Updating Meshes
Fra:36 Mem:10.28M (Peak 52.52M) | Time:00:00.00 | Mem:0.01M, Peak:0.01M | Scene, ViewLayer | Updating Objects | Applying Static Transformations
Fra:36 Mem:10.28M (Peak 52.52M) | Time:00:00.00 | Mem:0.01M, Peak:0.01M | Scene, ViewLayer | Updating Mesh | Computing attributes
Fra:36 Mem:10.33M (Peak 52.52M) | Time:00:00.00 | Mem:0.01M, Peak:0.01M | Scene, ViewLayer | Updating Mesh | Copying Attributes to device
Fra:36 Mem:10.33M (Peak 52.52M) | Time:00:00.00 | Mem:0.05M, Peak:0.05M | Scene, ViewLayer | Updating Scene BVH | Building
Fra:36 Mem:10.33M (Peak 52.52M) | Time:00:00.00 | Mem:0.05M, Peak:0.05M | Scene, ViewLayer | Updating Scene BVH | Building BVH
Fra:36 Mem:10.33M (Peak 52.52M) | Time:00:00.00 | Mem:0.20M, Peak:0.20M | Scene, ViewLayer | Updating Scene BVH | Building BVH 0%
Fra:36 Mem:10.33M (Peak 52.52M) | Time:00:00.00 | Mem:0.37M, Peak:0.52M | Scene, ViewLayer | Updating Scene BVH | Copying BVH to device
Fra:36 Mem:10.33M (Peak 52.52M) | Time:00:00.00 | Mem:0.37M, Peak:0.52M | Scene, ViewLayer | Updating Mesh | Computing normals
Fra:36 Mem:10.49M (Peak 52.52M) | Time:00:00.00 | Mem:0.37M, Peak:0.52M | Scene, ViewLayer | Updating Mesh | Copying Mesh to device
Fra:36 Mem:10.49M (Peak 52.52M) | Time:00:00.00 | Mem:0.54M, Peak:0.54M | Scene, ViewLayer | Updating Objects Flags
Fra:36 Mem:10.49M (Peak 52.52M) | Time:00:00.00 | Mem:0.54M, Peak:0.54M | Scene, ViewLayer | Updating Primitive Offsets
Fra:36 Mem:10.49M (Peak 52.52M) | Time:00:00.00 | Mem:0.54M, Peak:0.54M | Scene, ViewLayer | Updating Images
Fra:36 Mem:10.49M (Peak 52.52M) | Time:00:00.00 | Mem:0.54M, Peak:0.54M | Scene, ViewLayer | Updating Camera Volume
Fra:36 Mem:10.49M (Peak 52.52M) | Time:00:00.00 | Mem:0.54M, Peak:0.54M | Scene, ViewLayer | Updating Lookup Tables
Fra:36 Mem:10.49M (Peak 52.52M) | Time:00:00.00 | Mem:0.62M, Peak:0.62M | Scene, ViewLayer | Updating Lights
Fra:36 Mem:10.49M (Peak 52.52M) | Time:00:00.00 | Mem:0.62M, Peak:0.62M | Scene, ViewLayer | Updating Lights | Computing tree
Fra:36 Mem:10.94M (Peak 52.52M) | Time:00:00.01 | Mem:1.07M, Peak:1.07M | Scene, ViewLayer | Updating Integrator
Fra:36 Mem:10.94M (Peak 52.52M) | Time:00:00.01 | Mem:1.07M, Peak:1.07M | Scene, ViewLayer | Updating Film
Fra:36 Mem:10.95M (Peak 52.52M) | Time:00:00.01 | Mem:0.99M, Peak:1.07M | Scene, ViewLayer | Updating Lookup Tables
Fra:36 Mem:10.95M (Peak 52.52M) | Time:00:00.01 | Mem:1.07M, Peak:1.07M | Scene, ViewLayer | Updating Baking
Fra:36 Mem:10.95M (Peak 52.52M) | Time:00:00.01 | Mem:1.07M, Peak:1.07M | Scene, ViewLayer | Updating Device | Writing constant memory
Fra:36 Mem:10.95M (Peak 52.52M) | Time:00:00.01 | Mem:1.07M, Peak:1.07M | Scene, ViewLayer | Sample 0/32
Fra:36 Mem:28.79M (Peak 52.52M) | Time:00:00.16 | Remaining:00:04.44 | Mem:18.87M, Peak:18.87M | Scene, ViewLayer | Sample 1/32
Fra:36 Mem:36.70M (Peak 52.52M) | Time:00:04.76 | Mem:18.87M, Peak:18.87M | Scene, ViewLayer | Sample 32/32
Fra:36 Mem:36.70M (Peak 52.52M) | Time:00:04.76 | Mem:18.87M, Peak:18.87M | Scene, ViewLayer | Finished
Saved: '/home/runner/work/chaosim/chaosim/outputs/renders/paper_to_cloth_frames/frame_0036.png'
Time: 00:04.82 (Saving: 00:00.05)

Fra:37 Mem:11.45M (Peak 52.52M) | Time:00:00.00 | Mem:0.00M, Peak:0.00M | Scene, ViewLayer | Synchronizing object | ClothKey
Fra:37 Mem:11.45M (Peak 52.52M) | Time:00:00.00 | Mem:0.00M, Peak:0.00M | Scene, ViewLayer | Synchronizing object | ClothRim
Fra:37 Mem:11.45M (Peak 52.52M) | Time:00:00.00 | Mem:0.00M, Peak:0.00M | Scene, ViewLayer | Synchronizing object | FacesLabel
Fra:37 Mem:11.45M (Peak 52.52M) | Time:00:00.00 | Mem:0.00M, Peak:0.00M | Scene, ViewLayer | Synchronizing object | Sheet
Fra:37 Mem:11.60M (Peak 52.52M) | Time:00:00.00 | Mem:0.00M, Peak:0.00M | Scene, ViewLayer | Synchronizing object | GlassSphere
Fra:37 Mem:11.86M (Peak 52.52M) | Time:00:00.00 | Mem:0.00M, Peak:0.00M | Scene, ViewLayer | Initializing
Fra:37 Mem:10.20M (Peak 52.52M) | Time:00:00.00 | Mem:0.00M, Peak:0.00M | Scene, ViewLayer | Waiting for render to start
Fra:37 Mem:10.20M (Peak 52.52M) | Time:00:00.00 | Mem:0.00M, Peak:0.00M | Scene, ViewLayer | Updating Scene
Fra:37 Mem:10.20M (Peak 52.52M) | Time:00:00.00 | Mem:0.00M, Peak:0.00M | Scene, ViewLayer | Updating Shaders
Fra:37 Mem:10.20M (Peak 52.52M) | Time:00:00.00 | Mem:0.00M, Peak:0.00M | Scene, ViewLayer | Loading render kernels (may take a few minutes the first time)
Fra:37 Mem:10.28M (Peak 52.52M) | Time:00:00.00 | Mem:0.00M, Peak:0.00M | Scene, ViewLayer | Updating Procedurals
Fra:37 Mem:10.28M (Peak 52.52M) | Time:00:00.00 | Mem:0.00M, Peak:0.00M | Scene, ViewLayer | Updating Background
Fra:37 Mem:10.28M (Peak 52.52M) | Time:00:00.00 | Mem:0.00M, Peak:0.00M | Scene, ViewLayer | Updating Camera
Fra:37 Mem:10.28M (Peak 52.52M) | Time:00:00.00 | Mem:0.00M, Peak:0.00M | Scene, ViewLayer | Updating Meshes Flags
Fra:37 Mem:10.28M (Peak 52.52M) | Time:00:00.00 | Mem:0.00M, Peak:0.00M | Scene, ViewLayer | Updating Objects
Fra:37 Mem:10.28M (Peak 52.52M) | Time:00:00.00 | Mem:0.00M, Peak:0.00M | Scene, ViewLayer | Updating Objects | Copying Transformations to device
Fra:37 Mem:10.28M (Peak 52.52M) | Time:00:00.00 | Mem:0.01M, Peak:0.01M | Scene, ViewLayer | Updating Particle Systems
Fra:37 Mem:10.28M (Peak 52.52M) | Time:00:00.00 | Mem:0.01M, Peak:0.01M | Scene, ViewLayer | Updating Particle Systems | Copying Particles to device
Fra:37 Mem:10.28M (Peak 52.52M) | Time:00:00.00 | Mem:0.01M, Peak:0.01M | Scene, ViewLayer | Updating Meshes
Fra:37 Mem:10.28M (Peak 52.52M) | Time:00:00.00 | Mem:0.01M, Peak:0.01M | Scene, ViewLayer | Updating Objects | Applying Static Transformations
Fra:37 Mem:10.28M (Peak 52.52M) | Time:00:00.00 | Mem:0.01M, Peak:0.01M | Scene, ViewLayer | Updating Mesh | Computing attributes
Fra:37 Mem:10.33M (Peak 52.52M) | Time:00:00.00 | Mem:0.01M, Peak:0.01M | Scene, ViewLayer | Updating Mesh | Copying Attributes to device
Fra:37 Mem:10.33M (Peak 52.52M) | Time:00:00.00 | Mem:0.05M, Peak:0.05M | Scene, ViewLayer | Updating Scene BVH | Building
Fra:37 Mem:10.33M (Peak 52.52M) | Time:00:00.00 | Mem:0.05M, Peak:0.05M | Scene, ViewLayer | Updating Scene BVH | Building BVH
Fra:37 Mem:10.33M (Peak 52.52M) | Time:00:00.00 | Mem:0.20M, Peak:0.20M | Scene, ViewLayer | Updating Scene BVH | Building BVH 0%
Fra:37 Mem:10.33M (Peak 52.52M) | Time:00:00.00 | Mem:0.37M, Peak:0.52M | Scene, ViewLayer | Updating Scene BVH | Copying BVH to device
Fra:37 Mem:10.33M (Peak 52.52M) | Time:00:00.00 | Mem:0.37M, Peak:0.52M | Scene, ViewLayer | Updating Mesh | Computing normals
Fra:37 Mem:10.49M (Peak 52.52M) | Time:00:00.00 | Mem:0.37M, Peak:0.52M | Scene, ViewLayer | Updating Mesh | Copying Mesh to device
Fra:37 Mem:10.49M (Peak 52.52M) | Time:00:00.00 | Mem:0.54M, Peak:0.54M | Scene, ViewLayer | Updating Objects Flags
Fra:37 Mem:10.49M (Peak 52.52M) | Time:00:00.00 | Mem:0.54M, Peak:0.54M | Scene, ViewLayer | Updating Primitive Offsets
Fra:37 Mem:10.49M (Peak 52.52M) | Time:00:00.00 | Mem:0.54M, Peak:0.54M | Scene, ViewLayer | Updating Images
Fra:37 Mem:10.49M (Peak 52.52M) | Time:00:00.00 | Mem:0.54M, Peak:0.54M | Scene, ViewLayer | Updating Camera Volume
Fra:37 Mem:10.49M (Peak 52.52M) | Time:00:00.00 | Mem:0.54M, Peak:0.54M | Scene, ViewLayer | Updating Lookup Tables
Fra:37 Mem:10.49M (Peak 52.52M) | Time:00:00.00 | Mem:0.62M, Peak:0.62M | Scene, ViewLayer | Updating Lights
Fra:37 Mem:10.49M (Peak 52.52M) | Time:00:00.00 | Mem:0.62M, Peak:0.62M | Scene, ViewLayer | Updating Lights | Computing tree
Fra:37 Mem:10.94M (Peak 52.52M) | Time:00:00.02 | Mem:1.07M, Peak:1.07M | Scene, ViewLayer | Updating Integrator
Fra:37 Mem:10.94M (Peak 52.52M) | Time:00:00.02 | Mem:1.07M, Peak:1.07M | Scene, ViewLayer | Updating Film
Fra:37 Mem:10.95M (Peak 52.52M) | Time:00:00.02 | Mem:0.99M, Peak:1.07M | Scene, ViewLayer | Updating Lookup Tables
Fra:37 Mem:10.95M (Peak 52.52M) | Time:00:00.02 | Mem:1.07M, Peak:1.07M | Scene, ViewLayer | Updating Baking
Fra:37 Mem:10.95M (Peak 52.52M) | Time:00:00.02 | Mem:1.07M, Peak:1.07M | Scene, ViewLayer | Updating Device | Writing constant memory
Fra:37 Mem:10.95M (Peak 52.52M) | Time:00:00.02 | Mem:1.07M, Peak:1.07M | Scene, ViewLayer | Sample 0/32
Fra:37 Mem:28.79M (Peak 52.52M) | Time:00:00.16 | Remaining:00:04.54 | Mem:18.87M, Peak:18.87M | Scene, ViewLayer | Sample 1/32
Fra:37 Mem:36.70M (Peak 52.52M) | Time:00:04.75 | Mem:18.87M, Peak:18.87M | Scene, ViewLayer | Sample 32/32
Fra:37 Mem:36.70M (Peak 52.52M) | Time:00:04.75 | Mem:18.87M, Peak:18.87M | Scene, ViewLayer | Finished
Saved: '/home/runner/work/chaosim/chaosim/outputs/renders/paper_to_cloth_frames/frame_0037.png'
Time: 00:04.80 (Saving: 00:00.05)

Fra:38 Mem:11.45M (Peak 52.52M) | Time:00:00.00 | Mem:0.00M, Peak:0.00M | Scene, ViewLayer | Synchronizing object | ClothKey
Fra:38 Mem:11.45M (Peak 52.52M) | Time:00:00.00 | Mem:0.00M, Peak:0.00M | Scene, ViewLayer | Synchronizing object | ClothRim
Fra:38 Mem:11.45M (Peak 52.52M) | Time:00:00.00 | Mem:0.00M, Peak:0.00M | Scene, ViewLayer | Synchronizing object | FacesLabel
Fra:38 Mem:11.45M (Peak 52.52M) | Time:00:00.00 | Mem:0.00M, Peak:0.00M | Scene, ViewLayer | Synchronizing object | Sheet
Fra:38 Mem:11.48M (Peak 52.52M) | Time:00:00.00 | Mem:0.00M, Peak:0.00M | Scene, ViewLayer | Synchronizing object | GlassSphere
Fra:38 Mem:11.86M (Peak 52.52M) | Time:00:00.00 | Mem:0.00M, Peak:0.00M | Scene, ViewLayer | Initializing
Fra:38 Mem:10.20M (Peak 52.52M) | Time:00:00.00 | Mem:0.00M, Peak:0.00M | Scene, ViewLayer | Waiting for render to start
Fra:38 Mem:10.20M (Peak 52.52M) | Time:00:00.00 | Mem:0.00M, Peak:0.00M | Scene, ViewLayer | Updating Scene
Fra:38 Mem:10.20M (Peak 52.52M) | Time:00:00.00 | Mem:0.00M, Peak:0.00M | Scene, ViewLayer | Updating Shaders
Fra:38 Mem:10.20M (Peak 52.52M) | Time:00:00.00 | Mem:0.00M, Peak:0.00M | Scene, ViewLayer | Loading render kernels (may take a few minutes the first time)
Fra:38 Mem:10.28M (Peak 52.52M) | Time:00:00.00 | Mem:0.00M, Peak:0.00M | Scene, ViewLayer | Updating Procedurals
Fra:38 Mem:10.28M (Peak 52.52M) | Time:00:00.00 | Mem:0.00M, Peak:0.00M | Scene, ViewLayer | Updating Background
Fra:38 Mem:10.28M (Peak 52.52M) | Time:00:00.00 | Mem:0.00M, Peak:0.00M | Scene, ViewLayer | Updating Camera
Fra:38 Mem:10.28M (Peak 52.52M) | Time:00:00.00 | Mem:0.00M, Peak:0.00M | Scene, ViewLayer | Updating Meshes Flags
Fra:38 Mem:10.28M (Peak 52.52M) | Time:00:00.00 | Mem:0.00M, Peak:0.00M | Scene, ViewLayer | Updating Objects
Fra:38 Mem:10.28M (Peak 52.52M) | Time:00:00.00 | Mem:0.00M, Peak:0.00M | Scene, ViewLayer | Updating Objects | Copying Transformations to device
Fra:38 Mem:10.28M (Peak 52.52M) | Time:00:00.00 | Mem:0.01M, Peak:0.01M | Scene, ViewLayer | Updating Particle Systems
Fra:38 Mem:10.28M (Peak 52.52M) | Time:00:00.00 | Mem:0.01M, Peak:0.01M | Scene, ViewLayer | Updating Particle Systems | Copying Particles to device
Fra:38 Mem:10.28M (Peak 52.52M) | Time:00:00.00 | Mem:0.01M, Peak:0.01M | Scene, ViewLayer | Updating Meshes
Fra:38 Mem:10.28M (Peak 52.52M) | Time:00:00.00 | Mem:0.01M, Peak:0.01M | Scene, ViewLayer | Updating Objects | Applying Static Transformations
Fra:38 Mem:10.28M (Peak 52.52M) | Time:00:00.00 | Mem:0.01M, Peak:0.01M | Scene, ViewLayer | Updating Mesh | Computing attributes
Fra:38 Mem:10.33M (Peak 52.52M) | Time:00:00.00 | Mem:0.01M, Peak:0.01M | Scene, ViewLayer | Updating Mesh | Copying Attributes to device
Fra:38 Mem:10.33M (Peak 52.52M) | Time:00:00.00 | Mem:0.05M, Peak:0.05M | Scene, ViewLayer | Updating Scene BVH | Building
Fra:38 Mem:10.33M (Peak 52.52M) | Time:00:00.00 | Mem:0.05M, Peak:0.05M | Scene, ViewLayer | Updating Scene BVH | Building BVH
Fra:38 Mem:10.33M (Peak 52.52M) | Time:00:00.00 | Mem:0.20M, Peak:0.20M | Scene, ViewLayer | Updating Scene BVH | Building BVH 0%
Fra:38 Mem:10.33M (Peak 52.52M) | Time:00:00.00 | Mem:0.39M, Peak:0.54M | Scene, ViewLayer | Updating Scene BVH | Copying BVH to device
Fra:38 Mem:10.33M (Peak 52.52M) | Time:00:00.00 | Mem:0.39M, Peak:0.54M | Scene, ViewLayer | Updating Mesh | Computing normals
Fra:38 Mem:10.49M (Peak 52.52M) | Time:00:00.00 | Mem:0.39M, Peak:0.54M | Scene, ViewLayer | Updating Mesh | Copying Mesh to device
Fra:38 Mem:10.49M (Peak 52.52M) | Time:00:00.00 | Mem:0.55M, Peak:0.55M | Scene, ViewLayer | Updating Objects Flags
Fra:38 Mem:10.49M (Peak 52.52M) | Time:00:00.00 | Mem:0.55M, Peak:0.55M | Scene, ViewLayer | Updating Primitive Offsets
Fra:38 Mem:10.49M (Peak 52.52M) | Time:00:00.00 | Mem:0.55M, Peak:0.55M | Scene, ViewLayer | Updating Images
Fra:38 Mem:10.49M (Peak 52.52M) | Time:00:00.00 | Mem:0.55M, Peak:0.55M | Scene, ViewLayer | Updating Camera Volume
Fra:38 Mem:10.49M (Peak 52.52M) | Time:00:00.00 | Mem:0.55M, Peak:0.55M | Scene, ViewLayer | Updating Lookup Tables
Fra:38 Mem:10.49M (Peak 52.52M) | Time:00:00.00 | Mem:0.63M, Peak:0.63M | Scene, ViewLayer | Updating Lights
Fra:38 Mem:10.49M (Peak 52.52M) | Time:00:00.00 | Mem:0.63M, Peak:0.63M | Scene, ViewLayer | Updating Lights | Computing tree
Fra:38 Mem:10.94M (Peak 52.52M) | Time:00:00.02 | Mem:1.09M, Peak:1.09M | Scene, ViewLayer | Updating Integrator
Fra:38 Mem:10.94M (Peak 52.52M) | Time:00:00.02 | Mem:1.09M, Peak:1.09M | Scene, ViewLayer | Updating Film
Fra:38 Mem:10.95M (Peak 52.52M) | Time:00:00.02 | Mem:1.00M, Peak:1.09M | Scene, ViewLayer | Updating Lookup Tables
Fra:38 Mem:10.95M (Peak 52.52M) | Time:00:00.02 | Mem:1.09M, Peak:1.09M | Scene, ViewLayer | Updating Baking
Fra:38 Mem:10.95M (Peak 52.52M) | Time:00:00.02 | Mem:1.09M, Peak:1.09M | Scene, ViewLayer | Updating Device | Writing constant memory
Fra:38 Mem:10.95M (Peak 52.52M) | Time:00:00.02 | Mem:1.09M, Peak:1.09M | Scene, ViewLayer | Sample 0/32
Fra:38 Mem:28.79M (Peak 52.52M) | Time:00:00.16 | Remaining:00:04.40 | Mem:18.89M, Peak:18.89M | Scene, ViewLayer | Sample 1/32
Fra:38 Mem:36.70M (Peak 52.52M) | Time:00:04.72 | Mem:18.89M, Peak:18.89M | Scene, ViewLayer | Sample 32/32
Fra:38 Mem:36.70M (Peak 52.52M) | Time:00:04.72 | Mem:18.89M, Peak:18.89M | Scene, ViewLayer | Finished
Saved: '/home/runner/work/chaosim/chaosim/outputs/renders/paper_to_cloth_frames/frame_0038.png'
Time: 00:04.77 (Saving: 00:00.05)

Fra:39 Mem:11.45M (Peak 52.52M) | Time:00:00.00 | Mem:0.00M, Peak:0.00M | Scene, ViewLayer | Synchronizing object | ClothKey
Fra:39 Mem:11.45M (Peak 52.52M) | Time:00:00.00 | Mem:0.00M, Peak:0.00M | Scene, ViewLayer | Synchronizing object | ClothRim
Fra:39 Mem:11.45M (Peak 52.52M) | Time:00:00.00 | Mem:0.00M, Peak:0.00M | Scene, ViewLayer | Synchronizing object | Rod
Fra:39 Mem:11.45M (Peak 52.52M) | Time:00:00.00 | Mem:0.00M, Peak:0.00M | Scene, ViewLayer | Synchronizing object | FacesLabel
Fra:39 Mem:11.45M (Peak 52.52M) | Time:00:00.00 | Mem:0.00M, Peak:0.00M | Scene, ViewLayer | Synchronizing object | GlassSphere
Fra:39 Mem:11.86M (Peak 52.52M) | Time:00:00.00 | Mem:0.00M, Peak:0.00M | Scene, ViewLayer | Initializing
Fra:39 Mem:10.20M (Peak 52.52M) | Time:00:00.00 | Mem:0.00M, Peak:0.00M | Scene, ViewLayer | Waiting for render to start
Fra:39 Mem:10.20M (Peak 52.52M) | Time:00:00.00 | Mem:0.00M, Peak:0.00M | Scene, ViewLayer | Updating Scene
Fra:39 Mem:10.20M (Peak 52.52M) | Time:00:00.00 | Mem:0.00M, Peak:0.00M | Scene, ViewLayer | Updating Shaders
Fra:39 Mem:10.20M (Peak 52.52M) | Time:00:00.00 | Mem:0.00M, Peak:0.00M | Scene, ViewLayer | Loading render kernels (may take a few minutes the first time)
Fra:39 Mem:10.28M (Peak 52.52M) | Time:00:00.00 | Mem:0.00M, Peak:0.00M | Scene, ViewLayer | Updating Procedurals
Fra:39 Mem:10.28M (Peak 52.52M) | Time:00:00.00 | Mem:0.00M, Peak:0.00M | Scene, ViewLayer | Updating Background
Fra:39 Mem:10.28M (Peak 52.52M) | Time:00:00.00 | Mem:0.00M, Peak:0.00M | Scene, ViewLayer | Updating Camera
Fra:39 Mem:10.28M (Peak 52.52M) | Time:00:00.00 | Mem:0.00M, Peak:0.00M | Scene, ViewLayer | Updating Meshes Flags
Fra:39 Mem:10.28M (Peak 52.52M) | Time:00:00.00 | Mem:0.00M, Peak:0.00M | Scene, ViewLayer | Updating Objects
Fra:39 Mem:10.28M (Peak 52.52M) | Time:00:00.00 | Mem:0.00M, Peak:0.00M | Scene, ViewLayer | Updating Objects | Copying Transformations to device
Fra:39 Mem:10.28M (Peak 52.52M) | Time:00:00.00 | Mem:0.01M, Peak:0.01M | Scene, ViewLayer | Updating Particle Systems
Fra:39 Mem:10.28M (Peak 52.52M) | Time:00:00.00 | Mem:0.01M, Peak:0.01M | Scene, ViewLayer | Updating Particle Systems | Copying Particles to device
Fra:39 Mem:10.28M (Peak 52.52M) | Time:00:00.00 | Mem:0.01M, Peak:0.01M | Scene, ViewLayer | Updating Meshes
Fra:39 Mem:10.28M (Peak 52.52M) | Time:00:00.00 | Mem:0.01M, Peak:0.01M | Scene, ViewLayer | Updating Objects | Applying Static Transformations
Fra:39 Mem:10.28M (Peak 52.52M) | Time:00:00.00 | Mem:0.01M, Peak:0.01M | Scene, ViewLayer | Updating Mesh | Computing attributes
Fra:39 Mem:10.33M (Peak 52.52M) | Time:00:00.00 | Mem:0.01M, Peak:0.01M | Scene, ViewLayer | Updating Mesh | Copying Attributes to device
Fra:39 Mem:10.33M (Peak 52.52M) | Time:00:00.00 | Mem:0.05M, Peak:0.05M | Scene, ViewLayer | Updating Scene BVH | Building
Fra:39 Mem:10.33M (Peak 52.52M) | Time:00:00.00 | Mem:0.05M, Peak:0.05M | Scene, ViewLayer | Updating Scene BVH | Building BVH
Fra:39 Mem:10.33M (Peak 52.52M) | Time:00:00.00 | Mem:0.20M, Peak:0.20M | Scene, ViewLayer | Updating Scene BVH | Building BVH 0%
Fra:39 Mem:10.33M (Peak 52.52M) | Time:00:00.00 | Mem:0.39M, Peak:0.54M | Scene, ViewLayer | Updating Scene BVH | Copying BVH to device
Fra:39 Mem:10.33M (Peak 52.52M) | Time:00:00.00 | Mem:0.39M, Peak:0.54M | Scene, ViewLayer | Updating Mesh | Computing normals
Fra:39 Mem:10.49M (Peak 52.52M) | Time:00:00.00 | Mem:0.39M, Peak:0.54M | Scene, ViewLayer | Updating Mesh | Copying Mesh to device
Fra:39 Mem:10.49M (Peak 52.52M) | Time:00:00.00 | Mem:0.55M, Peak:0.55M | Scene, ViewLayer | Updating Objects Flags
Fra:39 Mem:10.49M (Peak 52.52M) | Time:00:00.00 | Mem:0.55M, Peak:0.55M | Scene, ViewLayer | Updating Primitive Offsets
Fra:39 Mem:10.49M (Peak 52.52M) | Time:00:00.00 | Mem:0.55M, Peak:0.55M | Scene, ViewLayer | Updating Images
Fra:39 Mem:10.49M (Peak 52.52M) | Time:00:00.00 | Mem:0.55M, Peak:0.55M | Scene, ViewLayer | Updating Camera Volume
Fra:39 Mem:10.49M (Peak 52.52M) | Time:00:00.00 | Mem:0.55M, Peak:0.55M | Scene, ViewLayer | Updating Lookup Tables
Fra:39 Mem:10.49M (Peak 52.52M) | Time:00:00.00 | Mem:0.63M, Peak:0.63M | Scene, ViewLayer | Updating Lights
Fra:39 Mem:10.49M (Peak 52.52M) | Time:00:00.00 | Mem:0.63M, Peak:0.63M | Scene, ViewLayer | Updating Lights | Computing tree
Fra:39 Mem:10.94M (Peak 52.52M) | Time:00:00.02 | Mem:1.09M, Peak:1.09M | Scene, ViewLayer | Updating Integrator
Fra:39 Mem:10.94M (Peak 52.52M) | Time:00:00.02 | Mem:1.09M, Peak:1.09M | Scene, ViewLayer | Updating Film
Fra:39 Mem:10.95M (Peak 52.52M) | Time:00:00.02 | Mem:1.00M, Peak:1.09M | Scene, ViewLayer | Updating Lookup Tables
Fra:39 Mem:10.95M (Peak 52.52M) | Time:00:00.02 | Mem:1.09M, Peak:1.09M | Scene, ViewLayer | Updating Baking
Fra:39 Mem:10.95M (Peak 52.52M) | Time:00:00.02 | Mem:1.09M, Peak:1.09M | Scene, ViewLayer | Updating Device | Writing constant memory
Fra:39 Mem:10.95M (Peak 52.52M) | Time:00:00.02 | Mem:1.09M, Peak:1.09M | Scene, ViewLayer | Sample 0/32
Fra:39 Mem:28.79M (Peak 52.52M) | Time:00:00.16 | Remaining:00:04.36 | Mem:18.89M, Peak:18.89M | Scene, ViewLayer | Sample 1/32
Fra:39 Mem:36.70M (Peak 52.52M) | Time:00:04.73 | Mem:18.89M, Peak:18.89M | Scene, ViewLayer | Sample 32/32
Fra:39 Mem:36.70M (Peak 52.52M) | Time:00:04.73 | Mem:18.89M, Peak:18.89M | Scene, ViewLayer | Finished
Saved: '/home/runner/work/chaosim/chaosim/outputs/renders/paper_to_cloth_frames/frame_0039.png'
Time: 00:04.79 (Saving: 00:00.05)

Fra:40 Mem:11.45M (Peak 52.52M) | Time:00:00.00 | Mem:0.00M, Peak:0.00M | Scene, ViewLayer | Synchronizing object | ClothKey
Fra:40 Mem:11.45M (Peak 52.52M) | Time:00:00.00 | Mem:0.00M, Peak:0.00M | Scene, ViewLayer | Synchronizing object | ClothRim
Fra:40 Mem:11.45M (Peak 52.52M) | Time:00:00.00 | Mem:0.00M, Peak:0.00M | Scene, ViewLayer | Synchronizing object | Sheet
Fra:40 Mem:11.45M (Peak 52.52M) | Time:00:00.00 | Mem:0.00M, Peak:0.00M | Scene, ViewLayer | Synchronizing object | FacesLabel
Fra:40 Mem:11.45M (Peak 52.52M) | Time:00:00.00 | Mem:0.00M, Peak:0.00M | Scene, ViewLayer | Synchronizing object | GlassSphere
Fra:40 Mem:11.86M (Peak 52.52M) | Time:00:00.00 | Mem:0.00M, Peak:0.00M | Scene, ViewLayer | Initializing
Fra:40 Mem:10.20M (Peak 52.52M) | Time:00:00.00 | Mem:0.00M, Peak:0.00M | Scene, ViewLayer | Waiting for render to start
Fra:40 Mem:10.20M (Peak 52.52M) | Time:00:00.00 | Mem:0.00M, Peak:0.00M | Scene, ViewLayer | Updating Scene
Fra:40 Mem:10.20M (Peak 52.52M) | Time:00:00.00 | Mem:0.00M, Peak:0.00M | Scene, ViewLayer | Updating Shaders
Fra:40 Mem:10.20M (Peak 52.52M) | Time:00:00.00 | Mem:0.00M, Peak:0.00M | Scene, ViewLayer | Loading render kernels (may take a few minutes the first time)
Fra:40 Mem:10.28M (Peak 52.52M) | Time:00:00.00 | Mem:0.00M, Peak:0.00M | Scene, ViewLayer | Updating Procedurals
Fra:40 Mem:10.28M (Peak 52.52M) | Time:00:00.00 | Mem:0.00M, Peak:0.00M | Scene, ViewLayer | Updating Background
Fra:40 Mem:10.28M (Peak 52.52M) | Time:00:00.00 | Mem:0.00M, Peak:0.00M | Scene, ViewLayer | Updating Camera
Fra:40 Mem:10.28M (Peak 52.52M) | Time:00:00.00 | Mem:0.00M, Peak:0.00M | Scene, ViewLayer | Updating Meshes Flags
Fra:40 Mem:10.28M (Peak 52.52M) | Time:00:00.00 | Mem:0.00M, Peak:0.00M | Scene, ViewLayer | Updating Objects
Fra:40 Mem:10.28M (Peak 52.52M) | Time:00:00.00 | Mem:0.00M, Peak:0.00M | Scene, ViewLayer | Updating Objects | Copying Transformations to device
Fra:40 Mem:10.28M (Peak 52.52M) | Time:00:00.00 | Mem:0.01M, Peak:0.01M | Scene, ViewLayer | Updating Particle Systems
Fra:40 Mem:10.28M (Peak 52.52M) | Time:00:00.00 | Mem:0.01M, Peak:0.01M | Scene, ViewLayer | Updating Particle Systems | Copying Particles to device
Fra:40 Mem:10.28M (Peak 52.52M) | Time:00:00.00 | Mem:0.01M, Peak:0.01M | Scene, ViewLayer | Updating Meshes
Fra:40 Mem:10.28M (Peak 52.52M) | Time:00:00.00 | Mem:0.01M, Peak:0.01M | Scene, ViewLayer | Updating Objects | Applying Static Transformations
Fra:40 Mem:10.28M (Peak 52.52M) | Time:00:00.00 | Mem:0.01M, Peak:0.01M | Scene, ViewLayer | Updating Mesh | Computing attributes
Fra:40 Mem:10.33M (Peak 52.52M) | Time:00:00.00 | Mem:0.01M, Peak:0.01M | Scene, ViewLayer | Updating Mesh | Copying Attributes to device
Fra:40 Mem:10.33M (Peak 52.52M) | Time:00:00.00 | Mem:0.05M, Peak:0.05M | Scene, ViewLayer | Updating Scene BVH | Building
Fra:40 Mem:10.33M (Peak 52.52M) | Time:00:00.00 | Mem:0.05M, Peak:0.05M | Scene, ViewLayer | Updating Scene BVH | Building BVH
Fra:40 Mem:10.33M (Peak 52.52M) | Time:00:00.00 | Mem:0.20M, Peak:0.20M | Scene, ViewLayer | Updating Scene BVH | Building BVH 0%
Fra:40 Mem:10.33M (Peak 52.52M) | Time:00:00.00 | Mem:0.39M, Peak:0.54M | Scene, ViewLayer | Updating Scene BVH | Copying BVH to device
Fra:40 Mem:10.33M (Peak 52.52M) | Time:00:00.00 | Mem:0.39M, Peak:0.54M | Scene, ViewLayer | Updating Mesh | Computing normals
Fra:40 Mem:10.49M (Peak 52.52M) | Time:00:00.00 | Mem:0.39M, Peak:0.54M | Scene, ViewLayer | Updating Mesh | Copying Mesh to device
Fra:40 Mem:10.49M (Peak 52.52M) | Time:00:00.00 | Mem:0.55M, Peak:0.55M | Scene, ViewLayer | Updating Objects Flags
Fra:40 Mem:10.49M (Peak 52.52M) | Time:00:00.00 | Mem:0.55M, Peak:0.55M | Scene, ViewLayer | Updating Primitive Offsets
Fra:40 Mem:10.49M (Peak 52.52M) | Time:00:00.00 | Mem:0.55M, Peak:0.55M | Scene, ViewLayer | Updating Images
Fra:40 Mem:10.49M (Peak 52.52M) | Time:00:00.00 | Mem:0.55M, Peak:0.55M | Scene, ViewLayer | Updating Camera Volume
Fra:40 Mem:10.49M (Peak 52.52M) | Time:00:00.00 | Mem:0.55M, Peak:0.55M | Scene, ViewLayer | Updating Lookup Tables
Fra:40 Mem:10.49M (Peak 52.52M) | Time:00:00.00 | Mem:0.63M, Peak:0.63M | Scene, ViewLayer | Updating Lights
Fra:40 Mem:10.49M (Peak 52.52M) | Time:00:00.00 | Mem:0.63M, Peak:0.63M | Scene, ViewLayer | Updating Lights | Computing tree
Fra:40 Mem:10.94M (Peak 52.52M) | Time:00:00.01 | Mem:1.09M, Peak:1.09M | Scene, ViewLayer | Updating Integrator
Fra:40 Mem:10.94M (Peak 52.52M) | Time:00:00.01 | Mem:1.09M, Peak:1.09M | Scene, ViewLayer | Updating Film
Fra:40 Mem:10.95M (Peak 52.52M) | Time:00:00.01 | Mem:1.00M, Peak:1.09M | Scene, ViewLayer | Updating Lookup Tables
Fra:40 Mem:10.95M (Peak 52.52M) | Time:00:00.01 | Mem:1.09M, Peak:1.09M | Scene, ViewLayer | Updating Baking
Fra:40 Mem:10.95M (Peak 52.52M) | Time:00:00.01 | Mem:1.09M, Peak:1.09M | Scene, ViewLayer | Updating Device | Writing constant memory
Fra:40 Mem:10.95M (Peak 52.52M) | Time:00:00.01 | Mem:1.09M, Peak:1.09M | Scene, ViewLayer | Sample 0/32
Fra:40 Mem:28.79M (Peak 52.52M) | Time:00:00.16 | Remaining:00:04.41 | Mem:18.89M, Peak:18.89M | Scene, ViewLayer | Sample 1/32
Fra:40 Mem:36.70M (Peak 52.52M) | Time:00:04.75 | Mem:18.89M, Peak:18.89M | Scene, ViewLayer | Sample 32/32
Fra:40 Mem:36.70M (Peak 52.52M) | Time:00:04.75 | Mem:18.89M, Peak:18.89M | Scene, ViewLayer | Finished
Saved: '/home/runner/work/chaosim/chaosim/outputs/renders/paper_to_cloth_frames/frame_0040.png'
Time: 00:04.80 (Saving: 00:00.05)

Fra:41 Mem:11.45M (Peak 52.52M) | Time:00:00.00 | Mem:0.00M, Peak:0.00M | Scene, ViewLayer | Synchronizing object | ClothKey
Fra:41 Mem:11.45M (Peak 52.52M) | Time:00:00.00 | Mem:0.00M, Peak:0.00M | Scene, ViewLayer | Synchronizing object | Rod
Fra:41 Mem:11.45M (Peak 52.52M) | Time:00:00.00 | Mem:0.00M, Peak:0.00M | Scene, ViewLayer | Synchronizing object | Sheet
Fra:41 Mem:11.46M (Peak 52.52M) | Time:00:00.00 | Mem:0.00M, Peak:0.00M | Scene, ViewLayer | Synchronizing object | GlassSphere
Fra:41 Mem:11.86M (Peak 52.52M) | Time:00:00.00 | Mem:0.00M, Peak:0.00M | Scene, ViewLayer | Initializing
Fra:41 Mem:10.20M (Peak 52.52M) | Time:00:00.00 | Mem:0.00M, Peak:0.00M | Scene, ViewLayer | Waiting for render to start
Fra:41 Mem:10.20M (Peak 52.52M) | Time:00:00.00 | Mem:0.00M, Peak:0.00M | Scene, ViewLayer | Updating Scene
Fra:41 Mem:10.20M (Peak 52.52M) | Time:00:00.00 | Mem:0.00M, Peak:0.00M | Scene, ViewLayer | Updating Shaders
Fra:41 Mem:10.20M (Peak 52.52M) | Time:00:00.00 | Mem:0.00M, Peak:0.00M | Scene, ViewLayer | Loading render kernels (may take a few minutes the first time)
Fra:41 Mem:10.28M (Peak 52.52M) | Time:00:00.00 | Mem:0.00M, Peak:0.00M | Scene, ViewLayer | Updating Procedurals
Fra:41 Mem:10.28M (Peak 52.52M) | Time:00:00.00 | Mem:0.00M, Peak:0.00M | Scene, ViewLayer | Updating Background
Fra:41 Mem:10.28M (Peak 52.52M) | Time:00:00.00 | Mem:0.00M, Peak:0.00M | Scene, ViewLayer | Updating Camera
Fra:41 Mem:10.28M (Peak 52.52M) | Time:00:00.00 | Mem:0.00M, Peak:0.00M | Scene, ViewLayer | Updating Meshes Flags
Fra:41 Mem:10.28M (Peak 52.52M) | Time:00:00.00 | Mem:0.00M, Peak:0.00M | Scene, ViewLayer | Updating Objects
Fra:41 Mem:10.28M (Peak 52.52M) | Time:00:00.00 | Mem:0.00M, Peak:0.00M | Scene, ViewLayer | Updating Objects | Copying Transformations to device
Fra:41 Mem:10.28M (Peak 52.52M) | Time:00:00.00 | Mem:0.01M, Peak:0.01M | Scene, ViewLayer | Updating Particle Systems
Fra:41 Mem:10.28M (Peak 52.52M) | Time:00:00.00 | Mem:0.01M, Peak:0.01M | Scene, ViewLayer | Updating Particle Systems | Copying Particles to device
Fra:41 Mem:10.28M (Peak 52.52M) | Time:00:00.00 | Mem:0.01M, Peak:0.01M | Scene, ViewLayer | Updating Meshes
Fra:41 Mem:10.28M (Peak 52.52M) | Time:00:00.00 | Mem:0.01M, Peak:0.01M | Scene, ViewLayer | Updating Objects | Applying Static Transformations
Fra:41 Mem:10.28M (Peak 52.52M) | Time:00:00.00 | Mem:0.01M, Peak:0.01M | Scene, ViewLayer | Updating Mesh | Computing attributes
Fra:41 Mem:10.33M (Peak 52.52M) | Time:00:00.00 | Mem:0.01M, Peak:0.01M | Scene, ViewLayer | Updating Mesh | Copying Attributes to device
Fra:41 Mem:10.33M (Peak 52.52M) | Time:00:00.00 | Mem:0.05M, Peak:0.05M | Scene, ViewLayer | Updating Scene BVH | Building
Fra:41 Mem:10.33M (Peak 52.52M) | Time:00:00.00 | Mem:0.05M, Peak:0.05M | Scene, ViewLayer | Updating Scene BVH | Building BVH
Fra:41 Mem:10.33M (Peak 52.52M) | Time:00:00.00 | Mem:0.20M, Peak:0.20M | Scene, ViewLayer | Updating Scene BVH | Building BVH 0%
Fra:41 Mem:10.33M (Peak 52.52M) | Time:00:00.00 | Mem:0.39M, Peak:0.54M | Scene, ViewLayer | Updating Scene BVH | Copying BVH to device
Fra:41 Mem:10.33M (Peak 52.52M) | Time:00:00.00 | Mem:0.39M, Peak:0.54M | Scene, ViewLayer | Updating Mesh | Computing normals
Fra:41 Mem:10.49M (Peak 52.52M) | Time:00:00.00 | Mem:0.39M, Peak:0.54M | Scene, ViewLayer | Updating Mesh | Copying Mesh to device
Fra:41 Mem:10.49M (Peak 52.52M) | Time:00:00.00 | Mem:0.55M, Peak:0.55M | Scene, ViewLayer | Updating Objects Flags
Fra:41 Mem:10.49M (Peak 52.52M) | Time:00:00.00 | Mem:0.55M, Peak:0.55M | Scene, ViewLayer | Updating Primitive Offsets
Fra:41 Mem:10.49M (Peak 52.52M) | Time:00:00.00 | Mem:0.55M, Peak:0.55M | Scene, ViewLayer | Updating Images
Fra:41 Mem:10.49M (Peak 52.52M) | Time:00:00.00 | Mem:0.55M, Peak:0.55M | Scene, ViewLayer | Updating Camera Volume
Fra:41 Mem:10.49M (Peak 52.52M) | Time:00:00.00 | Mem:0.55M, Peak:0.55M | Scene, ViewLayer | Updating Lookup Tables
Fra:41 Mem:10.49M (Peak 52.52M) | Time:00:00.00 | Mem:0.63M, Peak:0.63M | Scene, ViewLayer | Updating Lights
Fra:41 Mem:10.49M (Peak 52.52M) | Time:00:00.00 | Mem:0.63M, Peak:0.63M | Scene, ViewLayer | Updating Lights | Computing tree
Fra:41 Mem:10.94M (Peak 52.52M) | Time:00:00.01 | Mem:1.09M, Peak:1.09M | Scene, ViewLayer | Updating Integrator
Fra:41 Mem:10.94M (Peak 52.52M) | Time:00:00.01 | Mem:1.09M, Peak:1.09M | Scene, ViewLayer | Updating Film
Fra:41 Mem:10.95M (Peak 52.52M) | Time:00:00.01 | Mem:1.00M, Peak:1.09M | Scene, ViewLayer | Updating Lookup Tables
Fra:41 Mem:10.95M (Peak 52.52M) | Time:00:00.01 | Mem:1.09M, Peak:1.09M | Scene, ViewLayer | Updating Baking
Fra:41 Mem:10.95M (Peak 52.52M) | Time:00:00.01 | Mem:1.09M, Peak:1.09M | Scene, ViewLayer | Updating Device | Writing constant memory
Fra:41 Mem:10.95M (Peak 52.52M) | Time:00:00.01 | Mem:1.09M, Peak:1.09M | Scene, ViewLayer | Sample 0/32
Fra:41 Mem:28.79M (Peak 52.52M) | Time:00:00.16 | Remaining:00:04.42 | Mem:18.89M, Peak:18.89M | Scene, ViewLayer | Sample 1/32
Fra:41 Mem:36.70M (Peak 52.52M) | Time:00:04.70 | Mem:18.89M, Peak:18.89M | Scene, ViewLayer | Sample 32/32
Fra:41 Mem:36.70M (Peak 52.52M) | Time:00:04.70 | Mem:18.89M, Peak:18.89M | Scene, ViewLayer | Finished
Saved: '/home/runner/work/chaosim/chaosim/outputs/renders/paper_to_cloth_frames/frame_0041.png'
Time: 00:04.75 (Saving: 00:00.05)

Fra:42 Mem:11.45M (Peak 52.52M) | Time:00:00.00 | Mem:0.00M, Peak:0.00M | Scene, ViewLayer | Synchronizing object | ClothKey
Fra:42 Mem:11.45M (Peak 52.52M) | Time:00:00.00 | Mem:0.00M, Peak:0.00M | Scene, ViewLayer | Synchronizing object | ClothRim
Fra:42 Mem:11.45M (Peak 52.52M) | Time:00:00.00 | Mem:0.00M, Peak:0.00M | Scene, ViewLayer | Synchronizing object | Sheet
Fra:42 Mem:11.45M (Peak 52.52M) | Time:00:00.00 | Mem:0.00M, Peak:0.00M | Scene, ViewLayer | Synchronizing object | FacesLabel
Fra:42 Mem:11.48M (Peak 52.52M) | Time:00:00.00 | Mem:0.00M, Peak:0.00M | Scene, ViewLayer | Synchronizing object | GlassSphere
Fra:42 Mem:11.86M (Peak 52.52M) | Time:00:00.00 | Mem:0.00M, Peak:0.00M | Scene, ViewLayer | Initializing
Fra:42 Mem:10.20M (Peak 52.52M) | Time:00:00.00 | Mem:0.00M, Peak:0.00M | Scene, ViewLayer | Waiting for render to start
Fra:42 Mem:10.20M (Peak 52.52M) | Time:00:00.00 | Mem:0.00M, Peak:0.00M | Scene, ViewLayer | Updating Scene
Fra:42 Mem:10.20M (Peak 52.52M) | Time:00:00.00 | Mem:0.00M, Peak:0.00M | Scene, ViewLayer | Updating Shaders
Fra:42 Mem:10.20M (Peak 52.52M) | Time:00:00.00 | Mem:0.00M, Peak:0.00M | Scene, ViewLayer | Loading render kernels (may take a few minutes the first time)
Fra:42 Mem:10.28M (Peak 52.52M) | Time:00:00.00 | Mem:0.00M, Peak:0.00M | Scene, ViewLayer | Updating Procedurals
Fra:42 Mem:10.28M (Peak 52.52M) | Time:00:00.00 | Mem:0.00M, Peak:0.00M | Scene, ViewLayer | Updating Background
Fra:42 Mem:10.28M (Peak 52.52M) | Time:00:00.00 | Mem:0.00M, Peak:0.00M | Scene, ViewLayer | Updating Camera
Fra:42 Mem:10.28M (Peak 52.52M) | Time:00:00.00 | Mem:0.00M, Peak:0.00M | Scene, ViewLayer | Updating Meshes Flags
Fra:42 Mem:10.28M (Peak 52.52M) | Time:00:00.00 | Mem:0.00M, Peak:0.00M | Scene, ViewLayer | Updating Objects
Fra:42 Mem:10.28M (Peak 52.52M) | Time:00:00.00 | Mem:0.00M, Peak:0.00M | Scene, ViewLayer | Updating Objects | Copying Transformations to device
Fra:42 Mem:10.28M (Peak 52.52M) | Time:00:00.00 | Mem:0.01M, Peak:0.01M | Scene, ViewLayer | Updating Particle Systems
Fra:42 Mem:10.28M (Peak 52.52M) | Time:00:00.00 | Mem:0.01M, Peak:0.01M | Scene, ViewLayer | Updating Particle Systems | Copying Particles to device
Fra:42 Mem:10.28M (Peak 52.52M) | Time:00:00.00 | Mem:0.01M, Peak:0.01M | Scene, ViewLayer | Updating Meshes
Fra:42 Mem:10.28M (Peak 52.52M) | Time:00:00.00 | Mem:0.01M, Peak:0.01M | Scene, ViewLayer | Updating Objects | Applying Static Transformations
Fra:42 Mem:10.28M (Peak 52.52M) | Time:00:00.00 | Mem:0.01M, Peak:0.01M | Scene, ViewLayer | Updating Mesh | Computing attributes
Fra:42 Mem:10.33M (Peak 52.52M) | Time:00:00.00 | Mem:0.01M, Peak:0.01M | Scene, ViewLayer | Updating Mesh | Copying Attributes to device
Fra:42 Mem:10.33M (Peak 52.52M) | Time:00:00.00 | Mem:0.05M, Peak:0.05M | Scene, ViewLayer | Updating Scene BVH | Building
Fra:42 Mem:10.33M (Peak 52.52M) | Time:00:00.00 | Mem:0.05M, Peak:0.05M | Scene, ViewLayer | Updating Scene BVH | Building BVH
Fra:42 Mem:10.33M (Peak 52.52M) | Time:00:00.00 | Mem:0.20M, Peak:0.20M | Scene, ViewLayer | Updating Scene BVH | Building BVH 0%
Fra:42 Mem:10.33M (Peak 52.52M) | Time:00:00.00 | Mem:0.39M, Peak:0.54M | Scene, ViewLayer | Updating Scene BVH | Copying BVH to device
Fra:42 Mem:10.33M (Peak 52.52M) | Time:00:00.00 | Mem:0.39M, Peak:0.54M | Scene, ViewLayer | Updating Mesh | Computing normals
Fra:42 Mem:10.49M (Peak 52.52M) | Time:00:00.00 | Mem:0.39M, Peak:0.54M | Scene, ViewLayer | Updating Mesh | Copying Mesh to device
Fra:42 Mem:10.49M (Peak 52.52M) | Time:00:00.00 | Mem:0.55M, Peak:0.55M | Scene, ViewLayer | Updating Objects Flags
Fra:42 Mem:10.49M (Peak 52.52M) | Time:00:00.00 | Mem:0.55M, Peak:0.55M | Scene, ViewLayer | Updating Primitive Offsets
Fra:42 Mem:10.49M (Peak 52.52M) | Time:00:00.00 | Mem:0.55M, Peak:0.55M | Scene, ViewLayer | Updating Images
Fra:42 Mem:10.49M (Peak 52.52M) | Time:00:00.00 | Mem:0.55M, Peak:0.55M | Scene, ViewLayer | Updating Camera Volume
Fra:42 Mem:10.49M (Peak 52.52M) | Time:00:00.00 | Mem:0.55M, Peak:0.55M | Scene, ViewLayer | Updating Lookup Tables
Fra:42 Mem:10.49M (Peak 52.52M) | Time:00:00.00 | Mem:0.63M, Peak:0.63M | Scene, ViewLayer | Updating Lights
Fra:42 Mem:10.49M (Peak 52.52M) | Time:00:00.00 | Mem:0.63M, Peak:0.63M | Scene, ViewLayer | Updating Lights | Computing tree
Fra:42 Mem:10.94M (Peak 52.52M) | Time:00:00.01 | Mem:1.09M, Peak:1.09M | Scene, ViewLayer | Updating Integrator
Fra:42 Mem:10.94M (Peak 52.52M) | Time:00:00.01 | Mem:1.09M, Peak:1.09M | Scene, ViewLayer | Updating Film
Fra:42 Mem:10.95M (Peak 52.52M) | Time:00:00.01 | Mem:1.00M, Peak:1.09M | Scene, ViewLayer | Updating Lookup Tables
Fra:42 Mem:10.95M (Peak 52.52M) | Time:00:00.01 | Mem:1.09M, Peak:1.09M | Scene, ViewLayer | Updating Baking
Fra:42 Mem:10.95M (Peak 52.52M) | Time:00:00.01 | Mem:1.09M, Peak:1.09M | Scene, ViewLayer | Updating Device | Writing constant memory
Fra:42 Mem:10.95M (Peak 52.52M) | Time:00:00.01 | Mem:1.09M, Peak:1.09M | Scene, ViewLayer | Sample 0/32
Fra:42 Mem:28.79M (Peak 52.52M) | Time:00:00.15 | Remaining:00:04.35 | Mem:18.89M, Peak:18.89M | Scene, ViewLayer | Sample 1/32
Fra:42 Mem:36.70M (Peak 52.52M) | Time:00:04.72 | Mem:18.89M, Peak:18.89M | Scene, ViewLayer | Sample 32/32
Fra:42 Mem:36.70M (Peak 52.52M) | Time:00:04.72 | Mem:18.89M, Peak:18.89M | Scene, ViewLayer | Finished
Saved: '/home/runner/work/chaosim/chaosim/outputs/renders/paper_to_cloth_frames/frame_0042.png'
Time: 00:04.77 (Saving: 00:00.05)

Fra:43 Mem:11.45M (Peak 52.52M) | Time:00:00.00 | Mem:0.00M, Peak:0.00M | Scene, ViewLayer | Synchronizing object | ClothKey
Fra:43 Mem:11.45M (Peak 52.52M) | Time:00:00.00 | Mem:0.00M, Peak:0.00M | Scene, ViewLayer | Synchronizing object | ClothRim
Fra:43 Mem:11.45M (Peak 52.52M) | Time:00:00.00 | Mem:0.00M, Peak:0.00M | Scene, ViewLayer | Synchronizing object | Rod
Fra:43 Mem:11.45M (Peak 52.52M) | Time:00:00.00 | Mem:0.00M, Peak:0.00M | Scene, ViewLayer | Synchronizing object | FacesLabel
Fra:43 Mem:11.45M (Peak 52.52M) | Time:00:00.00 | Mem:0.00M, Peak:0.00M | Scene, ViewLayer | Synchronizing object | GlassSphere
Fra:43 Mem:11.86M (Peak 52.52M) | Time:00:00.00 | Mem:0.00M, Peak:0.00M | Scene, ViewLayer | Initializing
Fra:43 Mem:10.20M (Peak 52.52M) | Time:00:00.00 | Mem:0.00M, Peak:0.00M | Scene, ViewLayer | Waiting for render to start
Fra:43 Mem:10.20M (Peak 52.52M) | Time:00:00.00 | Mem:0.00M, Peak:0.00M | Scene, ViewLayer | Updating Scene
Fra:43 Mem:10.20M (Peak 52.52M) | Time:00:00.00 | Mem:0.00M, Peak:0.00M | Scene, ViewLayer | Updating Shaders
Fra:43 Mem:10.20M (Peak 52.52M) | Time:00:00.00 | Mem:0.00M, Peak:0.00M | Scene, ViewLayer | Loading render kernels (may take a few minutes the first time)
Fra:43 Mem:10.28M (Peak 52.52M) | Time:00:00.00 | Mem:0.00M, Peak:0.00M | Scene, ViewLayer | Updating Procedurals
Fra:43 Mem:10.28M (Peak 52.52M) | Time:00:00.00 | Mem:0.00M, Peak:0.00M | Scene, ViewLayer | Updating Background
Fra:43 Mem:10.28M (Peak 52.52M) | Time:00:00.00 | Mem:0.00M, Peak:0.00M | Scene, ViewLayer | Updating Camera
Fra:43 Mem:10.28M (Peak 52.52M) | Time:00:00.00 | Mem:0.00M, Peak:0.00M | Scene, ViewLayer | Updating Meshes Flags
Fra:43 Mem:10.28M (Peak 52.52M) | Time:00:00.00 | Mem:0.00M, Peak:0.00M | Scene, ViewLayer | Updating Objects
Fra:43 Mem:10.28M (Peak 52.52M) | Time:00:00.00 | Mem:0.00M, Peak:0.00M | Scene, ViewLayer | Updating Objects | Copying Transformations to device
Fra:43 Mem:10.28M (Peak 52.52M) | Time:00:00.00 | Mem:0.01M, Peak:0.01M | Scene, ViewLayer | Updating Particle Systems
Fra:43 Mem:10.28M (Peak 52.52M) | Time:00:00.00 | Mem:0.01M, Peak:0.01M | Scene, ViewLayer | Updating Particle Systems | Copying Particles to device
Fra:43 Mem:10.28M (Peak 52.52M) | Time:00:00.00 | Mem:0.01M, Peak:0.01M | Scene, ViewLayer | Updating Meshes
Fra:43 Mem:10.28M (Peak 52.52M) | Time:00:00.00 | Mem:0.01M, Peak:0.01M | Scene, ViewLayer | Updating Objects | Applying Static Transformations
Fra:43 Mem:10.28M (Peak 52.52M) | Time:00:00.00 | Mem:0.01M, Peak:0.01M | Scene, ViewLayer | Updating Mesh | Computing attributes
Fra:43 Mem:10.33M (Peak 52.52M) | Time:00:00.00 | Mem:0.01M, Peak:0.01M | Scene, ViewLayer | Updating Mesh | Copying Attributes to device
Fra:43 Mem:10.33M (Peak 52.52M) | Time:00:00.00 | Mem:0.05M, Peak:0.05M | Scene, ViewLayer | Updating Scene BVH | Building
Fra:43 Mem:10.33M (Peak 52.52M) | Time:00:00.00 | Mem:0.05M, Peak:0.05M | Scene, ViewLayer | Updating Scene BVH | Building BVH
Fra:43 Mem:10.33M (Peak 52.52M) | Time:00:00.00 | Mem:0.20M, Peak:0.20M | Scene, ViewLayer | Updating Scene BVH | Building BVH 0%
Fra:43 Mem:10.33M (Peak 52.52M) | Time:00:00.00 | Mem:0.39M, Peak:0.54M | Scene, ViewLayer | Updating Scene BVH | Copying BVH to device
Fra:43 Mem:10.33M (Peak 52.52M) | Time:00:00.00 | Mem:0.39M, Peak:0.54M | Scene, ViewLayer | Updating Mesh | Computing normals
Fra:43 Mem:10.49M (Peak 52.52M) | Time:00:00.00 | Mem:0.39M, Peak:0.54M | Scene, ViewLayer | Updating Mesh | Copying Mesh to device
Fra:43 Mem:10.49M (Peak 52.52M) | Time:00:00.00 | Mem:0.55M, Peak:0.55M | Scene, ViewLayer | Updating Objects Flags
Fra:43 Mem:10.49M (Peak 52.52M) | Time:00:00.00 | Mem:0.55M, Peak:0.55M | Scene, ViewLayer | Updating Primitive Offsets
Fra:43 Mem:10.49M (Peak 52.52M) | Time:00:00.00 | Mem:0.55M, Peak:0.55M | Scene, ViewLayer | Updating Images
Fra:43 Mem:10.49M (Peak 52.52M) | Time:00:00.00 | Mem:0.55M, Peak:0.55M | Scene, ViewLayer | Updating Camera Volume
Fra:43 Mem:10.49M (Peak 52.52M) | Time:00:00.00 | Mem:0.55M, Peak:0.55M | Scene, ViewLayer | Updating Lookup Tables
Fra:43 Mem:10.49M (Peak 52.52M) | Time:00:00.00 | Mem:0.63M, Peak:0.63M | Scene, ViewLayer | Updating Lights
Fra:43 Mem:10.49M (Peak 52.52M) | Time:00:00.00 | Mem:0.63M, Peak:0.63M | Scene, ViewLayer | Updating Lights | Computing tree
Fra:43 Mem:10.94M (Peak 52.52M) | Time:00:00.01 | Mem:1.09M, Peak:1.09M | Scene, ViewLayer | Updating Integrator
Fra:43 Mem:10.94M (Peak 52.52M) | Time:00:00.01 | Mem:1.09M, Peak:1.09M | Scene, ViewLayer | Updating Film
Fra:43 Mem:10.95M (Peak 52.52M) | Time:00:00.01 | Mem:1.00M, Peak:1.09M | Scene, ViewLayer | Updating Lookup Tables
Fra:43 Mem:10.95M (Peak 52.52M) | Time:00:00.01 | Mem:1.09M, Peak:1.09M | Scene, ViewLayer | Updating Baking
Fra:43 Mem:10.95M (Peak 52.52M) | Time:00:00.01 | Mem:1.09M, Peak:1.09M | Scene, ViewLayer | Updating Device | Writing constant memory
Fra:43 Mem:10.95M (Peak 52.52M) | Time:00:00.01 | Mem:1.09M, Peak:1.09M | Scene, ViewLayer | Sample 0/32
Fra:43 Mem:28.79M (Peak 52.52M) | Time:00:00.16 | Remaining:00:04.40 | Mem:18.89M, Peak:18.89M | Scene, ViewLayer | Sample 1/32
Fra:43 Mem:36.70M (Peak 52.52M) | Time:00:04.74 | Mem:18.89M, Peak:18.89M | Scene, ViewLayer | Sample 32/32
Fra:43 Mem:36.70M (Peak 52.52M) | Time:00:04.74 | Mem:18.89M, Peak:18.89M | Scene, ViewLayer | Finished
Saved: '/home/runner/work/chaosim/chaosim/outputs/renders/paper_to_cloth_frames/frame_0043.png'
Time: 00:04.79 (Saving: 00:00.05)

Fra:44 Mem:11.45M (Peak 52.52M) | Time:00:00.00 | Mem:0.00M, Peak:0.00M | Scene, ViewLayer | Synchronizing object | ClothKey
Fra:44 Mem:11.45M (Peak 52.52M) | Time:00:00.00 | Mem:0.00M, Peak:0.00M | Scene, ViewLayer | Synchronizing object | ClothRim
Fra:44 Mem:11.45M (Peak 52.52M) | Time:00:00.00 | Mem:0.00M, Peak:0.00M | Scene, ViewLayer | Synchronizing object | Rod
Fra:44 Mem:11.45M (Peak 52.52M) | Time:00:00.00 | Mem:0.00M, Peak:0.00M | Scene, ViewLayer | Synchronizing object | Sheet
Fra:44 Mem:11.45M (Peak 52.52M) | Time:00:00.00 | Mem:0.00M, Peak:0.00M | Scene, ViewLayer | Synchronizing object | FacesLabel
Fra:44 Mem:11.46M (Peak 52.52M) | Time:00:00.00 | Mem:0.00M, Peak:0.00M | Scene, ViewLayer | Synchronizing object | GlassSphere
Fra:44 Mem:11.86M (Peak 52.52M) | Time:00:00.00 | Mem:0.00M, Peak:0.00M | Scene, ViewLayer | Initializing
Fra:44 Mem:10.20M (Peak 52.52M) | Time:00:00.00 | Mem:0.00M, Peak:0.00M | Scene, ViewLayer | Waiting for render to start
Fra:44 Mem:10.20M (Peak 52.52M) | Time:00:00.00 | Mem:0.00M, Peak:0.00M | Scene, ViewLayer | Updating Scene
Fra:44 Mem:10.20M (Peak 52.52M) | Time:00:00.00 | Mem:0.00M, Peak:0.00M | Scene, ViewLayer | Updating Shaders
Fra:44 Mem:10.20M (Peak 52.52M) | Time:00:00.00 | Mem:0.00M, Peak:0.00M | Scene, ViewLayer | Loading render kernels (may take a few minutes the first time)
Fra:44 Mem:10.28M (Peak 52.52M) | Time:00:00.00 | Mem:0.00M, Peak:0.00M | Scene, ViewLayer | Updating Procedurals
Fra:44 Mem:10.28M (Peak 52.52M) | Time:00:00.00 | Mem:0.00M, Peak:0.00M | Scene, ViewLayer | Updating Background
Fra:44 Mem:10.28M (Peak 52.52M) | Time:00:00.00 | Mem:0.00M, Peak:0.00M | Scene, ViewLayer | Updating Camera
Fra:44 Mem:10.28M (Peak 52.52M) | Time:00:00.00 | Mem:0.00M, Peak:0.00M | Scene, ViewLayer | Updating Meshes Flags
Fra:44 Mem:10.28M (Peak 52.52M) | Time:00:00.00 | Mem:0.00M, Peak:0.00M | Scene, ViewLayer | Updating Objects
Fra:44 Mem:10.28M (Peak 52.52M) | Time:00:00.00 | Mem:0.00M, Peak:0.00M | Scene, ViewLayer | Updating Objects | Copying Transformations to device
Fra:44 Mem:10.28M (Peak 52.52M) | Time:00:00.00 | Mem:0.01M, Peak:0.01M | Scene, ViewLayer | Updating Particle Systems
Fra:44 Mem:10.28M (Peak 52.52M) | Time:00:00.00 | Mem:0.01M, Peak:0.01M | Scene, ViewLayer | Updating Particle Systems | Copying Particles to device
Fra:44 Mem:10.28M (Peak 52.52M) | Time:00:00.00 | Mem:0.01M, Peak:0.01M | Scene, ViewLayer | Updating Meshes
Fra:44 Mem:10.28M (Peak 52.52M) | Time:00:00.00 | Mem:0.01M, Peak:0.01M | Scene, ViewLayer | Updating Objects | Applying Static Transformations
Fra:44 Mem:10.28M (Peak 52.52M) | Time:00:00.00 | Mem:0.01M, Peak:0.01M | Scene, ViewLayer | Updating Mesh | Computing attributes
Fra:44 Mem:10.33M (Peak 52.52M) | Time:00:00.00 | Mem:0.01M, Peak:0.01M | Scene, ViewLayer | Updating Mesh | Copying Attributes to device
Fra:44 Mem:10.33M (Peak 52.52M) | Time:00:00.00 | Mem:0.05M, Peak:0.05M | Scene, ViewLayer | Updating Scene BVH | Building
Fra:44 Mem:10.33M (Peak 52.52M) | Time:00:00.00 | Mem:0.05M, Peak:0.05M | Scene, ViewLayer | Updating Scene BVH | Building BVH
Fra:44 Mem:10.33M (Peak 52.52M) | Time:00:00.00 | Mem:0.20M, Peak:0.20M | Scene, ViewLayer | Updating Scene BVH | Building BVH 0%
Fra:44 Mem:10.33M (Peak 52.52M) | Time:00:00.00 | Mem:0.39M, Peak:0.54M | Scene, ViewLayer | Updating Scene BVH | Copying BVH to device
Fra:44 Mem:10.33M (Peak 52.52M) | Time:00:00.00 | Mem:0.39M, Peak:0.54M | Scene, ViewLayer | Updating Mesh | Computing normals
Fra:44 Mem:10.49M (Peak 52.52M) | Time:00:00.00 | Mem:0.39M, Peak:0.54M | Scene, ViewLayer | Updating Mesh | Copying Mesh to device
Fra:44 Mem:10.49M (Peak 52.52M) | Time:00:00.00 | Mem:0.55M, Peak:0.55M | Scene, ViewLayer | Updating Objects Flags
Fra:44 Mem:10.49M (Peak 52.52M) | Time:00:00.00 | Mem:0.55M, Peak:0.55M | Scene, ViewLayer | Updating Primitive Offsets
Fra:44 Mem:10.49M (Peak 52.52M) | Time:00:00.00 | Mem:0.55M, Peak:0.55M | Scene, ViewLayer | Updating Images
Fra:44 Mem:10.49M (Peak 52.52M) | Time:00:00.00 | Mem:0.55M, Peak:0.55M | Scene, ViewLayer | Updating Camera Volume
Fra:44 Mem:10.49M (Peak 52.52M) | Time:00:00.00 | Mem:0.55M, Peak:0.55M | Scene, ViewLayer | Updating Lookup Tables
Fra:44 Mem:10.49M (Peak 52.52M) | Time:00:00.00 | Mem:0.63M, Peak:0.63M | Scene, ViewLayer | Updating Lights
Fra:44 Mem:10.49M (Peak 52.52M) | Time:00:00.00 | Mem:0.63M, Peak:0.63M | Scene, ViewLayer | Updating Lights | Computing tree
Fra:44 Mem:10.94M (Peak 52.52M) | Time:00:00.02 | Mem:1.09M, Peak:1.09M | Scene, ViewLayer | Updating Integrator
Fra:44 Mem:10.94M (Peak 52.52M) | Time:00:00.02 | Mem:1.09M, Peak:1.09M | Scene, ViewLayer | Updating Film
Fra:44 Mem:10.95M (Peak 52.52M) | Time:00:00.02 | Mem:1.00M, Peak:1.09M | Scene, ViewLayer | Updating Lookup Tables
Fra:44 Mem:10.95M (Peak 52.52M) | Time:00:00.02 | Mem:1.09M, Peak:1.09M | Scene, ViewLayer | Updating Baking
Fra:44 Mem:10.95M (Peak 52.52M) | Time:00:00.02 | Mem:1.09M, Peak:1.09M | Scene, ViewLayer | Updating Device | Writing constant memory
Fra:44 Mem:10.95M (Peak 52.52M) | Time:00:00.02 | Mem:1.09M, Peak:1.09M | Scene, ViewLayer | Sample 0/32
Fra:44 Mem:28.79M (Peak 52.52M) | Time:00:00.16 | Remaining:00:04.42 | Mem:18.89M, Peak:18.89M | Scene, ViewLayer | Sample 1/32
Fra:44 Mem:36.70M (Peak 52.52M) | Time:00:04.73 | Mem:18.89M, Peak:18.89M | Scene, ViewLayer | Sample 32/32
Fra:44 Mem:36.70M (Peak 52.52M) | Time:00:04.73 | Mem:18.89M, Peak:18.89M | Scene, ViewLayer | Finished
Saved: '/home/runner/work/chaosim/chaosim/outputs/renders/paper_to_cloth_frames/frame_0044.png'
Time: 00:04.78 (Saving: 00:00.05)

Fra:45 Mem:11.45M (Peak 52.52M) | Time:00:00.00 | Mem:0.00M, Peak:0.00M | Scene, ViewLayer | Synchronizing object | ClothKey
Fra:45 Mem:11.45M (Peak 52.52M) | Time:00:00.00 | Mem:0.00M, Peak:0.00M | Scene, ViewLayer | Synchronizing object | ClothRim
Fra:45 Mem:11.45M (Peak 52.52M) | Time:00:00.00 | Mem:0.00M, Peak:0.00M | Scene, ViewLayer | Synchronizing object | Rod
Fra:45 Mem:11.45M (Peak 52.52M) | Time:00:00.00 | Mem:0.00M, Peak:0.00M | Scene, ViewLayer | Synchronizing object | GlassSphere
Fra:45 Mem:11.45M (Peak 52.52M) | Time:00:00.00 | Mem:0.00M, Peak:0.00M | Scene, ViewLayer | Synchronizing object | FacesLabel
Fra:45 Mem:11.86M (Peak 52.52M) | Time:00:00.00 | Mem:0.00M, Peak:0.00M | Scene, ViewLayer | Initializing
Fra:45 Mem:10.20M (Peak 52.52M) | Time:00:00.00 | Mem:0.00M, Peak:0.00M | Scene, ViewLayer | Waiting for render to start
Fra:45 Mem:10.20M (Peak 52.52M) | Time:00:00.00 | Mem:0.00M, Peak:0.00M | Scene, ViewLayer | Updating Scene
Fra:45 Mem:10.20M (Peak 52.52M) | Time:00:00.00 | Mem:0.00M, Peak:0.00M | Scene, ViewLayer | Updating Shaders
Fra:45 Mem:10.20M (Peak 52.52M) | Time:00:00.00 | Mem:0.00M, Peak:0.00M | Scene, ViewLayer | Loading render kernels (may take a few minutes the first time)
Fra:45 Mem:10.28M (Peak 52.52M) | Time:00:00.00 | Mem:0.00M, Peak:0.00M | Scene, ViewLayer | Updating Procedurals
Fra:45 Mem:10.28M (Peak 52.52M) | Time:00:00.00 | Mem:0.00M, Peak:0.00M | Scene, ViewLayer | Updating Background
Fra:45 Mem:10.28M (Peak 52.52M) | Time:00:00.00 | Mem:0.00M, Peak:0.00M | Scene, ViewLayer | Updating Camera
Fra:45 Mem:10.28M (Peak 52.52M) | Time:00:00.00 | Mem:0.00M, Peak:0.00M | Scene, ViewLayer | Updating Meshes Flags
Fra:45 Mem:10.28M (Peak 52.52M) | Time:00:00.00 | Mem:0.00M, Peak:0.00M | Scene, ViewLayer | Updating Objects
Fra:45 Mem:10.28M (Peak 52.52M) | Time:00:00.00 | Mem:0.00M, Peak:0.00M | Scene, ViewLayer | Updating Objects | Copying Transformations to device
Fra:45 Mem:10.28M (Peak 52.52M) | Time:00:00.00 | Mem:0.01M, Peak:0.01M | Scene, ViewLayer | Updating Particle Systems
Fra:45 Mem:10.28M (Peak 52.52M) | Time:00:00.00 | Mem:0.01M, Peak:0.01M | Scene, ViewLayer | Updating Particle Systems | Copying Particles to device
Fra:45 Mem:10.28M (Peak 52.52M) | Time:00:00.00 | Mem:0.01M, Peak:0.01M | Scene, ViewLayer | Updating Meshes
Fra:45 Mem:10.28M (Peak 52.52M) | Time:00:00.00 | Mem:0.01M, Peak:0.01M | Scene, ViewLayer | Updating Objects | Applying Static Transformations
Fra:45 Mem:10.28M (Peak 52.52M) | Time:00:00.00 | Mem:0.01M, Peak:0.01M | Scene, ViewLayer | Updating Mesh | Computing attributes
Fra:45 Mem:10.33M (Peak 52.52M) | Time:00:00.00 | Mem:0.01M, Peak:0.01M | Scene, ViewLayer | Updating Mesh | Copying Attributes to device
Fra:45 Mem:10.33M (Peak 52.52M) | Time:00:00.00 | Mem:0.05M, Peak:0.05M | Scene, ViewLayer | Updating Scene BVH | Building
Fra:45 Mem:10.33M (Peak 52.52M) | Time:00:00.00 | Mem:0.05M, Peak:0.05M | Scene, ViewLayer | Updating Scene BVH | Building BVH
Fra:45 Mem:10.33M (Peak 52.52M) | Time:00:00.00 | Mem:0.20M, Peak:0.20M | Scene, ViewLayer | Updating Scene BVH | Building BVH 0%
Fra:45 Mem:10.33M (Peak 52.52M) | Time:00:00.00 | Mem:0.39M, Peak:0.54M | Scene, ViewLayer | Updating Scene BVH | Copying BVH to device
Fra:45 Mem:10.33M (Peak 52.52M) | Time:00:00.00 | Mem:0.39M, Peak:0.54M | Scene, ViewLayer | Updating Mesh | Computing normals
Fra:45 Mem:10.49M (Peak 52.52M) | Time:00:00.00 | Mem:0.39M, Peak:0.54M | Scene, ViewLayer | Updating Mesh | Copying Mesh to device
Fra:45 Mem:10.49M (Peak 52.52M) | Time:00:00.00 | Mem:0.55M, Peak:0.55M | Scene, ViewLayer | Updating Objects Flags
Fra:45 Mem:10.49M (Peak 52.52M) | Time:00:00.00 | Mem:0.55M, Peak:0.55M | Scene, ViewLayer | Updating Primitive Offsets
Fra:45 Mem:10.49M (Peak 52.52M) | Time:00:00.00 | Mem:0.55M, Peak:0.55M | Scene, ViewLayer | Updating Images
Fra:45 Mem:10.49M (Peak 52.52M) | Time:00:00.00 | Mem:0.55M, Peak:0.55M | Scene, ViewLayer | Updating Camera Volume
Fra:45 Mem:10.49M (Peak 52.52M) | Time:00:00.00 | Mem:0.55M, Peak:0.55M | Scene, ViewLayer | Updating Lookup Tables
Fra:45 Mem:10.49M (Peak 52.52M) | Time:00:00.00 | Mem:0.63M, Peak:0.63M | Scene, ViewLayer | Updating Lights
Fra:45 Mem:10.49M (Peak 52.52M) | Time:00:00.00 | Mem:0.63M, Peak:0.63M | Scene, ViewLayer | Updating Lights | Computing tree
Fra:45 Mem:10.94M (Peak 52.52M) | Time:00:00.01 | Mem:1.09M, Peak:1.09M | Scene, ViewLayer | Updating Integrator
Fra:45 Mem:10.94M (Peak 52.52M) | Time:00:00.01 | Mem:1.09M, Peak:1.09M | Scene, ViewLayer | Updating Film
Fra:45 Mem:10.95M (Peak 52.52M) | Time:00:00.01 | Mem:1.00M, Peak:1.09M | Scene, ViewLayer | Updating Lookup Tables
Fra:45 Mem:10.95M (Peak 52.52M) | Time:00:00.01 | Mem:1.09M, Peak:1.09M | Scene, ViewLayer | Updating Baking
Fra:45 Mem:10.95M (Peak 52.52M) | Time:00:00.01 | Mem:1.09M, Peak:1.09M | Scene, ViewLayer | Updating Device | Writing constant memory
Fra:45 Mem:10.95M (Peak 52.52M) | Time:00:00.01 | Mem:1.09M, Peak:1.09M | Scene, ViewLayer | Sample 0/32
Fra:45 Mem:28.79M (Peak 52.52M) | Time:00:00.16 | Remaining:00:04.41 | Mem:18.89M, Peak:18.89M | Scene, ViewLayer | Sample 1/32
Fra:45 Mem:36.70M (Peak 52.52M) | Time:00:04.73 | Mem:18.89M, Peak:18.89M | Scene, ViewLayer | Sample 32/32
Fra:45 Mem:36.70M (Peak 52.52M) | Time:00:04.73 | Mem:18.89M, Peak:18.89M | Scene, ViewLayer | Finished
Saved: '/home/runner/work/chaosim/chaosim/outputs/renders/paper_to_cloth_frames/frame_0045.png'
Time: 00:04.78 (Saving: 00:00.05)

bake: frame 46 :: 90
bake: frame 47 :: 90
bake: frame 48 :: 90
bake: frame 49 :: 90
bake: frame 50 :: 90
bake: frame 51 :: 90
bake: frame 52 :: 90
bake: frame 53 :: 90
bake: frame 54 :: 90
bake: frame 55 :: 90
bake: frame 56 :: 90
bake: frame 57 :: 90
bake: frame 58 :: 90
bake: frame 59 :: 90
bake: frame 60 :: 90
bake: frame 61 :: 90
bake: frame 62 :: 90
bake: frame 63 :: 90
bake: frame 64 :: 90
bake: frame 65 :: 90
bake: frame 66 :: 90
bake: frame 67 :: 90
bake: frame 68 :: 90
bake: frame 69 :: 90
bake: frame 70 :: 90
bake: frame 71 :: 90
bake: frame 72 :: 90
bake: frame 73 :: 90
bake: frame 74 :: 90
bake: frame 75 :: 90
bake: frame 76 :: 90
bake: frame 77 :: 90
bake: frame 78 :: 90
bake: frame 79 :: 90
bake: frame 80 :: 90
bake: frame 81 :: 90
bake: frame 82 :: 90
bake: frame 83 :: 90
bake: frame 84 :: 90
bake: frame 85 :: 90
bake: frame 86 :: 90
bake: frame 87 :: 90
bake: frame 88 :: 90
bake: frame 89 :: 90
bake: frame 90 :: 90
Fra:46 Mem:12.15M (Peak 52.52M) | Time:00:00.00 | Mem:0.00M, Peak:0.00M | Scene, ViewLayer | Synchronizing object | ClothKey
Fra:46 Mem:12.15M (Peak 52.52M) | Time:00:00.00 | Mem:0.00M, Peak:0.00M | Scene, ViewLayer | Synchronizing object | ClothRim
Fra:46 Mem:12.15M (Peak 52.52M) | Time:00:00.00 | Mem:0.00M, Peak:0.00M | Scene, ViewLayer | Synchronizing object | FacesLabel
Fra:46 Mem:12.15M (Peak 52.52M) | Time:00:00.00 | Mem:0.00M, Peak:0.00M | Scene, ViewLayer | Synchronizing object | Sheet
Fra:46 Mem:12.19M (Peak 52.52M) | Time:00:00.00 | Mem:0.00M, Peak:0.00M | Scene, ViewLayer | Synchronizing object | GlassSphere
Fra:46 Mem:12.62M (Peak 52.52M) | Time:00:00.00 | Mem:0.00M, Peak:0.00M | Scene, ViewLayer | Initializing
Fra:46 Mem:10.71M (Peak 52.52M) | Time:00:00.00 | Mem:0.00M, Peak:0.00M | Scene, ViewLayer | Waiting for render to start
Fra:46 Mem:10.71M (Peak 52.52M) | Time:00:00.00 | Mem:0.00M, Peak:0.00M | Scene, ViewLayer | Updating Scene
Fra:46 Mem:10.71M (Peak 52.52M) | Time:00:00.00 | Mem:0.00M, Peak:0.00M | Scene, ViewLayer | Updating Shaders
Fra:46 Mem:10.71M (Peak 52.52M) | Time:00:00.00 | Mem:0.00M, Peak:0.00M | Scene, ViewLayer | Loading render kernels (may take a few minutes the first time)
Fra:46 Mem:10.79M (Peak 52.52M) | Time:00:00.00 | Mem:0.00M, Peak:0.00M | Scene, ViewLayer | Updating Procedurals
Fra:46 Mem:10.79M (Peak 52.52M) | Time:00:00.00 | Mem:0.00M, Peak:0.00M | Scene, ViewLayer | Updating Background
Fra:46 Mem:10.79M (Peak 52.52M) | Time:00:00.00 | Mem:0.00M, Peak:0.00M | Scene, ViewLayer | Updating Camera
Fra:46 Mem:10.79M (Peak 52.52M) | Time:00:00.00 | Mem:0.00M, Peak:0.00M | Scene, ViewLayer | Updating Meshes Flags
Fra:46 Mem:10.79M (Peak 52.52M) | Time:00:00.00 | Mem:0.00M, Peak:0.00M | Scene, ViewLayer | Updating Objects
Fra:46 Mem:10.79M (Peak 52.52M) | Time:00:00.00 | Mem:0.00M, Peak:0.00M | Scene, ViewLayer | Updating Objects | Copying Transformations to device
Fra:46 Mem:10.80M (Peak 52.52M) | Time:00:00.00 | Mem:0.01M, Peak:0.01M | Scene, ViewLayer | Updating Particle Systems
Fra:46 Mem:10.80M (Peak 52.52M) | Time:00:00.00 | Mem:0.01M, Peak:0.01M | Scene, ViewLayer | Updating Particle Systems | Copying Particles to device
Fra:46 Mem:10.80M (Peak 52.52M) | Time:00:00.00 | Mem:0.01M, Peak:0.01M | Scene, ViewLayer | Updating Meshes
Fra:46 Mem:10.80M (Peak 52.52M) | Time:00:00.00 | Mem:0.01M, Peak:0.01M | Scene, ViewLayer | Updating Objects | Applying Static Transformations
Fra:46 Mem:10.80M (Peak 52.52M) | Time:00:00.00 | Mem:0.01M, Peak:0.01M | Scene, ViewLayer | Updating Mesh | Computing attributes
Fra:46 Mem:10.84M (Peak 52.52M) | Time:00:00.00 | Mem:0.01M, Peak:0.01M | Scene, ViewLayer | Updating Mesh | Copying Attributes to device
Fra:46 Mem:10.84M (Peak 52.52M) | Time:00:00.00 | Mem:0.05M, Peak:0.05M | Scene, ViewLayer | Updating Scene BVH | Building
Fra:46 Mem:10.84M (Peak 52.52M) | Time:00:00.00 | Mem:0.05M, Peak:0.05M | Scene, ViewLayer | Updating Scene BVH | Building BVH
Fra:46 Mem:10.84M (Peak 52.52M) | Time:00:00.00 | Mem:0.21M, Peak:0.21M | Scene, ViewLayer | Updating Scene BVH | Building BVH 0%
Fra:46 Mem:10.84M (Peak 52.52M) | Time:00:00.00 | Mem:0.39M, Peak:0.56M | Scene, ViewLayer | Updating Scene BVH | Copying BVH to device
Fra:46 Mem:10.84M (Peak 52.52M) | Time:00:00.00 | Mem:0.39M, Peak:0.56M | Scene, ViewLayer | Updating Mesh | Computing normals
Fra:46 Mem:11.01M (Peak 52.52M) | Time:00:00.00 | Mem:0.39M, Peak:0.56M | Scene, ViewLayer | Updating Mesh | Copying Mesh to device
Fra:46 Mem:11.01M (Peak 52.52M) | Time:00:00.00 | Mem:0.57M, Peak:0.57M | Scene, ViewLayer | Updating Objects Flags
Fra:46 Mem:11.01M (Peak 52.52M) | Time:00:00.00 | Mem:0.57M, Peak:0.57M | Scene, ViewLayer | Updating Primitive Offsets
Fra:46 Mem:11.01M (Peak 52.52M) | Time:00:00.00 | Mem:0.57M, Peak:0.57M | Scene, ViewLayer | Updating Images
Fra:46 Mem:11.01M (Peak 52.52M) | Time:00:00.00 | Mem:0.57M, Peak:0.57M | Scene, ViewLayer | Updating Camera Volume
Fra:46 Mem:11.01M (Peak 52.52M) | Time:00:00.00 | Mem:0.57M, Peak:0.57M | Scene, ViewLayer | Updating Lookup Tables
Fra:46 Mem:11.01M (Peak 52.52M) | Time:00:00.00 | Mem:0.65M, Peak:0.65M | Scene, ViewLayer | Updating Lights
Fra:46 Mem:11.02M (Peak 52.52M) | Time:00:00.00 | Mem:0.65M, Peak:0.65M | Scene, ViewLayer | Updating Lights | Computing tree
Fra:46 Mem:11.48M (Peak 52.52M) | Time:00:00.02 | Mem:1.11M, Peak:1.11M | Scene, ViewLayer | Updating Integrator
Fra:46 Mem:11.48M (Peak 52.52M) | Time:00:00.02 | Mem:1.11M, Peak:1.11M | Scene, ViewLayer | Updating Film
Fra:46 Mem:11.48M (Peak 52.52M) | Time:00:00.02 | Mem:1.03M, Peak:1.11M | Scene, ViewLayer | Updating Lookup Tables
Fra:46 Mem:11.48M (Peak 52.52M) | Time:00:00.02 | Mem:1.11M, Peak:1.11M | Scene, ViewLayer | Updating Baking
Fra:46 Mem:11.48M (Peak 52.52M) | Time:00:00.02 | Mem:1.11M, Peak:1.11M | Scene, ViewLayer | Updating Device | Writing constant memory
Fra:46 Mem:11.48M (Peak 52.52M) | Time:00:00.02 | Mem:1.11M, Peak:1.11M | Scene, ViewLayer | Sample 0/32
Fra:46 Mem:29.32M (Peak 52.52M) | Time:00:00.50 | Remaining:00:14.99 | Mem:18.91M, Peak:18.91M | Scene, ViewLayer | Sample 1/32
Fra:46 Mem:37.23M (Peak 53.05M) | Time:00:15.59 | Mem:18.91M, Peak:18.91M | Scene, ViewLayer | Sample 32/32
Fra:46 Mem:37.23M (Peak 53.05M) | Time:00:15.59 | Mem:18.91M, Peak:18.91M | Scene, ViewLayer | Finished
Saved: '/home/runner/work/chaosim/chaosim/outputs/renders/paper_to_cloth_frames/frame_0046.png'
Time: 00:15.64 (Saving: 00:00.05)

Fra:47 Mem:12.19M (Peak 53.05M) | Time:00:00.00 | Mem:0.00M, Peak:0.00M | Scene, ViewLayer | Synchronizing object | ClothKey
Fra:47 Mem:12.19M (Peak 53.05M) | Time:00:00.00 | Mem:0.00M, Peak:0.00M | Scene, ViewLayer | Synchronizing object | ClothRim
Fra:47 Mem:12.19M (Peak 53.05M) | Time:00:00.00 | Mem:0.00M, Peak:0.00M | Scene, ViewLayer | Synchronizing object | Rod
Fra:47 Mem:12.19M (Peak 53.05M) | Time:00:00.00 | Mem:0.00M, Peak:0.00M | Scene, ViewLayer | Synchronizing object | FacesLabel
Fra:47 Mem:12.43M (Peak 53.05M) | Time:00:00.00 | Mem:0.00M, Peak:0.00M | Scene, ViewLayer | Synchronizing object | GlassSphere
Fra:47 Mem:12.62M (Peak 53.05M) | Time:00:00.00 | Mem:0.00M, Peak:0.00M | Scene, ViewLayer | Initializing
Fra:47 Mem:10.71M (Peak 53.05M) | Time:00:00.00 | Mem:0.00M, Peak:0.00M | Scene, ViewLayer | Waiting for render to start
Fra:47 Mem:10.71M (Peak 53.05M) | Time:00:00.00 | Mem:0.00M, Peak:0.00M | Scene, ViewLayer | Updating Scene
Fra:47 Mem:10.71M (Peak 53.05M) | Time:00:00.00 | Mem:0.00M, Peak:0.00M | Scene, ViewLayer | Updating Shaders
Fra:47 Mem:10.71M (Peak 53.05M) | Time:00:00.00 | Mem:0.00M, Peak:0.00M | Scene, ViewLayer | Loading render kernels (may take a few minutes the first time)
Fra:47 Mem:10.79M (Peak 53.05M) | Time:00:00.00 | Mem:0.00M, Peak:0.00M | Scene, ViewLayer | Updating Procedurals
Fra:47 Mem:10.79M (Peak 53.05M) | Time:00:00.00 | Mem:0.00M, Peak:0.00M | Scene, ViewLayer | Updating Background
Fra:47 Mem:10.79M (Peak 53.05M) | Time:00:00.00 | Mem:0.00M, Peak:0.00M | Scene, ViewLayer | Updating Camera
Fra:47 Mem:10.79M (Peak 53.05M) | Time:00:00.00 | Mem:0.00M, Peak:0.00M | Scene, ViewLayer | Updating Meshes Flags
Fra:47 Mem:10.79M (Peak 53.05M) | Time:00:00.00 | Mem:0.00M, Peak:0.00M | Scene, ViewLayer | Updating Objects
Fra:47 Mem:10.79M (Peak 53.05M) | Time:00:00.00 | Mem:0.00M, Peak:0.00M | Scene, ViewLayer | Updating Objects | Copying Transformations to device
Fra:47 Mem:10.80M (Peak 53.05M) | Time:00:00.00 | Mem:0.01M, Peak:0.01M | Scene, ViewLayer | Updating Particle Systems
Fra:47 Mem:10.80M (Peak 53.05M) | Time:00:00.00 | Mem:0.01M, Peak:0.01M | Scene, ViewLayer | Updating Particle Systems | Copying Particles to device
Fra:47 Mem:10.80M (Peak 53.05M) | Time:00:00.00 | Mem:0.01M, Peak:0.01M | Scene, ViewLayer | Updating Meshes
Fra:47 Mem:10.80M (Peak 53.05M) | Time:00:00.00 | Mem:0.01M, Peak:0.01M | Scene, ViewLayer | Updating Objects | Applying Static Transformations
Fra:47 Mem:10.80M (Peak 53.05M) | Time:00:00.00 | Mem:0.01M, Peak:0.01M | Scene, ViewLayer | Updating Mesh | Computing attributes
Fra:47 Mem:10.84M (Peak 53.05M) | Time:00:00.00 | Mem:0.01M, Peak:0.01M | Scene, ViewLayer | Updating Mesh | Copying Attributes to device
Fra:47 Mem:10.84M (Peak 53.05M) | Time:00:00.00 | Mem:0.05M, Peak:0.05M | Scene, ViewLayer | Updating Scene BVH | Building
Fra:47 Mem:10.84M (Peak 53.05M) | Time:00:00.00 | Mem:0.05M, Peak:0.05M | Scene, ViewLayer | Updating Scene BVH | Building BVH
Fra:47 Mem:10.84M (Peak 53.05M) | Time:00:00.00 | Mem:0.21M, Peak:0.21M | Scene, ViewLayer | Updating Scene BVH | Building BVH 0%
Fra:47 Mem:10.84M (Peak 53.05M) | Time:00:00.00 | Mem:0.39M, Peak:0.56M | Scene, ViewLayer | Updating Scene BVH | Copying BVH to device
Fra:47 Mem:10.84M (Peak 53.05M) | Time:00:00.00 | Mem:0.39M, Peak:0.56M | Scene, ViewLayer | Updating Mesh | Computing normals
Fra:47 Mem:11.01M (Peak 53.05M) | Time:00:00.00 | Mem:0.39M, Peak:0.56M | Scene, ViewLayer | Updating Mesh | Copying Mesh to device
Fra:47 Mem:11.01M (Peak 53.05M) | Time:00:00.00 | Mem:0.57M, Peak:0.57M | Scene, ViewLayer | Updating Objects Flags
Fra:47 Mem:11.01M (Peak 53.05M) | Time:00:00.00 | Mem:0.57M, Peak:0.57M | Scene, ViewLayer | Updating Primitive Offsets
Fra:47 Mem:11.01M (Peak 53.05M) | Time:00:00.00 | Mem:0.57M, Peak:0.57M | Scene, ViewLayer | Updating Images
Fra:47 Mem:11.01M (Peak 53.05M) | Time:00:00.00 | Mem:0.57M, Peak:0.57M | Scene, ViewLayer | Updating Camera Volume
Fra:47 Mem:11.01M (Peak 53.05M) | Time:00:00.00 | Mem:0.57M, Peak:0.57M | Scene, ViewLayer | Updating Lookup Tables
Fra:47 Mem:11.01M (Peak 53.05M) | Time:00:00.00 | Mem:0.65M, Peak:0.65M | Scene, ViewLayer | Updating Lights
Fra:47 Mem:11.02M (Peak 53.05M) | Time:00:00.00 | Mem:0.65M, Peak:0.65M | Scene, ViewLayer | Updating Lights | Computing tree
Fra:47 Mem:11.48M (Peak 53.05M) | Time:00:00.02 | Mem:1.11M, Peak:1.11M | Scene, ViewLayer | Updating Integrator
Fra:47 Mem:11.48M (Peak 53.05M) | Time:00:00.02 | Mem:1.11M, Peak:1.11M | Scene, ViewLayer | Updating Film
Fra:47 Mem:11.48M (Peak 53.05M) | Time:00:00.02 | Mem:1.03M, Peak:1.11M | Scene, ViewLayer | Updating Lookup Tables
Fra:47 Mem:11.48M (Peak 53.05M) | Time:00:00.02 | Mem:1.11M, Peak:1.11M | Scene, ViewLayer | Updating Baking
Fra:47 Mem:11.48M (Peak 53.05M) | Time:00:00.02 | Mem:1.11M, Peak:1.11M | Scene, ViewLayer | Updating Device | Writing constant memory
Fra:47 Mem:11.48M (Peak 53.05M) | Time:00:00.02 | Mem:1.11M, Peak:1.11M | Scene, ViewLayer | Sample 0/32
Fra:47 Mem:29.32M (Peak 53.05M) | Time:00:00.50 | Remaining:00:14.99 | Mem:18.91M, Peak:18.91M | Scene, ViewLayer | Sample 1/32
Fra:47 Mem:37.23M (Peak 53.05M) | Time:00:15.56 | Mem:18.91M, Peak:18.91M | Scene, ViewLayer | Sample 32/32
Fra:47 Mem:37.23M (Peak 53.05M) | Time:00:15.56 | Mem:18.91M, Peak:18.91M | Scene, ViewLayer | Finished
Saved: '/home/runner/work/chaosim/chaosim/outputs/renders/paper_to_cloth_frames/frame_0047.png'
Time: 00:15.62 (Saving: 00:00.05)

Fra:48 Mem:12.19M (Peak 53.05M) | Time:00:00.00 | Mem:0.00M, Peak:0.00M | Scene, ViewLayer | Synchronizing object | ClothKey
Fra:48 Mem:12.19M (Peak 53.05M) | Time:00:00.00 | Mem:0.00M, Peak:0.00M | Scene, ViewLayer | Synchronizing object | ClothRim
Fra:48 Mem:12.19M (Peak 53.05M) | Time:00:00.00 | Mem:0.00M, Peak:0.00M | Scene, ViewLayer | Synchronizing object | Sheet
Fra:48 Mem:12.19M (Peak 53.05M) | Time:00:00.00 | Mem:0.00M, Peak:0.00M | Scene, ViewLayer | Synchronizing object | FacesLabel
Fra:48 Mem:12.42M (Peak 53.05M) | Time:00:00.00 | Mem:0.00M, Peak:0.00M | Scene, ViewLayer | Synchronizing object | GlassSphere
Fra:48 Mem:12.62M (Peak 53.05M) | Time:00:00.00 | Mem:0.00M, Peak:0.00M | Scene, ViewLayer | Initializing
Fra:48 Mem:10.71M (Peak 53.05M) | Time:00:00.00 | Mem:0.00M, Peak:0.00M | Scene, ViewLayer | Waiting for render to start
Fra:48 Mem:10.71M (Peak 53.05M) | Time:00:00.00 | Mem:0.00M, Peak:0.00M | Scene, ViewLayer | Updating Scene
Fra:48 Mem:10.71M (Peak 53.05M) | Time:00:00.00 | Mem:0.00M, Peak:0.00M | Scene, ViewLayer | Updating Shaders
Fra:48 Mem:10.71M (Peak 53.05M) | Time:00:00.00 | Mem:0.00M, Peak:0.00M | Scene, ViewLayer | Loading render kernels (may take a few minutes the first time)
Fra:48 Mem:10.79M (Peak 53.05M) | Time:00:00.00 | Mem:0.00M, Peak:0.00M | Scene, ViewLayer | Updating Procedurals
Fra:48 Mem:10.79M (Peak 53.05M) | Time:00:00.00 | Mem:0.00M, Peak:0.00M | Scene, ViewLayer | Updating Background
Fra:48 Mem:10.79M (Peak 53.05M) | Time:00:00.00 | Mem:0.00M, Peak:0.00M | Scene, ViewLayer | Updating Camera
Fra:48 Mem:10.79M (Peak 53.05M) | Time:00:00.00 | Mem:0.00M, Peak:0.00M | Scene, ViewLayer | Updating Meshes Flags
Fra:48 Mem:10.79M (Peak 53.05M) | Time:00:00.00 | Mem:0.00M, Peak:0.00M | Scene, ViewLayer | Updating Objects
Fra:48 Mem:10.79M (Peak 53.05M) | Time:00:00.00 | Mem:0.00M, Peak:0.00M | Scene, ViewLayer | Updating Objects | Copying Transformations to device
Fra:48 Mem:10.80M (Peak 53.05M) | Time:00:00.00 | Mem:0.01M, Peak:0.01M | Scene, ViewLayer | Updating Particle Systems
Fra:48 Mem:10.80M (Peak 53.05M) | Time:00:00.00 | Mem:0.01M, Peak:0.01M | Scene, ViewLayer | Updating Particle Systems | Copying Particles to device
Fra:48 Mem:10.80M (Peak 53.05M) | Time:00:00.00 | Mem:0.01M, Peak:0.01M | Scene, ViewLayer | Updating Meshes
Fra:48 Mem:10.80M (Peak 53.05M) | Time:00:00.00 | Mem:0.01M, Peak:0.01M | Scene, ViewLayer | Updating Objects | Applying Static Transformations
Fra:48 Mem:10.80M (Peak 53.05M) | Time:00:00.00 | Mem:0.01M, Peak:0.01M | Scene, ViewLayer | Updating Mesh | Computing attributes
Fra:48 Mem:10.84M (Peak 53.05M) | Time:00:00.00 | Mem:0.01M, Peak:0.01M | Scene, ViewLayer | Updating Mesh | Copying Attributes to device
Fra:48 Mem:10.84M (Peak 53.05M) | Time:00:00.00 | Mem:0.05M, Peak:0.05M | Scene, ViewLayer | Updating Scene BVH | Building
Fra:48 Mem:10.84M (Peak 53.05M) | Time:00:00.00 | Mem:0.05M, Peak:0.05M | Scene, ViewLayer | Updating Scene BVH | Building BVH
Fra:48 Mem:10.84M (Peak 53.05M) | Time:00:00.00 | Mem:0.21M, Peak:0.21M | Scene, ViewLayer | Updating Scene BVH | Building BVH 0%
Fra:48 Mem:10.84M (Peak 53.05M) | Time:00:00.00 | Mem:0.39M, Peak:0.56M | Scene, ViewLayer | Updating Scene BVH | Copying BVH to device
Fra:48 Mem:10.84M (Peak 53.05M) | Time:00:00.00 | Mem:0.39M, Peak:0.56M | Scene, ViewLayer | Updating Mesh | Computing normals
Fra:48 Mem:11.01M (Peak 53.05M) | Time:00:00.00 | Mem:0.39M, Peak:0.56M | Scene, ViewLayer | Updating Mesh | Copying Mesh to device
Fra:48 Mem:11.01M (Peak 53.05M) | Time:00:00.00 | Mem:0.57M, Peak:0.57M | Scene, ViewLayer | Updating Objects Flags
Fra:48 Mem:11.01M (Peak 53.05M) | Time:00:00.00 | Mem:0.57M, Peak:0.57M | Scene, ViewLayer | Updating Primitive Offsets
Fra:48 Mem:11.01M (Peak 53.05M) | Time:00:00.00 | Mem:0.57M, Peak:0.57M | Scene, ViewLayer | Updating Images
Fra:48 Mem:11.01M (Peak 53.05M) | Time:00:00.00 | Mem:0.57M, Peak:0.57M | Scene, ViewLayer | Updating Camera Volume
Fra:48 Mem:11.01M (Peak 53.05M) | Time:00:00.00 | Mem:0.57M, Peak:0.57M | Scene, ViewLayer | Updating Lookup Tables
Fra:48 Mem:11.01M (Peak 53.05M) | Time:00:00.00 | Mem:0.65M, Peak:0.65M | Scene, ViewLayer | Updating Lights
Fra:48 Mem:11.02M (Peak 53.05M) | Time:00:00.00 | Mem:0.65M, Peak:0.65M | Scene, ViewLayer | Updating Lights | Computing tree
Fra:48 Mem:11.48M (Peak 53.05M) | Time:00:00.02 | Mem:1.11M, Peak:1.11M | Scene, ViewLayer | Updating Integrator
Fra:48 Mem:11.48M (Peak 53.05M) | Time:00:00.02 | Mem:1.11M, Peak:1.11M | Scene, ViewLayer | Updating Film
Fra:48 Mem:11.48M (Peak 53.05M) | Time:00:00.02 | Mem:1.03M, Peak:1.11M | Scene, ViewLayer | Updating Lookup Tables
Fra:48 Mem:11.48M (Peak 53.05M) | Time:00:00.02 | Mem:1.11M, Peak:1.11M | Scene, ViewLayer | Updating Baking
Fra:48 Mem:11.48M (Peak 53.05M) | Time:00:00.02 | Mem:1.11M, Peak:1.11M | Scene, ViewLayer | Updating Device | Writing constant memory
Fra:48 Mem:11.48M (Peak 53.05M) | Time:00:00.02 | Mem:1.11M, Peak:1.11M | Scene, ViewLayer | Sample 0/32
Fra:48 Mem:29.32M (Peak 53.05M) | Time:00:00.50 | Remaining:00:14.99 | Mem:18.91M, Peak:18.91M | Scene, ViewLayer | Sample 1/32
Fra:48 Mem:37.23M (Peak 53.05M) | Time:00:15.58 | Mem:18.91M, Peak:18.91M | Scene, ViewLayer | Sample 32/32
Fra:48 Mem:37.23M (Peak 53.05M) | Time:00:15.58 | Mem:18.91M, Peak:18.91M | Scene, ViewLayer | Finished
Saved: '/home/runner/work/chaosim/chaosim/outputs/renders/paper_to_cloth_frames/frame_0048.png'
Time: 00:15.63 (Saving: 00:00.05)

Fra:49 Mem:12.19M (Peak 53.05M) | Time:00:00.00 | Mem:0.00M, Peak:0.00M | Scene, ViewLayer | Synchronizing object | ClothKey
Fra:49 Mem:12.19M (Peak 53.05M) | Time:00:00.00 | Mem:0.00M, Peak:0.00M | Scene, ViewLayer | Synchronizing object | ClothRim
Fra:49 Mem:12.19M (Peak 53.05M) | Time:00:00.00 | Mem:0.00M, Peak:0.00M | Scene, ViewLayer | Synchronizing object | Rod
Fra:49 Mem:12.19M (Peak 53.05M) | Time:00:00.00 | Mem:0.00M, Peak:0.00M | Scene, ViewLayer | Synchronizing object | FacesLabel
Fra:49 Mem:12.23M (Peak 53.05M) | Time:00:00.00 | Mem:0.00M, Peak:0.00M | Scene, ViewLayer | Synchronizing object | GlassSphere
Fra:49 Mem:12.62M (Peak 53.05M) | Time:00:00.00 | Mem:0.00M, Peak:0.00M | Scene, ViewLayer | Initializing
Fra:49 Mem:10.71M (Peak 53.05M) | Time:00:00.00 | Mem:0.00M, Peak:0.00M | Scene, ViewLayer | Waiting for render to start
Fra:49 Mem:10.71M (Peak 53.05M) | Time:00:00.00 | Mem:0.00M, Peak:0.00M | Scene, ViewLayer | Updating Scene
Fra:49 Mem:10.71M (Peak 53.05M) | Time:00:00.00 | Mem:0.00M, Peak:0.00M | Scene, ViewLayer | Updating Shaders
Fra:49 Mem:10.71M (Peak 53.05M) | Time:00:00.00 | Mem:0.00M, Peak:0.00M | Scene, ViewLayer | Loading render kernels (may take a few minutes the first time)
Fra:49 Mem:10.79M (Peak 53.05M) | Time:00:00.00 | Mem:0.00M, Peak:0.00M | Scene, ViewLayer | Updating Procedurals
Fra:49 Mem:10.79M (Peak 53.05M) | Time:00:00.00 | Mem:0.00M, Peak:0.00M | Scene, ViewLayer | Updating Background
Fra:49 Mem:10.79M (Peak 53.05M) | Time:00:00.00 | Mem:0.00M, Peak:0.00M | Scene, ViewLayer | Updating Camera
Fra:49 Mem:10.79M (Peak 53.05M) | Time:00:00.00 | Mem:0.00M, Peak:0.00M | Scene, ViewLayer | Updating Meshes Flags
Fra:49 Mem:10.79M (Peak 53.05M) | Time:00:00.00 | Mem:0.00M, Peak:0.00M | Scene, ViewLayer | Updating Objects
Fra:49 Mem:10.79M (Peak 53.05M) | Time:00:00.00 | Mem:0.00M, Peak:0.00M | Scene, ViewLayer | Updating Objects | Copying Transformations to device
Fra:49 Mem:10.80M (Peak 53.05M) | Time:00:00.00 | Mem:0.01M, Peak:0.01M | Scene, ViewLayer | Updating Particle Systems
Fra:49 Mem:10.80M (Peak 53.05M) | Time:00:00.00 | Mem:0.01M, Peak:0.01M | Scene, ViewLayer | Updating Particle Systems | Copying Particles to device
Fra:49 Mem:10.80M (Peak 53.05M) | Time:00:00.00 | Mem:0.01M, Peak:0.01M | Scene, ViewLayer | Updating Meshes
Fra:49 Mem:10.80M (Peak 53.05M) | Time:00:00.00 | Mem:0.01M, Peak:0.01M | Scene, ViewLayer | Updating Objects | Applying Static Transformations
Fra:49 Mem:10.80M (Peak 53.05M) | Time:00:00.00 | Mem:0.01M, Peak:0.01M | Scene, ViewLayer | Updating Mesh | Computing attributes
Fra:49 Mem:10.84M (Peak 53.05M) | Time:00:00.00 | Mem:0.01M, Peak:0.01M | Scene, ViewLayer | Updating Mesh | Copying Attributes to device
Fra:49 Mem:10.84M (Peak 53.05M) | Time:00:00.00 | Mem:0.05M, Peak:0.05M | Scene, ViewLayer | Updating Scene BVH | Building
Fra:49 Mem:10.84M (Peak 53.05M) | Time:00:00.00 | Mem:0.05M, Peak:0.05M | Scene, ViewLayer | Updating Scene BVH | Building BVH
Fra:49 Mem:10.84M (Peak 53.05M) | Time:00:00.00 | Mem:0.21M, Peak:0.21M | Scene, ViewLayer | Updating Scene BVH | Building BVH 0%
Fra:49 Mem:10.84M (Peak 53.05M) | Time:00:00.00 | Mem:0.39M, Peak:0.56M | Scene, ViewLayer | Updating Scene BVH | Copying BVH to device
Fra:49 Mem:10.84M (Peak 53.05M) | Time:00:00.00 | Mem:0.39M, Peak:0.56M | Scene, ViewLayer | Updating Mesh | Computing normals
Fra:49 Mem:11.01M (Peak 53.05M) | Time:00:00.00 | Mem:0.39M, Peak:0.56M | Scene, ViewLayer | Updating Mesh | Copying Mesh to device
Fra:49 Mem:11.01M (Peak 53.05M) | Time:00:00.00 | Mem:0.57M, Peak:0.57M | Scene, ViewLayer | Updating Objects Flags
Fra:49 Mem:11.01M (Peak 53.05M) | Time:00:00.00 | Mem:0.57M, Peak:0.57M | Scene, ViewLayer | Updating Primitive Offsets
Fra:49 Mem:11.01M (Peak 53.05M) | Time:00:00.00 | Mem:0.57M, Peak:0.57M | Scene, ViewLayer | Updating Images
Fra:49 Mem:11.01M (Peak 53.05M) | Time:00:00.00 | Mem:0.57M, Peak:0.57M | Scene, ViewLayer | Updating Camera Volume
Fra:49 Mem:11.01M (Peak 53.05M) | Time:00:00.00 | Mem:0.57M, Peak:0.57M | Scene, ViewLayer | Updating Lookup Tables
Fra:49 Mem:11.01M (Peak 53.05M) | Time:00:00.00 | Mem:0.65M, Peak:0.65M | Scene, ViewLayer | Updating Lights
Fra:49 Mem:11.02M (Peak 53.05M) | Time:00:00.00 | Mem:0.65M, Peak:0.65M | Scene, ViewLayer | Updating Lights | Computing tree
Fra:49 Mem:11.48M (Peak 53.05M) | Time:00:00.01 | Mem:1.11M, Peak:1.11M | Scene, ViewLayer | Updating Integrator
Fra:49 Mem:11.48M (Peak 53.05M) | Time:00:00.01 | Mem:1.11M, Peak:1.11M | Scene, ViewLayer | Updating Film
Fra:49 Mem:11.48M (Peak 53.05M) | Time:00:00.01 | Mem:1.03M, Peak:1.11M | Scene, ViewLayer | Updating Lookup Tables
Fra:49 Mem:11.48M (Peak 53.05M) | Time:00:00.02 | Mem:1.11M, Peak:1.11M | Scene, ViewLayer | Updating Baking
Fra:49 Mem:11.48M (Peak 53.05M) | Time:00:00.02 | Mem:1.11M, Peak:1.11M | Scene, ViewLayer | Updating Device | Writing constant memory
Fra:49 Mem:11.48M (Peak 53.05M) | Time:00:00.02 | Mem:1.11M, Peak:1.11M | Scene, ViewLayer | Sample 0/32
Fra:49 Mem:29.32M (Peak 53.05M) | Time:00:00.49 | Remaining:00:14.82 | Mem:18.91M, Peak:18.91M | Scene, ViewLayer | Sample 1/32
Fra:49 Mem:37.23M (Peak 53.05M) | Time:00:15.54 | Mem:18.91M, Peak:18.91M | Scene, ViewLayer | Sample 32/32
Fra:49 Mem:37.23M (Peak 53.05M) | Time:00:15.54 | Mem:18.91M, Peak:18.91M | Scene, ViewLayer | Finished
Saved: '/home/runner/work/chaosim/chaosim/outputs/renders/paper_to_cloth_frames/frame_0049.png'
Time: 00:15.59 (Saving: 00:00.05)

Fra:50 Mem:12.19M (Peak 53.05M) | Time:00:00.00 | Mem:0.00M, Peak:0.00M | Scene, ViewLayer | Synchronizing object | ClothKey
Fra:50 Mem:12.19M (Peak 53.05M) | Time:00:00.00 | Mem:0.00M, Peak:0.00M | Scene, ViewLayer | Synchronizing object | Rod
Fra:50 Mem:12.19M (Peak 53.05M) | Time:00:00.00 | Mem:0.00M, Peak:0.00M | Scene, ViewLayer | Synchronizing object | FacesLabel
Fra:50 Mem:12.19M (Peak 53.05M) | Time:00:00.00 | Mem:0.00M, Peak:0.00M | Scene, ViewLayer | Synchronizing object | GlassSphere
Fra:50 Mem:12.62M (Peak 53.05M) | Time:00:00.00 | Mem:0.00M, Peak:0.00M | Scene, ViewLayer | Initializing
Fra:50 Mem:10.71M (Peak 53.05M) | Time:00:00.00 | Mem:0.00M, Peak:0.00M | Scene, ViewLayer | Waiting for render to start
Fra:50 Mem:10.71M (Peak 53.05M) | Time:00:00.00 | Mem:0.00M, Peak:0.00M | Scene, ViewLayer | Updating Scene
Fra:50 Mem:10.71M (Peak 53.05M) | Time:00:00.00 | Mem:0.00M, Peak:0.00M | Scene, ViewLayer | Updating Shaders
Fra:50 Mem:10.71M (Peak 53.05M) | Time:00:00.00 | Mem:0.00M, Peak:0.00M | Scene, ViewLayer | Loading render kernels (may take a few minutes the first time)
Fra:50 Mem:10.79M (Peak 53.05M) | Time:00:00.00 | Mem:0.00M, Peak:0.00M | Scene, ViewLayer | Updating Procedurals
Fra:50 Mem:10.79M (Peak 53.05M) | Time:00:00.00 | Mem:0.00M, Peak:0.00M | Scene, ViewLayer | Updating Background
Fra:50 Mem:10.79M (Peak 53.05M) | Time:00:00.00 | Mem:0.00M, Peak:0.00M | Scene, ViewLayer | Updating Camera
Fra:50 Mem:10.79M (Peak 53.05M) | Time:00:00.00 | Mem:0.00M, Peak:0.00M | Scene, ViewLayer | Updating Meshes Flags
Fra:50 Mem:10.79M (Peak 53.05M) | Time:00:00.00 | Mem:0.00M, Peak:0.00M | Scene, ViewLayer | Updating Objects
Fra:50 Mem:10.79M (Peak 53.05M) | Time:00:00.00 | Mem:0.00M, Peak:0.00M | Scene, ViewLayer | Updating Objects | Copying Transformations to device
Fra:50 Mem:10.80M (Peak 53.05M) | Time:00:00.00 | Mem:0.01M, Peak:0.01M | Scene, ViewLayer | Updating Particle Systems
Fra:50 Mem:10.80M (Peak 53.05M) | Time:00:00.00 | Mem:0.01M, Peak:0.01M | Scene, ViewLayer | Updating Particle Systems | Copying Particles to device
Fra:50 Mem:10.80M (Peak 53.05M) | Time:00:00.00 | Mem:0.01M, Peak:0.01M | Scene, ViewLayer | Updating Meshes
Fra:50 Mem:10.80M (Peak 53.05M) | Time:00:00.00 | Mem:0.01M, Peak:0.01M | Scene, ViewLayer | Updating Objects | Applying Static Transformations
Fra:50 Mem:10.80M (Peak 53.05M) | Time:00:00.00 | Mem:0.01M, Peak:0.01M | Scene, ViewLayer | Updating Mesh | Computing attributes
Fra:50 Mem:10.84M (Peak 53.05M) | Time:00:00.00 | Mem:0.01M, Peak:0.01M | Scene, ViewLayer | Updating Mesh | Copying Attributes to device
Fra:50 Mem:10.84M (Peak 53.05M) | Time:00:00.00 | Mem:0.05M, Peak:0.05M | Scene, ViewLayer | Updating Scene BVH | Building
Fra:50 Mem:10.84M (Peak 53.05M) | Time:00:00.00 | Mem:0.05M, Peak:0.05M | Scene, ViewLayer | Updating Scene BVH | Building BVH
Fra:50 Mem:10.84M (Peak 53.05M) | Time:00:00.00 | Mem:0.21M, Peak:0.21M | Scene, ViewLayer | Updating Scene BVH | Building BVH 0%
Fra:50 Mem:10.84M (Peak 53.05M) | Time:00:00.00 | Mem:0.39M, Peak:0.56M | Scene, ViewLayer | Updating Scene BVH | Copying BVH to device
Fra:50 Mem:10.84M (Peak 53.05M) | Time:00:00.00 | Mem:0.39M, Peak:0.56M | Scene, ViewLayer | Updating Mesh | Computing normals
Fra:50 Mem:11.01M (Peak 53.05M) | Time:00:00.00 | Mem:0.39M, Peak:0.56M | Scene, ViewLayer | Updating Mesh | Copying Mesh to device
Fra:50 Mem:11.01M (Peak 53.05M) | Time:00:00.00 | Mem:0.57M, Peak:0.57M | Scene, ViewLayer | Updating Objects Flags
Fra:50 Mem:11.01M (Peak 53.05M) | Time:00:00.00 | Mem:0.57M, Peak:0.57M | Scene, ViewLayer | Updating Primitive Offsets
Fra:50 Mem:11.01M (Peak 53.05M) | Time:00:00.00 | Mem:0.57M, Peak:0.57M | Scene, ViewLayer | Updating Images
Fra:50 Mem:11.01M (Peak 53.05M) | Time:00:00.00 | Mem:0.57M, Peak:0.57M | Scene, ViewLayer | Updating Camera Volume
Fra:50 Mem:11.01M (Peak 53.05M) | Time:00:00.00 | Mem:0.57M, Peak:0.57M | Scene, ViewLayer | Updating Lookup Tables
Fra:50 Mem:11.01M (Peak 53.05M) | Time:00:00.00 | Mem:0.65M, Peak:0.65M | Scene, ViewLayer | Updating Lights
Fra:50 Mem:11.02M (Peak 53.05M) | Time:00:00.00 | Mem:0.65M, Peak:0.65M | Scene, ViewLayer | Updating Lights | Computing tree
Fra:50 Mem:11.48M (Peak 53.05M) | Time:00:00.02 | Mem:1.11M, Peak:1.11M | Scene, ViewLayer | Updating Integrator
Fra:50 Mem:11.48M (Peak 53.05M) | Time:00:00.02 | Mem:1.11M, Peak:1.11M | Scene, ViewLayer | Updating Film
Fra:50 Mem:11.48M (Peak 53.05M) | Time:00:00.02 | Mem:1.03M, Peak:1.11M | Scene, ViewLayer | Updating Lookup Tables
Fra:50 Mem:11.48M (Peak 53.05M) | Time:00:00.02 | Mem:1.11M, Peak:1.11M | Scene, ViewLayer | Updating Baking
Fra:50 Mem:11.48M (Peak 53.05M) | Time:00:00.02 | Mem:1.11M, Peak:1.11M | Scene, ViewLayer | Updating Device | Writing constant memory
Fra:50 Mem:11.48M (Peak 53.05M) | Time:00:00.02 | Mem:1.11M, Peak:1.11M | Scene, ViewLayer | Sample 0/32
Fra:50 Mem:29.32M (Peak 53.05M) | Time:00:00.50 | Remaining:00:14.98 | Mem:18.91M, Peak:18.91M | Scene, ViewLayer | Sample 1/32
Fra:50 Mem:37.23M (Peak 53.05M) | Time:00:15.53 | Mem:18.91M, Peak:18.91M | Scene, ViewLayer | Sample 32/32
Fra:50 Mem:37.23M (Peak 53.05M) | Time:00:15.53 | Mem:18.91M, Peak:18.91M | Scene, ViewLayer | Finished
Saved: '/home/runner/work/chaosim/chaosim/outputs/renders/paper_to_cloth_frames/frame_0050.png'
Time: 00:15.59 (Saving: 00:00.05)

Fra:51 Mem:12.19M (Peak 53.05M) | Time:00:00.00 | Mem:0.00M, Peak:0.00M | Scene, ViewLayer | Synchronizing object | ClothKey
Fra:51 Mem:12.19M (Peak 53.05M) | Time:00:00.00 | Mem:0.00M, Peak:0.00M | Scene, ViewLayer | Synchronizing object | Rod
Fra:51 Mem:12.19M (Peak 53.05M) | Time:00:00.00 | Mem:0.00M, Peak:0.00M | Scene, ViewLayer | Synchronizing object | FacesLabel
Fra:51 Mem:12.39M (Peak 53.05M) | Time:00:00.00 | Mem:0.00M, Peak:0.00M | Scene, ViewLayer | Synchronizing object | Sheet
Fra:51 Mem:12.45M (Peak 53.05M) | Time:00:00.00 | Mem:0.00M, Peak:0.00M | Scene, ViewLayer | Synchronizing object | GlassSphere
Fra:51 Mem:12.62M (Peak 53.05M) | Time:00:00.00 | Mem:0.00M, Peak:0.00M | Scene, ViewLayer | Initializing
Fra:51 Mem:10.71M (Peak 53.05M) | Time:00:00.00 | Mem:0.00M, Peak:0.00M | Scene, ViewLayer | Waiting for render to start
Fra:51 Mem:10.71M (Peak 53.05M) | Time:00:00.00 | Mem:0.00M, Peak:0.00M | Scene, ViewLayer | Updating Scene
Fra:51 Mem:10.71M (Peak 53.05M) | Time:00:00.00 | Mem:0.00M, Peak:0.00M | Scene, ViewLayer | Updating Shaders
Fra:51 Mem:10.71M (Peak 53.05M) | Time:00:00.00 | Mem:0.00M, Peak:0.00M | Scene, ViewLayer | Loading render kernels (may take a few minutes the first time)
Fra:51 Mem:10.79M (Peak 53.05M) | Time:00:00.00 | Mem:0.00M, Peak:0.00M | Scene, ViewLayer | Updating Procedurals
Fra:51 Mem:10.79M (Peak 53.05M) | Time:00:00.00 | Mem:0.00M, Peak:0.00M | Scene, ViewLayer | Updating Background
Fra:51 Mem:10.79M (Peak 53.05M) | Time:00:00.00 | Mem:0.00M, Peak:0.00M | Scene, ViewLayer | Updating Camera
Fra:51 Mem:10.79M (Peak 53.05M) | Time:00:00.00 | Mem:0.00M, Peak:0.00M | Scene, ViewLayer | Updating Meshes Flags
Fra:51 Mem:10.79M (Peak 53.05M) | Time:00:00.00 | Mem:0.00M, Peak:0.00M | Scene, ViewLayer | Updating Objects
Fra:51 Mem:10.79M (Peak 53.05M) | Time:00:00.00 | Mem:0.00M, Peak:0.00M | Scene, ViewLayer | Updating Objects | Copying Transformations to device
Fra:51 Mem:10.80M (Peak 53.05M) | Time:00:00.00 | Mem:0.01M, Peak:0.01M | Scene, ViewLayer | Updating Particle Systems
Fra:51 Mem:10.80M (Peak 53.05M) | Time:00:00.00 | Mem:0.01M, Peak:0.01M | Scene, ViewLayer | Updating Particle Systems | Copying Particles to device
Fra:51 Mem:10.80M (Peak 53.05M) | Time:00:00.00 | Mem:0.01M, Peak:0.01M | Scene, ViewLayer | Updating Meshes
Fra:51 Mem:10.80M (Peak 53.05M) | Time:00:00.00 | Mem:0.01M, Peak:0.01M | Scene, ViewLayer | Updating Objects | Applying Static Transformations
Fra:51 Mem:10.80M (Peak 53.05M) | Time:00:00.00 | Mem:0.01M, Peak:0.01M | Scene, ViewLayer | Updating Mesh | Computing attributes
Fra:51 Mem:10.84M (Peak 53.05M) | Time:00:00.00 | Mem:0.01M, Peak:0.01M | Scene, ViewLayer | Updating Mesh | Copying Attributes to device
Fra:51 Mem:10.84M (Peak 53.05M) | Time:00:00.00 | Mem:0.05M, Peak:0.05M | Scene, ViewLayer | Updating Scene BVH | Building
Fra:51 Mem:10.84M (Peak 53.05M) | Time:00:00.00 | Mem:0.05M, Peak:0.05M | Scene, ViewLayer | Updating Scene BVH | Building BVH
Fra:51 Mem:10.84M (Peak 53.05M) | Time:00:00.00 | Mem:0.21M, Peak:0.21M | Scene, ViewLayer | Updating Scene BVH | Building BVH 0%
Fra:51 Mem:10.84M (Peak 53.05M) | Time:00:00.00 | Mem:0.39M, Peak:0.56M | Scene, ViewLayer | Updating Scene BVH | Copying BVH to device
Fra:51 Mem:10.84M (Peak 53.05M) | Time:00:00.00 | Mem:0.39M, Peak:0.56M | Scene, ViewLayer | Updating Mesh | Computing normals
Fra:51 Mem:11.01M (Peak 53.05M) | Time:00:00.00 | Mem:0.39M, Peak:0.56M | Scene, ViewLayer | Updating Mesh | Copying Mesh to device
Fra:51 Mem:11.01M (Peak 53.05M) | Time:00:00.00 | Mem:0.57M, Peak:0.57M | Scene, ViewLayer | Updating Objects Flags
Fra:51 Mem:11.01M (Peak 53.05M) | Time:00:00.00 | Mem:0.57M, Peak:0.57M | Scene, ViewLayer | Updating Primitive Offsets
Fra:51 Mem:11.01M (Peak 53.05M) | Time:00:00.00 | Mem:0.57M, Peak:0.57M | Scene, ViewLayer | Updating Images
Fra:51 Mem:11.01M (Peak 53.05M) | Time:00:00.00 | Mem:0.57M, Peak:0.57M | Scene, ViewLayer | Updating Camera Volume
Fra:51 Mem:11.01M (Peak 53.05M) | Time:00:00.00 | Mem:0.57M, Peak:0.57M | Scene, ViewLayer | Updating Lookup Tables
Fra:51 Mem:11.01M (Peak 53.05M) | Time:00:00.00 | Mem:0.65M, Peak:0.65M | Scene, ViewLayer | Updating Lights
Fra:51 Mem:11.02M (Peak 53.05M) | Time:00:00.00 | Mem:0.65M, Peak:0.65M | Scene, ViewLayer | Updating Lights | Computing tree
Fra:51 Mem:11.48M (Peak 53.05M) | Time:00:00.02 | Mem:1.11M, Peak:1.11M | Scene, ViewLayer | Updating Integrator
Fra:51 Mem:11.48M (Peak 53.05M) | Time:00:00.02 | Mem:1.11M, Peak:1.11M | Scene, ViewLayer | Updating Film
Fra:51 Mem:11.48M (Peak 53.05M) | Time:00:00.02 | Mem:1.03M, Peak:1.11M | Scene, ViewLayer | Updating Lookup Tables
Fra:51 Mem:11.48M (Peak 53.05M) | Time:00:00.02 | Mem:1.11M, Peak:1.11M | Scene, ViewLayer | Updating Baking
Fra:51 Mem:11.48M (Peak 53.05M) | Time:00:00.02 | Mem:1.11M, Peak:1.11M | Scene, ViewLayer | Updating Device | Writing constant memory
Fra:51 Mem:11.48M (Peak 53.05M) | Time:00:00.02 | Mem:1.11M, Peak:1.11M | Scene, ViewLayer | Sample 0/32
Fra:51 Mem:29.32M (Peak 53.05M) | Time:00:00.50 | Remaining:00:14.92 | Mem:18.91M, Peak:18.91M | Scene, ViewLayer | Sample 1/32
Fra:51 Mem:37.23M (Peak 53.05M) | Time:00:15.52 | Mem:18.91M, Peak:18.91M | Scene, ViewLayer | Sample 32/32
Fra:51 Mem:37.23M (Peak 53.05M) | Time:00:15.52 | Mem:18.91M, Peak:18.91M | Scene, ViewLayer | Finished
Saved: '/home/runner/work/chaosim/chaosim/outputs/renders/paper_to_cloth_frames/frame_0051.png'
Time: 00:15.58 (Saving: 00:00.05)

Fra:52 Mem:12.19M (Peak 53.05M) | Time:00:00.00 | Mem:0.00M, Peak:0.00M | Scene, ViewLayer | Synchronizing object | ClothKey
Fra:52 Mem:12.19M (Peak 53.05M) | Time:00:00.00 | Mem:0.00M, Peak:0.00M | Scene, ViewLayer | Synchronizing object | Rod
Fra:52 Mem:12.19M (Peak 53.05M) | Time:00:00.00 | Mem:0.00M, Peak:0.00M | Scene, ViewLayer | Synchronizing object | FacesLabel
Fra:52 Mem:12.19M (Peak 53.05M) | Time:00:00.00 | Mem:0.00M, Peak:0.00M | Scene, ViewLayer | Synchronizing object | GlassSphere
Fra:52 Mem:12.62M (Peak 53.05M) | Time:00:00.00 | Mem:0.00M, Peak:0.00M | Scene, ViewLayer | Initializing
Fra:52 Mem:10.71M (Peak 53.05M) | Time:00:00.00 | Mem:0.00M, Peak:0.00M | Scene, ViewLayer | Waiting for render to start
Fra:52 Mem:10.71M (Peak 53.05M) | Time:00:00.00 | Mem:0.00M, Peak:0.00M | Scene, ViewLayer | Updating Scene
Fra:52 Mem:10.71M (Peak 53.05M) | Time:00:00.00 | Mem:0.00M, Peak:0.00M | Scene, ViewLayer | Updating Shaders
Fra:52 Mem:10.71M (Peak 53.05M) | Time:00:00.00 | Mem:0.00M, Peak:0.00M | Scene, ViewLayer | Loading render kernels (may take a few minutes the first time)
Fra:52 Mem:10.79M (Peak 53.05M) | Time:00:00.00 | Mem:0.00M, Peak:0.00M | Scene, ViewLayer | Updating Procedurals
Fra:52 Mem:10.79M (Peak 53.05M) | Time:00:00.00 | Mem:0.00M, Peak:0.00M | Scene, ViewLayer | Updating Background
Fra:52 Mem:10.79M (Peak 53.05M) | Time:00:00.00 | Mem:0.00M, Peak:0.00M | Scene, ViewLayer | Updating Camera
Fra:52 Mem:10.79M (Peak 53.05M) | Time:00:00.00 | Mem:0.00M, Peak:0.00M | Scene, ViewLayer | Updating Meshes Flags
Fra:52 Mem:10.79M (Peak 53.05M) | Time:00:00.00 | Mem:0.00M, Peak:0.00M | Scene, ViewLayer | Updating Objects
Fra:52 Mem:10.79M (Peak 53.05M) | Time:00:00.00 | Mem:0.00M, Peak:0.00M | Scene, ViewLayer | Updating Objects | Copying Transformations to device
Fra:52 Mem:10.80M (Peak 53.05M) | Time:00:00.00 | Mem:0.01M, Peak:0.01M | Scene, ViewLayer | Updating Particle Systems
Fra:52 Mem:10.80M (Peak 53.05M) | Time:00:00.00 | Mem:0.01M, Peak:0.01M | Scene, ViewLayer | Updating Particle Systems | Copying Particles to device
Fra:52 Mem:10.80M (Peak 53.05M) | Time:00:00.00 | Mem:0.01M, Peak:0.01M | Scene, ViewLayer | Updating Meshes
Fra:52 Mem:10.80M (Peak 53.05M) | Time:00:00.00 | Mem:0.01M, Peak:0.01M | Scene, ViewLayer | Updating Objects | Applying Static Transformations
Fra:52 Mem:10.80M (Peak 53.05M) | Time:00:00.00 | Mem:0.01M, Peak:0.01M | Scene, ViewLayer | Updating Mesh | Computing attributes
Fra:52 Mem:10.84M (Peak 53.05M) | Time:00:00.00 | Mem:0.01M, Peak:0.01M | Scene, ViewLayer | Updating Mesh | Copying Attributes to device
Fra:52 Mem:10.84M (Peak 53.05M) | Time:00:00.00 | Mem:0.05M, Peak:0.05M | Scene, ViewLayer | Updating Scene BVH | Building
Fra:52 Mem:10.84M (Peak 53.05M) | Time:00:00.00 | Mem:0.05M, Peak:0.05M | Scene, ViewLayer | Updating Scene BVH | Building BVH
Fra:52 Mem:10.84M (Peak 53.05M) | Time:00:00.00 | Mem:0.21M, Peak:0.21M | Scene, ViewLayer | Updating Scene BVH | Building BVH 0%
Fra:52 Mem:10.84M (Peak 53.05M) | Time:00:00.00 | Mem:0.39M, Peak:0.56M | Scene, ViewLayer | Updating Scene BVH | Copying BVH to device
Fra:52 Mem:10.84M (Peak 53.05M) | Time:00:00.00 | Mem:0.39M, Peak:0.56M | Scene, ViewLayer | Updating Mesh | Computing normals
Fra:52 Mem:11.01M (Peak 53.05M) | Time:00:00.00 | Mem:0.39M, Peak:0.56M | Scene, ViewLayer | Updating Mesh | Copying Mesh to device
Fra:52 Mem:11.01M (Peak 53.05M) | Time:00:00.00 | Mem:0.57M, Peak:0.57M | Scene, ViewLayer | Updating Objects Flags
Fra:52 Mem:11.01M (Peak 53.05M) | Time:00:00.00 | Mem:0.57M, Peak:0.57M | Scene, ViewLayer | Updating Primitive Offsets
Fra:52 Mem:11.01M (Peak 53.05M) | Time:00:00.00 | Mem:0.57M, Peak:0.57M | Scene, ViewLayer | Updating Images
Fra:52 Mem:11.01M (Peak 53.05M) | Time:00:00.00 | Mem:0.57M, Peak:0.57M | Scene, ViewLayer | Updating Camera Volume
Fra:52 Mem:11.01M (Peak 53.05M) | Time:00:00.00 | Mem:0.57M, Peak:0.57M | Scene, ViewLayer | Updating Lookup Tables
Fra:52 Mem:11.01M (Peak 53.05M) | Time:00:00.00 | Mem:0.65M, Peak:0.65M | Scene, ViewLayer | Updating Lights
Fra:52 Mem:11.02M (Peak 53.05M) | Time:00:00.00 | Mem:0.65M, Peak:0.65M | Scene, ViewLayer | Updating Lights | Computing tree
Fra:52 Mem:11.48M (Peak 53.05M) | Time:00:00.02 | Mem:1.11M, Peak:1.11M | Scene, ViewLayer | Updating Integrator
Fra:52 Mem:11.48M (Peak 53.05M) | Time:00:00.02 | Mem:1.11M, Peak:1.11M | Scene, ViewLayer | Updating Film
Fra:52 Mem:11.48M (Peak 53.05M) | Time:00:00.02 | Mem:1.03M, Peak:1.11M | Scene, ViewLayer | Updating Lookup Tables
Fra:52 Mem:11.48M (Peak 53.05M) | Time:00:00.02 | Mem:1.11M, Peak:1.11M | Scene, ViewLayer | Updating Baking
Fra:52 Mem:11.48M (Peak 53.05M) | Time:00:00.02 | Mem:1.11M, Peak:1.11M | Scene, ViewLayer | Updating Device | Writing constant memory
Fra:52 Mem:11.48M (Peak 53.05M) | Time:00:00.02 | Mem:1.11M, Peak:1.11M | Scene, ViewLayer | Sample 0/32
Fra:52 Mem:29.32M (Peak 53.05M) | Time:00:00.50 | Remaining:00:14.99 | Mem:18.91M, Peak:18.91M | Scene, ViewLayer | Sample 1/32
Fra:52 Mem:37.23M (Peak 53.05M) | Time:00:15.53 | Mem:18.91M, Peak:18.91M | Scene, ViewLayer | Sample 32/32
Fra:52 Mem:37.23M (Peak 53.05M) | Time:00:15.53 | Mem:18.91M, Peak:18.91M | Scene, ViewLayer | Finished
Saved: '/home/runner/work/chaosim/chaosim/outputs/renders/paper_to_cloth_frames/frame_0052.png'
Time: 00:15.58 (Saving: 00:00.05)

Fra:53 Mem:12.19M (Peak 53.05M) | Time:00:00.00 | Mem:0.00M, Peak:0.00M | Scene, ViewLayer | Synchronizing object | ClothKey
Fra:53 Mem:12.19M (Peak 53.05M) | Time:00:00.00 | Mem:0.00M, Peak:0.00M | Scene, ViewLayer | Synchronizing object | ClothRim
Fra:53 Mem:12.19M (Peak 53.05M) | Time:00:00.00 | Mem:0.00M, Peak:0.00M | Scene, ViewLayer | Synchronizing object | Rod
Fra:53 Mem:12.19M (Peak 53.05M) | Time:00:00.00 | Mem:0.00M, Peak:0.00M | Scene, ViewLayer | Synchronizing object | Sheet
Fra:53 Mem:12.21M (Peak 53.05M) | Time:00:00.00 | Mem:0.00M, Peak:0.00M | Scene, ViewLayer | Synchronizing object | FacesLabel
Fra:53 Mem:12.22M (Peak 53.05M) | Time:00:00.00 | Mem:0.00M, Peak:0.00M | Scene, ViewLayer | Synchronizing object | GlassSphere
Fra:53 Mem:12.62M (Peak 53.05M) | Time:00:00.00 | Mem:0.00M, Peak:0.00M | Scene, ViewLayer | Initializing
Fra:53 Mem:10.71M (Peak 53.05M) | Time:00:00.00 | Mem:0.00M, Peak:0.00M | Scene, ViewLayer | Waiting for render to start
Fra:53 Mem:10.71M (Peak 53.05M) | Time:00:00.00 | Mem:0.00M, Peak:0.00M | Scene, ViewLayer | Updating Scene
Fra:53 Mem:10.71M (Peak 53.05M) | Time:00:00.00 | Mem:0.00M, Peak:0.00M | Scene, ViewLayer | Updating Shaders
Fra:53 Mem:10.71M (Peak 53.05M) | Time:00:00.00 | Mem:0.00M, Peak:0.00M | Scene, ViewLayer | Loading render kernels (may take a few minutes the first time)
Fra:53 Mem:10.79M (Peak 53.05M) | Time:00:00.00 | Mem:0.00M, Peak:0.00M | Scene, ViewLayer | Updating Procedurals
Fra:53 Mem:10.79M (Peak 53.05M) | Time:00:00.00 | Mem:0.00M, Peak:0.00M | Scene, ViewLayer | Updating Background
Fra:53 Mem:10.79M (Peak 53.05M) | Time:00:00.00 | Mem:0.00M, Peak:0.00M | Scene, ViewLayer | Updating Camera
Fra:53 Mem:10.79M (Peak 53.05M) | Time:00:00.00 | Mem:0.00M, Peak:0.00M | Scene, ViewLayer | Updating Meshes Flags
Fra:53 Mem:10.79M (Peak 53.05M) | Time:00:00.00 | Mem:0.00M, Peak:0.00M | Scene, ViewLayer | Updating Objects
Fra:53 Mem:10.79M (Peak 53.05M) | Time:00:00.00 | Mem:0.00M, Peak:0.00M | Scene, ViewLayer | Updating Objects | Copying Transformations to device
Fra:53 Mem:10.80M (Peak 53.05M) | Time:00:00.00 | Mem:0.01M, Peak:0.01M | Scene, ViewLayer | Updating Particle Systems
Fra:53 Mem:10.80M (Peak 53.05M) | Time:00:00.00 | Mem:0.01M, Peak:0.01M | Scene, ViewLayer | Updating Particle Systems | Copying Particles to device
Fra:53 Mem:10.80M (Peak 53.05M) | Time:00:00.00 | Mem:0.01M, Peak:0.01M | Scene, ViewLayer | Updating Meshes
Fra:53 Mem:10.80M (Peak 53.05M) | Time:00:00.00 | Mem:0.01M, Peak:0.01M | Scene, ViewLayer | Updating Objects | Applying Static Transformations
Fra:53 Mem:10.80M (Peak 53.05M) | Time:00:00.00 | Mem:0.01M, Peak:0.01M | Scene, ViewLayer | Updating Mesh | Computing attributes
Fra:53 Mem:10.84M (Peak 53.05M) | Time:00:00.00 | Mem:0.01M, Peak:0.01M | Scene, ViewLayer | Updating Mesh | Copying Attributes to device
Fra:53 Mem:10.84M (Peak 53.05M) | Time:00:00.00 | Mem:0.05M, Peak:0.05M | Scene, ViewLayer | Updating Scene BVH | Building
Fra:53 Mem:10.84M (Peak 53.05M) | Time:00:00.00 | Mem:0.05M, Peak:0.05M | Scene, ViewLayer | Updating Scene BVH | Building BVH
Fra:53 Mem:10.84M (Peak 53.05M) | Time:00:00.00 | Mem:0.21M, Peak:0.21M | Scene, ViewLayer | Updating Scene BVH | Building BVH 0%
Fra:53 Mem:10.84M (Peak 53.05M) | Time:00:00.00 | Mem:0.39M, Peak:0.56M | Scene, ViewLayer | Updating Scene BVH | Copying BVH to device
Fra:53 Mem:10.84M (Peak 53.05M) | Time:00:00.00 | Mem:0.39M, Peak:0.56M | Scene, ViewLayer | Updating Mesh | Computing normals
Fra:53 Mem:11.01M (Peak 53.05M) | Time:00:00.00 | Mem:0.39M, Peak:0.56M | Scene, ViewLayer | Updating Mesh | Copying Mesh to device
Fra:53 Mem:11.01M (Peak 53.05M) | Time:00:00.00 | Mem:0.57M, Peak:0.57M | Scene, ViewLayer | Updating Objects Flags
Fra:53 Mem:11.01M (Peak 53.05M) | Time:00:00.00 | Mem:0.57M, Peak:0.57M | Scene, ViewLayer | Updating Primitive Offsets
Fra:53 Mem:11.01M (Peak 53.05M) | Time:00:00.00 | Mem:0.57M, Peak:0.57M | Scene, ViewLayer | Updating Images
Fra:53 Mem:11.01M (Peak 53.05M) | Time:00:00.00 | Mem:0.57M, Peak:0.57M | Scene, ViewLayer | Updating Camera Volume
Fra:53 Mem:11.01M (Peak 53.05M) | Time:00:00.00 | Mem:0.57M, Peak:0.57M | Scene, ViewLayer | Updating Lookup Tables
Fra:53 Mem:11.01M (Peak 53.05M) | Time:00:00.00 | Mem:0.65M, Peak:0.65M | Scene, ViewLayer | Updating Lights
Fra:53 Mem:11.02M (Peak 53.05M) | Time:00:00.00 | Mem:0.65M, Peak:0.65M | Scene, ViewLayer | Updating Lights | Computing tree
Fra:53 Mem:11.48M (Peak 53.05M) | Time:00:00.02 | Mem:1.11M, Peak:1.11M | Scene, ViewLayer | Updating Integrator
Fra:53 Mem:11.48M (Peak 53.05M) | Time:00:00.02 | Mem:1.11M, Peak:1.11M | Scene, ViewLayer | Updating Film
Fra:53 Mem:11.48M (Peak 53.05M) | Time:00:00.02 | Mem:1.03M, Peak:1.11M | Scene, ViewLayer | Updating Lookup Tables
Fra:53 Mem:11.48M (Peak 53.05M) | Time:00:00.02 | Mem:1.11M, Peak:1.11M | Scene, ViewLayer | Updating Baking
Fra:53 Mem:11.48M (Peak 53.05M) | Time:00:00.02 | Mem:1.11M, Peak:1.11M | Scene, ViewLayer | Updating Device | Writing constant memory
Fra:53 Mem:11.48M (Peak 53.05M) | Time:00:00.02 | Mem:1.11M, Peak:1.11M | Scene, ViewLayer | Sample 0/32
Fra:53 Mem:29.32M (Peak 53.05M) | Time:00:00.50 | Remaining:00:15.00 | Mem:18.91M, Peak:18.91M | Scene, ViewLayer | Sample 1/32
Fra:53 Mem:37.23M (Peak 53.05M) | Time:00:15.57 | Mem:18.91M, Peak:18.91M | Scene, ViewLayer | Sample 32/32
Fra:53 Mem:37.23M (Peak 53.05M) | Time:00:15.57 | Mem:18.91M, Peak:18.91M | Scene, ViewLayer | Finished
Saved: '/home/runner/work/chaosim/chaosim/outputs/renders/paper_to_cloth_frames/frame_0053.png'
Time: 00:15.62 (Saving: 00:00.05)

Fra:54 Mem:12.19M (Peak 53.05M) | Time:00:00.00 | Mem:0.00M, Peak:0.00M | Scene, ViewLayer | Synchronizing object | ClothKey
Fra:54 Mem:12.19M (Peak 53.05M) | Time:00:00.00 | Mem:0.00M, Peak:0.00M | Scene, ViewLayer | Synchronizing object | ClothRim
Fra:54 Mem:12.19M (Peak 53.05M) | Time:00:00.00 | Mem:0.00M, Peak:0.00M | Scene, ViewLayer | Synchronizing object | Sheet
Fra:54 Mem:12.19M (Peak 53.05M) | Time:00:00.00 | Mem:0.00M, Peak:0.00M | Scene, ViewLayer | Synchronizing object | FacesLabel
Fra:54 Mem:12.39M (Peak 53.05M) | Time:00:00.00 | Mem:0.00M, Peak:0.00M | Scene, ViewLayer | Synchronizing object | GlassSphere
Fra:54 Mem:12.62M (Peak 53.05M) | Time:00:00.00 | Mem:0.00M, Peak:0.00M | Scene, ViewLayer | Initializing
Fra:54 Mem:10.71M (Peak 53.05M) | Time:00:00.00 | Mem:0.00M, Peak:0.00M | Scene, ViewLayer | Waiting for render to start
Fra:54 Mem:10.71M (Peak 53.05M) | Time:00:00.00 | Mem:0.00M, Peak:0.00M | Scene, ViewLayer | Updating Scene
Fra:54 Mem:10.71M (Peak 53.05M) | Time:00:00.00 | Mem:0.00M, Peak:0.00M | Scene, ViewLayer | Updating Shaders
Fra:54 Mem:10.71M (Peak 53.05M) | Time:00:00.00 | Mem:0.00M, Peak:0.00M | Scene, ViewLayer | Loading render kernels (may take a few minutes the first time)
Fra:54 Mem:10.79M (Peak 53.05M) | Time:00:00.00 | Mem:0.00M, Peak:0.00M | Scene, ViewLayer | Updating Procedurals
Fra:54 Mem:10.79M (Peak 53.05M) | Time:00:00.00 | Mem:0.00M, Peak:0.00M | Scene, ViewLayer | Updating Background
Fra:54 Mem:10.79M (Peak 53.05M) | Time:00:00.00 | Mem:0.00M, Peak:0.00M | Scene, ViewLayer | Updating Camera
Fra:54 Mem:10.79M (Peak 53.05M) | Time:00:00.00 | Mem:0.00M, Peak:0.00M | Scene, ViewLayer | Updating Meshes Flags
Fra:54 Mem:10.79M (Peak 53.05M) | Time:00:00.00 | Mem:0.00M, Peak:0.00M | Scene, ViewLayer | Updating Objects
Fra:54 Mem:10.79M (Peak 53.05M) | Time:00:00.00 | Mem:0.00M, Peak:0.00M | Scene, ViewLayer | Updating Objects | Copying Transformations to device
Fra:54 Mem:10.80M (Peak 53.05M) | Time:00:00.00 | Mem:0.01M, Peak:0.01M | Scene, ViewLayer | Updating Particle Systems
Fra:54 Mem:10.80M (Peak 53.05M) | Time:00:00.00 | Mem:0.01M, Peak:0.01M | Scene, ViewLayer | Updating Particle Systems | Copying Particles to device
Fra:54 Mem:10.80M (Peak 53.05M) | Time:00:00.00 | Mem:0.01M, Peak:0.01M | Scene, ViewLayer | Updating Meshes
Fra:54 Mem:10.80M (Peak 53.05M) | Time:00:00.00 | Mem:0.01M, Peak:0.01M | Scene, ViewLayer | Updating Objects | Applying Static Transformations
Fra:54 Mem:10.80M (Peak 53.05M) | Time:00:00.00 | Mem:0.01M, Peak:0.01M | Scene, ViewLayer | Updating Mesh | Computing attributes
Fra:54 Mem:10.84M (Peak 53.05M) | Time:00:00.00 | Mem:0.01M, Peak:0.01M | Scene, ViewLayer | Updating Mesh | Copying Attributes to device
Fra:54 Mem:10.84M (Peak 53.05M) | Time:00:00.00 | Mem:0.05M, Peak:0.05M | Scene, ViewLayer | Updating Scene BVH | Building
Fra:54 Mem:10.84M (Peak 53.05M) | Time:00:00.00 | Mem:0.05M, Peak:0.05M | Scene, ViewLayer | Updating Scene BVH | Building BVH
Fra:54 Mem:10.84M (Peak 53.05M) | Time:00:00.00 | Mem:0.21M, Peak:0.21M | Scene, ViewLayer | Updating Scene BVH | Building BVH 0%
Fra:54 Mem:10.84M (Peak 53.05M) | Time:00:00.00 | Mem:0.39M, Peak:0.56M | Scene, ViewLayer | Updating Scene BVH | Copying BVH to device
Fra:54 Mem:10.84M (Peak 53.05M) | Time:00:00.00 | Mem:0.39M, Peak:0.56M | Scene, ViewLayer | Updating Mesh | Computing normals
Fra:54 Mem:11.01M (Peak 53.05M) | Time:00:00.00 | Mem:0.39M, Peak:0.56M | Scene, ViewLayer | Updating Mesh | Copying Mesh to device
Fra:54 Mem:11.01M (Peak 53.05M) | Time:00:00.00 | Mem:0.57M, Peak:0.57M | Scene, ViewLayer | Updating Objects Flags
Fra:54 Mem:11.01M (Peak 53.05M) | Time:00:00.00 | Mem:0.57M, Peak:0.57M | Scene, ViewLayer | Updating Primitive Offsets
Fra:54 Mem:11.01M (Peak 53.05M) | Time:00:00.00 | Mem:0.57M, Peak:0.57M | Scene, ViewLayer | Updating Images
Fra:54 Mem:11.01M (Peak 53.05M) | Time:00:00.00 | Mem:0.57M, Peak:0.57M | Scene, ViewLayer | Updating Camera Volume
Fra:54 Mem:11.01M (Peak 53.05M) | Time:00:00.00 | Mem:0.57M, Peak:0.57M | Scene, ViewLayer | Updating Lookup Tables
Fra:54 Mem:11.01M (Peak 53.05M) | Time:00:00.00 | Mem:0.65M, Peak:0.65M | Scene, ViewLayer | Updating Lights
Fra:54 Mem:11.02M (Peak 53.05M) | Time:00:00.00 | Mem:0.65M, Peak:0.65M | Scene, ViewLayer | Updating Lights | Computing tree
Fra:54 Mem:11.48M (Peak 53.05M) | Time:00:00.02 | Mem:1.11M, Peak:1.11M | Scene, ViewLayer | Updating Integrator
Fra:54 Mem:11.48M (Peak 53.05M) | Time:00:00.02 | Mem:1.11M, Peak:1.11M | Scene, ViewLayer | Updating Film
Fra:54 Mem:11.48M (Peak 53.05M) | Time:00:00.02 | Mem:1.03M, Peak:1.11M | Scene, ViewLayer | Updating Lookup Tables
Fra:54 Mem:11.48M (Peak 53.05M) | Time:00:00.02 | Mem:1.11M, Peak:1.11M | Scene, ViewLayer | Updating Baking
Fra:54 Mem:11.48M (Peak 53.05M) | Time:00:00.02 | Mem:1.11M, Peak:1.11M | Scene, ViewLayer | Updating Device | Writing constant memory
Fra:54 Mem:11.48M (Peak 53.05M) | Time:00:00.02 | Mem:1.11M, Peak:1.11M | Scene, ViewLayer | Sample 0/32
Fra:54 Mem:29.32M (Peak 53.05M) | Time:00:00.50 | Remaining:00:15.12 | Mem:18.91M, Peak:18.91M | Scene, ViewLayer | Sample 1/32
Fra:54 Mem:37.23M (Peak 53.05M) | Time:00:15.74 | Mem:18.91M, Peak:18.91M | Scene, ViewLayer | Sample 32/32
Fra:54 Mem:37.23M (Peak 53.05M) | Time:00:15.74 | Mem:18.91M, Peak:18.91M | Scene, ViewLayer | Finished
Saved: '/home/runner/work/chaosim/chaosim/outputs/renders/paper_to_cloth_frames/frame_0054.png'
Time: 00:15.80 (Saving: 00:00.05)

Fra:55 Mem:12.19M (Peak 53.05M) | Time:00:00.00 | Mem:0.00M, Peak:0.00M | Scene, ViewLayer | Synchronizing object | ClothKey
Fra:55 Mem:12.19M (Peak 53.05M) | Time:00:00.00 | Mem:0.00M, Peak:0.00M | Scene, ViewLayer | Synchronizing object | ClothRim
Fra:55 Mem:12.19M (Peak 53.05M) | Time:00:00.00 | Mem:0.00M, Peak:0.00M | Scene, ViewLayer | Synchronizing object | Rod
Fra:55 Mem:12.19M (Peak 53.05M) | Time:00:00.00 | Mem:0.00M, Peak:0.00M | Scene, ViewLayer | Synchronizing object | FacesLabel
Fra:55 Mem:12.19M (Peak 53.05M) | Time:00:00.00 | Mem:0.00M, Peak:0.00M | Scene, ViewLayer | Synchronizing object | GlassSphere
Fra:55 Mem:12.62M (Peak 53.05M) | Time:00:00.00 | Mem:0.00M, Peak:0.00M | Scene, ViewLayer | Initializing
Fra:55 Mem:10.71M (Peak 53.05M) | Time:00:00.00 | Mem:0.00M, Peak:0.00M | Scene, ViewLayer | Waiting for render to start
Fra:55 Mem:10.71M (Peak 53.05M) | Time:00:00.00 | Mem:0.00M, Peak:0.00M | Scene, ViewLayer | Updating Scene
Fra:55 Mem:10.71M (Peak 53.05M) | Time:00:00.00 | Mem:0.00M, Peak:0.00M | Scene, ViewLayer | Updating Shaders
Fra:55 Mem:10.71M (Peak 53.05M) | Time:00:00.00 | Mem:0.00M, Peak:0.00M | Scene, ViewLayer | Loading render kernels (may take a few minutes the first time)
Fra:55 Mem:10.79M (Peak 53.05M) | Time:00:00.00 | Mem:0.00M, Peak:0.00M | Scene, ViewLayer | Updating Procedurals
Fra:55 Mem:10.79M (Peak 53.05M) | Time:00:00.00 | Mem:0.00M, Peak:0.00M | Scene, ViewLayer | Updating Background
Fra:55 Mem:10.79M (Peak 53.05M) | Time:00:00.00 | Mem:0.00M, Peak:0.00M | Scene, ViewLayer | Updating Camera
Fra:55 Mem:10.79M (Peak 53.05M) | Time:00:00.00 | Mem:0.00M, Peak:0.00M | Scene, ViewLayer | Updating Meshes Flags
Fra:55 Mem:10.79M (Peak 53.05M) | Time:00:00.00 | Mem:0.00M, Peak:0.00M | Scene, ViewLayer | Updating Objects
Fra:55 Mem:10.79M (Peak 53.05M) | Time:00:00.00 | Mem:0.00M, Peak:0.00M | Scene, ViewLayer | Updating Objects | Copying Transformations to device
Fra:55 Mem:10.80M (Peak 53.05M) | Time:00:00.00 | Mem:0.01M, Peak:0.01M | Scene, ViewLayer | Updating Particle Systems
Fra:55 Mem:10.80M (Peak 53.05M) | Time:00:00.00 | Mem:0.01M, Peak:0.01M | Scene, ViewLayer | Updating Particle Systems | Copying Particles to device
Fra:55 Mem:10.80M (Peak 53.05M) | Time:00:00.00 | Mem:0.01M, Peak:0.01M | Scene, ViewLayer | Updating Meshes
Fra:55 Mem:10.80M (Peak 53.05M) | Time:00:00.00 | Mem:0.01M, Peak:0.01M | Scene, ViewLayer | Updating Objects | Applying Static Transformations
Fra:55 Mem:10.80M (Peak 53.05M) | Time:00:00.00 | Mem:0.01M, Peak:0.01M | Scene, ViewLayer | Updating Mesh | Computing attributes
Fra:55 Mem:10.84M (Peak 53.05M) | Time:00:00.00 | Mem:0.01M, Peak:0.01M | Scene, ViewLayer | Updating Mesh | Copying Attributes to device
Fra:55 Mem:10.84M (Peak 53.05M) | Time:00:00.00 | Mem:0.05M, Peak:0.05M | Scene, ViewLayer | Updating Scene BVH | Building
Fra:55 Mem:10.84M (Peak 53.05M) | Time:00:00.00 | Mem:0.05M, Peak:0.05M | Scene, ViewLayer | Updating Scene BVH | Building BVH
Fra:55 Mem:10.84M (Peak 53.05M) | Time:00:00.00 | Mem:0.21M, Peak:0.21M | Scene, ViewLayer | Updating Scene BVH | Building BVH 0%
Fra:55 Mem:10.84M (Peak 53.05M) | Time:00:00.00 | Mem:0.39M, Peak:0.56M | Scene, ViewLayer | Updating Scene BVH | Copying BVH to device
Fra:55 Mem:10.84M (Peak 53.05M) | Time:00:00.00 | Mem:0.39M, Peak:0.56M | Scene, ViewLayer | Updating Mesh | Computing normals
Fra:55 Mem:11.01M (Peak 53.05M) | Time:00:00.00 | Mem:0.39M, Peak:0.56M | Scene, ViewLayer | Updating Mesh | Copying Mesh to device
Fra:55 Mem:11.01M (Peak 53.05M) | Time:00:00.00 | Mem:0.57M, Peak:0.57M | Scene, ViewLayer | Updating Objects Flags
Fra:55 Mem:11.01M (Peak 53.05M) | Time:00:00.00 | Mem:0.57M, Peak:0.57M | Scene, ViewLayer | Updating Primitive Offsets
Fra:55 Mem:11.01M (Peak 53.05M) | Time:00:00.00 | Mem:0.57M, Peak:0.57M | Scene, ViewLayer | Updating Images
Fra:55 Mem:11.01M (Peak 53.05M) | Time:00:00.00 | Mem:0.57M, Peak:0.57M | Scene, ViewLayer | Updating Camera Volume
Fra:55 Mem:11.01M (Peak 53.05M) | Time:00:00.00 | Mem:0.57M, Peak:0.57M | Scene, ViewLayer | Updating Lookup Tables
Fra:55 Mem:11.01M (Peak 53.05M) | Time:00:00.00 | Mem:0.65M, Peak:0.65M | Scene, ViewLayer | Updating Lights
Fra:55 Mem:11.02M (Peak 53.05M) | Time:00:00.00 | Mem:0.65M, Peak:0.65M | Scene, ViewLayer | Updating Lights | Computing tree
Fra:55 Mem:11.48M (Peak 53.05M) | Time:00:00.02 | Mem:1.11M, Peak:1.11M | Scene, ViewLayer | Updating Integrator
Fra:55 Mem:11.48M (Peak 53.05M) | Time:00:00.02 | Mem:1.11M, Peak:1.11M | Scene, ViewLayer | Updating Film
Fra:55 Mem:11.48M (Peak 53.05M) | Time:00:00.02 | Mem:1.03M, Peak:1.11M | Scene, ViewLayer | Updating Lookup Tables
Fra:55 Mem:11.48M (Peak 53.05M) | Time:00:00.02 | Mem:1.11M, Peak:1.11M | Scene, ViewLayer | Updating Baking
Fra:55 Mem:11.48M (Peak 53.05M) | Time:00:00.02 | Mem:1.11M, Peak:1.11M | Scene, ViewLayer | Updating Device | Writing constant memory
Fra:55 Mem:11.48M (Peak 53.05M) | Time:00:00.02 | Mem:1.11M, Peak:1.11M | Scene, ViewLayer | Sample 0/32
Fra:55 Mem:29.32M (Peak 53.05M) | Time:00:00.51 | Remaining:00:15.40 | Mem:18.91M, Peak:18.91M | Scene, ViewLayer | Sample 1/32
Fra:55 Mem:37.23M (Peak 53.05M) | Time:00:15.93 | Mem:18.91M, Peak:18.91M | Scene, ViewLayer | Sample 32/32
Fra:55 Mem:37.23M (Peak 53.05M) | Time:00:15.93 | Mem:18.91M, Peak:18.91M | Scene, ViewLayer | Finished
Saved: '/home/runner/work/chaosim/chaosim/outputs/renders/paper_to_cloth_frames/frame_0055.png'
Time: 00:15.99 (Saving: 00:00.05)

Fra:56 Mem:12.19M (Peak 53.05M) | Time:00:00.00 | Mem:0.00M, Peak:0.00M | Scene, ViewLayer | Synchronizing object | ClothKey
Fra:56 Mem:12.19M (Peak 53.05M) | Time:00:00.00 | Mem:0.00M, Peak:0.00M | Scene, ViewLayer | Synchronizing object | Rod
Fra:56 Mem:12.19M (Peak 53.05M) | Time:00:00.00 | Mem:0.00M, Peak:0.00M | Scene, ViewLayer | Synchronizing object | FacesLabel
Fra:56 Mem:12.19M (Peak 53.05M) | Time:00:00.00 | Mem:0.00M, Peak:0.00M | Scene, ViewLayer | Synchronizing object | GlassSphere
Fra:56 Mem:12.62M (Peak 53.05M) | Time:00:00.00 | Mem:0.00M, Peak:0.00M | Scene, ViewLayer | Initializing
Fra:56 Mem:10.71M (Peak 53.05M) | Time:00:00.00 | Mem:0.00M, Peak:0.00M | Scene, ViewLayer | Waiting for render to start
Fra:56 Mem:10.71M (Peak 53.05M) | Time:00:00.00 | Mem:0.00M, Peak:0.00M | Scene, ViewLayer | Updating Scene
Fra:56 Mem:10.71M (Peak 53.05M) | Time:00:00.00 | Mem:0.00M, Peak:0.00M | Scene, ViewLayer | Updating Shaders
Fra:56 Mem:10.71M (Peak 53.05M) | Time:00:00.00 | Mem:0.00M, Peak:0.00M | Scene, ViewLayer | Loading render kernels (may take a few minutes the first time)
Fra:56 Mem:10.79M (Peak 53.05M) | Time:00:00.00 | Mem:0.00M, Peak:0.00M | Scene, ViewLayer | Updating Procedurals
Fra:56 Mem:10.79M (Peak 53.05M) | Time:00:00.00 | Mem:0.00M, Peak:0.00M | Scene, ViewLayer | Updating Background
Fra:56 Mem:10.79M (Peak 53.05M) | Time:00:00.00 | Mem:0.00M, Peak:0.00M | Scene, ViewLayer | Updating Camera
Fra:56 Mem:10.79M (Peak 53.05M) | Time:00:00.00 | Mem:0.00M, Peak:0.00M | Scene, ViewLayer | Updating Meshes Flags
Fra:56 Mem:10.79M (Peak 53.05M) | Time:00:00.00 | Mem:0.00M, Peak:0.00M | Scene, ViewLayer | Updating Objects
Fra:56 Mem:10.79M (Peak 53.05M) | Time:00:00.00 | Mem:0.00M, Peak:0.00M | Scene, ViewLayer | Updating Objects | Copying Transformations to device
Fra:56 Mem:10.80M (Peak 53.05M) | Time:00:00.00 | Mem:0.01M, Peak:0.01M | Scene, ViewLayer | Updating Particle Systems
Fra:56 Mem:10.80M (Peak 53.05M) | Time:00:00.00 | Mem:0.01M, Peak:0.01M | Scene, ViewLayer | Updating Particle Systems | Copying Particles to device
Fra:56 Mem:10.80M (Peak 53.05M) | Time:00:00.00 | Mem:0.01M, Peak:0.01M | Scene, ViewLayer | Updating Meshes
Fra:56 Mem:10.80M (Peak 53.05M) | Time:00:00.00 | Mem:0.01M, Peak:0.01M | Scene, ViewLayer | Updating Objects | Applying Static Transformations
Fra:56 Mem:10.80M (Peak 53.05M) | Time:00:00.00 | Mem:0.01M, Peak:0.01M | Scene, ViewLayer | Updating Mesh | Computing attributes
Fra:56 Mem:10.84M (Peak 53.05M) | Time:00:00.00 | Mem:0.01M, Peak:0.01M | Scene, ViewLayer | Updating Mesh | Copying Attributes to device
Fra:56 Mem:10.84M (Peak 53.05M) | Time:00:00.00 | Mem:0.05M, Peak:0.05M | Scene, ViewLayer | Updating Scene BVH | Building
Fra:56 Mem:10.84M (Peak 53.05M) | Time:00:00.00 | Mem:0.05M, Peak:0.05M | Scene, ViewLayer | Updating Scene BVH | Building BVH
Fra:56 Mem:10.84M (Peak 53.05M) | Time:00:00.00 | Mem:0.21M, Peak:0.21M | Scene, ViewLayer | Updating Scene BVH | Building BVH 0%
Fra:56 Mem:10.84M (Peak 53.05M) | Time:00:00.00 | Mem:0.39M, Peak:0.56M | Scene, ViewLayer | Updating Scene BVH | Copying BVH to device
Fra:56 Mem:10.84M (Peak 53.05M) | Time:00:00.00 | Mem:0.39M, Peak:0.56M | Scene, ViewLayer | Updating Mesh | Computing normals
Fra:56 Mem:11.01M (Peak 53.05M) | Time:00:00.00 | Mem:0.39M, Peak:0.56M | Scene, ViewLayer | Updating Mesh | Copying Mesh to device
Fra:56 Mem:11.01M (Peak 53.05M) | Time:00:00.00 | Mem:0.57M, Peak:0.57M | Scene, ViewLayer | Updating Objects Flags
Fra:56 Mem:11.01M (Peak 53.05M) | Time:00:00.00 | Mem:0.57M, Peak:0.57M | Scene, ViewLayer | Updating Primitive Offsets
Fra:56 Mem:11.01M (Peak 53.05M) | Time:00:00.00 | Mem:0.57M, Peak:0.57M | Scene, ViewLayer | Updating Images
Fra:56 Mem:11.01M (Peak 53.05M) | Time:00:00.00 | Mem:0.57M, Peak:0.57M | Scene, ViewLayer | Updating Camera Volume
Fra:56 Mem:11.01M (Peak 53.05M) | Time:00:00.00 | Mem:0.57M, Peak:0.57M | Scene, ViewLayer | Updating Lookup Tables
Fra:56 Mem:11.01M (Peak 53.05M) | Time:00:00.00 | Mem:0.65M, Peak:0.65M | Scene, ViewLayer | Updating Lights
Fra:56 Mem:11.02M (Peak 53.05M) | Time:00:00.00 | Mem:0.65M, Peak:0.65M | Scene, ViewLayer | Updating Lights | Computing tree
Fra:56 Mem:11.48M (Peak 53.05M) | Time:00:00.02 | Mem:1.11M, Peak:1.11M | Scene, ViewLayer | Updating Integrator
Fra:56 Mem:11.48M (Peak 53.05M) | Time:00:00.02 | Mem:1.11M, Peak:1.11M | Scene, ViewLayer | Updating Film
Fra:56 Mem:11.48M (Peak 53.05M) | Time:00:00.02 | Mem:1.03M, Peak:1.11M | Scene, ViewLayer | Updating Lookup Tables
Fra:56 Mem:11.48M (Peak 53.05M) | Time:00:00.02 | Mem:1.11M, Peak:1.11M | Scene, ViewLayer | Updating Baking
Fra:56 Mem:11.48M (Peak 53.05M) | Time:00:00.02 | Mem:1.11M, Peak:1.11M | Scene, ViewLayer | Updating Device | Writing constant memory
Fra:56 Mem:11.48M (Peak 53.05M) | Time:00:00.02 | Mem:1.11M, Peak:1.11M | Scene, ViewLayer | Sample 0/32
Fra:56 Mem:29.32M (Peak 53.05M) | Time:00:00.51 | Remaining:00:15.37 | Mem:18.91M, Peak:18.91M | Scene, ViewLayer | Sample 1/32
Fra:56 Mem:37.23M (Peak 53.05M) | Time:00:15.82 | Mem:18.91M, Peak:18.91M | Scene, ViewLayer | Sample 32/32
Fra:56 Mem:37.23M (Peak 53.05M) | Time:00:15.82 | Mem:18.91M, Peak:18.91M | Scene, ViewLayer | Finished
Saved: '/home/runner/work/chaosim/chaosim/outputs/renders/paper_to_cloth_frames/frame_0056.png'
Time: 00:15.88 (Saving: 00:00.05)

Fra:57 Mem:12.19M (Peak 53.05M) | Time:00:00.00 | Mem:0.00M, Peak:0.00M | Scene, ViewLayer | Synchronizing object | ClothKey
Fra:57 Mem:12.19M (Peak 53.05M) | Time:00:00.00 | Mem:0.00M, Peak:0.00M | Scene, ViewLayer | Synchronizing object | Rod
Fra:57 Mem:12.19M (Peak 53.05M) | Time:00:00.00 | Mem:0.00M, Peak:0.00M | Scene, ViewLayer | Synchronizing object | FacesLabel
Fra:57 Mem:12.19M (Peak 53.05M) | Time:00:00.00 | Mem:0.00M, Peak:0.00M | Scene, ViewLayer | Synchronizing object | Sheet
Fra:57 Mem:12.22M (Peak 53.05M) | Time:00:00.00 | Mem:0.00M, Peak:0.00M | Scene, ViewLayer | Synchronizing object | GlassSphere
Fra:57 Mem:12.62M (Peak 53.05M) | Time:00:00.00 | Mem:0.00M, Peak:0.00M | Scene, ViewLayer | Initializing
Fra:57 Mem:10.71M (Peak 53.05M) | Time:00:00.00 | Mem:0.00M, Peak:0.00M | Scene, ViewLayer | Waiting for render to start
Fra:57 Mem:10.71M (Peak 53.05M) | Time:00:00.00 | Mem:0.00M, Peak:0.00M | Scene, ViewLayer | Updating Scene
Fra:57 Mem:10.71M (Peak 53.05M) | Time:00:00.00 | Mem:0.00M, Peak:0.00M | Scene, ViewLayer | Updating Shaders
Fra:57 Mem:10.71M (Peak 53.05M) | Time:00:00.00 | Mem:0.00M, Peak:0.00M | Scene, ViewLayer | Loading render kernels (may take a few minutes the first time)
Fra:57 Mem:10.79M (Peak 53.05M) | Time:00:00.00 | Mem:0.00M, Peak:0.00M | Scene, ViewLayer | Updating Procedurals
Fra:57 Mem:10.79M (Peak 53.05M) | Time:00:00.00 | Mem:0.00M, Peak:0.00M | Scene, ViewLayer | Updating Background
Fra:57 Mem:10.79M (Peak 53.05M) | Time:00:00.00 | Mem:0.00M, Peak:0.00M | Scene, ViewLayer | Updating Camera
Fra:57 Mem:10.79M (Peak 53.05M) | Time:00:00.00 | Mem:0.00M, Peak:0.00M | Scene, ViewLayer | Updating Meshes Flags
Fra:57 Mem:10.79M (Peak 53.05M) | Time:00:00.00 | Mem:0.00M, Peak:0.00M | Scene, ViewLayer | Updating Objects
Fra:57 Mem:10.79M (Peak 53.05M) | Time:00:00.00 | Mem:0.00M, Peak:0.00M | Scene, ViewLayer | Updating Objects | Copying Transformations to device
Fra:57 Mem:10.80M (Peak 53.05M) | Time:00:00.00 | Mem:0.01M, Peak:0.01M | Scene, ViewLayer | Updating Particle Systems
Fra:57 Mem:10.80M (Peak 53.05M) | Time:00:00.00 | Mem:0.01M, Peak:0.01M | Scene, ViewLayer | Updating Particle Systems | Copying Particles to device
Fra:57 Mem:10.80M (Peak 53.05M) | Time:00:00.00 | Mem:0.01M, Peak:0.01M | Scene, ViewLayer | Updating Meshes
Fra:57 Mem:10.80M (Peak 53.05M) | Time:00:00.00 | Mem:0.01M, Peak:0.01M | Scene, ViewLayer | Updating Objects | Applying Static Transformations
Fra:57 Mem:10.80M (Peak 53.05M) | Time:00:00.00 | Mem:0.01M, Peak:0.01M | Scene, ViewLayer | Updating Mesh | Computing attributes
Fra:57 Mem:10.84M (Peak 53.05M) | Time:00:00.00 | Mem:0.01M, Peak:0.01M | Scene, ViewLayer | Updating Mesh | Copying Attributes to device
Fra:57 Mem:10.84M (Peak 53.05M) | Time:00:00.00 | Mem:0.05M, Peak:0.05M | Scene, ViewLayer | Updating Scene BVH | Building
Fra:57 Mem:10.84M (Peak 53.05M) | Time:00:00.00 | Mem:0.05M, Peak:0.05M | Scene, ViewLayer | Updating Scene BVH | Building BVH
Fra:57 Mem:10.84M (Peak 53.05M) | Time:00:00.00 | Mem:0.21M, Peak:0.21M | Scene, ViewLayer | Updating Scene BVH | Building BVH 0%
Fra:57 Mem:10.84M (Peak 53.05M) | Time:00:00.00 | Mem:0.39M, Peak:0.56M | Scene, ViewLayer | Updating Scene BVH | Copying BVH to device
Fra:57 Mem:10.84M (Peak 53.05M) | Time:00:00.00 | Mem:0.39M, Peak:0.56M | Scene, ViewLayer | Updating Mesh | Computing normals
Fra:57 Mem:11.01M (Peak 53.05M) | Time:00:00.00 | Mem:0.39M, Peak:0.56M | Scene, ViewLayer | Updating Mesh | Copying Mesh to device
Fra:57 Mem:11.01M (Peak 53.05M) | Time:00:00.00 | Mem:0.57M, Peak:0.57M | Scene, ViewLayer | Updating Objects Flags
Fra:57 Mem:11.01M (Peak 53.05M) | Time:00:00.00 | Mem:0.57M, Peak:0.57M | Scene, ViewLayer | Updating Primitive Offsets
Fra:57 Mem:11.01M (Peak 53.05M) | Time:00:00.00 | Mem:0.57M, Peak:0.57M | Scene, ViewLayer | Updating Images
Fra:57 Mem:11.01M (Peak 53.05M) | Time:00:00.00 | Mem:0.57M, Peak:0.57M | Scene, ViewLayer | Updating Camera Volume
Fra:57 Mem:11.01M (Peak 53.05M) | Time:00:00.00 | Mem:0.57M, Peak:0.57M | Scene, ViewLayer | Updating Lookup Tables
Fra:57 Mem:11.01M (Peak 53.05M) | Time:00:00.00 | Mem:0.65M, Peak:0.65M | Scene, ViewLayer | Updating Lights
Fra:57 Mem:11.02M (Peak 53.05M) | Time:00:00.00 | Mem:0.65M, Peak:0.65M | Scene, ViewLayer | Updating Lights | Computing tree
Fra:57 Mem:11.48M (Peak 53.05M) | Time:00:00.02 | Mem:1.11M, Peak:1.11M | Scene, ViewLayer | Updating Integrator
Fra:57 Mem:11.48M (Peak 53.05M) | Time:00:00.02 | Mem:1.11M, Peak:1.11M | Scene, ViewLayer | Updating Film
Fra:57 Mem:11.48M (Peak 53.05M) | Time:00:00.02 | Mem:1.03M, Peak:1.11M | Scene, ViewLayer | Updating Lookup Tables
Fra:57 Mem:11.48M (Peak 53.05M) | Time:00:00.02 | Mem:1.11M, Peak:1.11M | Scene, ViewLayer | Updating Baking
Fra:57 Mem:11.48M (Peak 53.05M) | Time:00:00.02 | Mem:1.11M, Peak:1.11M | Scene, ViewLayer | Updating Device | Writing constant memory
Fra:57 Mem:11.48M (Peak 53.05M) | Time:00:00.02 | Mem:1.11M, Peak:1.11M | Scene, ViewLayer | Sample 0/32
Fra:57 Mem:29.32M (Peak 53.05M) | Time:00:00.51 | Remaining:00:15.45 | Mem:18.91M, Peak:18.91M | Scene, ViewLayer | Sample 1/32
Fra:57 Mem:37.23M (Peak 53.05M) | Time:00:15.93 | Mem:18.91M, Peak:18.91M | Scene, ViewLayer | Sample 32/32
Fra:57 Mem:37.23M (Peak 53.05M) | Time:00:15.93 | Mem:18.91M, Peak:18.91M | Scene, ViewLayer | Finished
Saved: '/home/runner/work/chaosim/chaosim/outputs/renders/paper_to_cloth_frames/frame_0057.png'
Time: 00:15.99 (Saving: 00:00.05)

Fra:58 Mem:12.19M (Peak 53.05M) | Time:00:00.00 | Mem:0.00M, Peak:0.00M | Scene, ViewLayer | Synchronizing object | ClothKey
Fra:58 Mem:12.19M (Peak 53.05M) | Time:00:00.00 | Mem:0.00M, Peak:0.00M | Scene, ViewLayer | Synchronizing object | ClothRim
Fra:58 Mem:12.19M (Peak 53.05M) | Time:00:00.00 | Mem:0.00M, Peak:0.00M | Scene, ViewLayer | Synchronizing object | Sheet
Fra:58 Mem:12.19M (Peak 53.05M) | Time:00:00.00 | Mem:0.00M, Peak:0.00M | Scene, ViewLayer | Synchronizing object | FacesLabel
Fra:58 Mem:12.22M (Peak 53.05M) | Time:00:00.00 | Mem:0.00M, Peak:0.00M | Scene, ViewLayer | Synchronizing object | GlassSphere
Fra:58 Mem:12.62M (Peak 53.05M) | Time:00:00.00 | Mem:0.00M, Peak:0.00M | Scene, ViewLayer | Initializing
Fra:58 Mem:10.71M (Peak 53.05M) | Time:00:00.00 | Mem:0.00M, Peak:0.00M | Scene, ViewLayer | Waiting for render to start
Fra:58 Mem:10.71M (Peak 53.05M) | Time:00:00.00 | Mem:0.00M, Peak:0.00M | Scene, ViewLayer | Updating Scene
Fra:58 Mem:10.71M (Peak 53.05M) | Time:00:00.00 | Mem:0.00M, Peak:0.00M | Scene, ViewLayer | Updating Shaders
Fra:58 Mem:10.71M (Peak 53.05M) | Time:00:00.00 | Mem:0.00M, Peak:0.00M | Scene, ViewLayer | Loading render kernels (may take a few minutes the first time)
Fra:58 Mem:10.79M (Peak 53.05M) | Time:00:00.00 | Mem:0.00M, Peak:0.00M | Scene, ViewLayer | Updating Procedurals
Fra:58 Mem:10.79M (Peak 53.05M) | Time:00:00.00 | Mem:0.00M, Peak:0.00M | Scene, ViewLayer | Updating Background
Fra:58 Mem:10.79M (Peak 53.05M) | Time:00:00.00 | Mem:0.00M, Peak:0.00M | Scene, ViewLayer | Updating Camera
Fra:58 Mem:10.79M (Peak 53.05M) | Time:00:00.00 | Mem:0.00M, Peak:0.00M | Scene, ViewLayer | Updating Meshes Flags
Fra:58 Mem:10.79M (Peak 53.05M) | Time:00:00.00 | Mem:0.00M, Peak:0.00M | Scene, ViewLayer | Updating Objects
Fra:58 Mem:10.79M (Peak 53.05M) | Time:00:00.00 | Mem:0.00M, Peak:0.00M | Scene, ViewLayer | Updating Objects | Copying Transformations to device
Fra:58 Mem:10.80M (Peak 53.05M) | Time:00:00.00 | Mem:0.01M, Peak:0.01M | Scene, ViewLayer | Updating Particle Systems
Fra:58 Mem:10.80M (Peak 53.05M) | Time:00:00.00 | Mem:0.01M, Peak:0.01M | Scene, ViewLayer | Updating Particle Systems | Copying Particles to device
Fra:58 Mem:10.80M (Peak 53.05M) | Time:00:00.00 | Mem:0.01M, Peak:0.01M | Scene, ViewLayer | Updating Meshes
Fra:58 Mem:10.80M (Peak 53.05M) | Time:00:00.00 | Mem:0.01M, Peak:0.01M | Scene, ViewLayer | Updating Objects | Applying Static Transformations
Fra:58 Mem:10.80M (Peak 53.05M) | Time:00:00.00 | Mem:0.01M, Peak:0.01M | Scene, ViewLayer | Updating Mesh | Computing attributes
Fra:58 Mem:10.84M (Peak 53.05M) | Time:00:00.00 | Mem:0.01M, Peak:0.01M | Scene, ViewLayer | Updating Mesh | Copying Attributes to device
Fra:58 Mem:10.84M (Peak 53.05M) | Time:00:00.00 | Mem:0.05M, Peak:0.05M | Scene, ViewLayer | Updating Scene BVH | Building
Fra:58 Mem:10.84M (Peak 53.05M) | Time:00:00.00 | Mem:0.05M, Peak:0.05M | Scene, ViewLayer | Updating Scene BVH | Building BVH
Fra:58 Mem:10.84M (Peak 53.05M) | Time:00:00.00 | Mem:0.21M, Peak:0.21M | Scene, ViewLayer | Updating Scene BVH | Building BVH 0%
Fra:58 Mem:10.84M (Peak 53.05M) | Time:00:00.00 | Mem:0.39M, Peak:0.56M | Scene, ViewLayer | Updating Scene BVH | Copying BVH to device
Fra:58 Mem:10.84M (Peak 53.05M) | Time:00:00.00 | Mem:0.39M, Peak:0.56M | Scene, ViewLayer | Updating Mesh | Computing normals
Fra:58 Mem:11.01M (Peak 53.05M) | Time:00:00.00 | Mem:0.39M, Peak:0.56M | Scene, ViewLayer | Updating Mesh | Copying Mesh to device
Fra:58 Mem:11.01M (Peak 53.05M) | Time:00:00.00 | Mem:0.57M, Peak:0.57M | Scene, ViewLayer | Updating Objects Flags
Fra:58 Mem:11.01M (Peak 53.05M) | Time:00:00.00 | Mem:0.57M, Peak:0.57M | Scene, ViewLayer | Updating Primitive Offsets
Fra:58 Mem:11.01M (Peak 53.05M) | Time:00:00.00 | Mem:0.57M, Peak:0.57M | Scene, ViewLayer | Updating Images
Fra:58 Mem:11.01M (Peak 53.05M) | Time:00:00.00 | Mem:0.57M, Peak:0.57M | Scene, ViewLayer | Updating Camera Volume
Fra:58 Mem:11.01M (Peak 53.05M) | Time:00:00.00 | Mem:0.57M, Peak:0.57M | Scene, ViewLayer | Updating Lookup Tables
Fra:58 Mem:11.01M (Peak 53.05M) | Time:00:00.00 | Mem:0.65M, Peak:0.65M | Scene, ViewLayer | Updating Lights
Fra:58 Mem:11.02M (Peak 53.05M) | Time:00:00.00 | Mem:0.65M, Peak:0.65M | Scene, ViewLayer | Updating Lights | Computing tree
Fra:58 Mem:11.48M (Peak 53.05M) | Time:00:00.01 | Mem:1.11M, Peak:1.11M | Scene, ViewLayer | Updating Integrator
Fra:58 Mem:11.48M (Peak 53.05M) | Time:00:00.01 | Mem:1.11M, Peak:1.11M | Scene, ViewLayer | Updating Film
Fra:58 Mem:11.48M (Peak 53.05M) | Time:00:00.01 | Mem:1.03M, Peak:1.11M | Scene, ViewLayer | Updating Lookup Tables
Fra:58 Mem:11.48M (Peak 53.05M) | Time:00:00.01 | Mem:1.11M, Peak:1.11M | Scene, ViewLayer | Updating Baking
Fra:58 Mem:11.48M (Peak 53.05M) | Time:00:00.01 | Mem:1.11M, Peak:1.11M | Scene, ViewLayer | Updating Device | Writing constant memory
Fra:58 Mem:11.48M (Peak 53.05M) | Time:00:00.02 | Mem:1.11M, Peak:1.11M | Scene, ViewLayer | Sample 0/32
Fra:58 Mem:29.32M (Peak 53.05M) | Time:00:00.50 | Remaining:00:15.15 | Mem:18.91M, Peak:18.91M | Scene, ViewLayer | Sample 1/32
Fra:58 Mem:37.23M (Peak 53.05M) | Time:00:15.91 | Mem:18.91M, Peak:18.91M | Scene, ViewLayer | Sample 32/32
Fra:58 Mem:37.23M (Peak 53.05M) | Time:00:15.91 | Mem:18.91M, Peak:18.91M | Scene, ViewLayer | Finished
Saved: '/home/runner/work/chaosim/chaosim/outputs/renders/paper_to_cloth_frames/frame_0058.png'
Time: 00:15.96 (Saving: 00:00.05)

Fra:59 Mem:12.19M (Peak 53.05M) | Time:00:00.00 | Mem:0.00M, Peak:0.00M | Scene, ViewLayer | Synchronizing object | ClothKey
Fra:59 Mem:12.19M (Peak 53.05M) | Time:00:00.00 | Mem:0.00M, Peak:0.00M | Scene, ViewLayer | Synchronizing object | ClothFill
Fra:59 Mem:12.19M (Peak 53.05M) | Time:00:00.00 | Mem:0.00M, Peak:0.00M | Scene, ViewLayer | Synchronizing object | ClothRim
Fra:59 Mem:12.19M (Peak 53.05M) | Time:00:00.00 | Mem:0.00M, Peak:0.00M | Scene, ViewLayer | Synchronizing object | Rod
Fra:59 Mem:12.19M (Peak 53.05M) | Time:00:00.00 | Mem:0.00M, Peak:0.00M | Scene, ViewLayer | Synchronizing object | FacesLabel
Fra:59 Mem:12.25M (Peak 53.05M) | Time:00:00.00 | Mem:0.00M, Peak:0.00M | Scene, ViewLayer | Synchronizing object | GlassSphere
Fra:59 Mem:12.62M (Peak 53.05M) | Time:00:00.00 | Mem:0.00M, Peak:0.00M | Scene, ViewLayer | Initializing
Fra:59 Mem:10.71M (Peak 53.05M) | Time:00:00.00 | Mem:0.00M, Peak:0.00M | Scene, ViewLayer | Waiting for render to start
Fra:59 Mem:10.71M (Peak 53.05M) | Time:00:00.00 | Mem:0.00M, Peak:0.00M | Scene, ViewLayer | Updating Scene
Fra:59 Mem:10.71M (Peak 53.05M) | Time:00:00.00 | Mem:0.00M, Peak:0.00M | Scene, ViewLayer | Updating Shaders
Fra:59 Mem:10.71M (Peak 53.05M) | Time:00:00.00 | Mem:0.00M, Peak:0.00M | Scene, ViewLayer | Loading render kernels (may take a few minutes the first time)
Fra:59 Mem:10.79M (Peak 53.05M) | Time:00:00.00 | Mem:0.00M, Peak:0.00M | Scene, ViewLayer | Updating Procedurals
Fra:59 Mem:10.79M (Peak 53.05M) | Time:00:00.00 | Mem:0.00M, Peak:0.00M | Scene, ViewLayer | Updating Background
Fra:59 Mem:10.79M (Peak 53.05M) | Time:00:00.00 | Mem:0.00M, Peak:0.00M | Scene, ViewLayer | Updating Camera
Fra:59 Mem:10.79M (Peak 53.05M) | Time:00:00.00 | Mem:0.00M, Peak:0.00M | Scene, ViewLayer | Updating Meshes Flags
Fra:59 Mem:10.79M (Peak 53.05M) | Time:00:00.00 | Mem:0.00M, Peak:0.00M | Scene, ViewLayer | Updating Objects
Fra:59 Mem:10.79M (Peak 53.05M) | Time:00:00.00 | Mem:0.00M, Peak:0.00M | Scene, ViewLayer | Updating Objects | Copying Transformations to device
Fra:59 Mem:10.80M (Peak 53.05M) | Time:00:00.00 | Mem:0.01M, Peak:0.01M | Scene, ViewLayer | Updating Particle Systems
Fra:59 Mem:10.80M (Peak 53.05M) | Time:00:00.00 | Mem:0.01M, Peak:0.01M | Scene, ViewLayer | Updating Particle Systems | Copying Particles to device
Fra:59 Mem:10.80M (Peak 53.05M) | Time:00:00.00 | Mem:0.01M, Peak:0.01M | Scene, ViewLayer | Updating Meshes
Fra:59 Mem:10.80M (Peak 53.05M) | Time:00:00.00 | Mem:0.01M, Peak:0.01M | Scene, ViewLayer | Updating Objects | Applying Static Transformations
Fra:59 Mem:10.80M (Peak 53.05M) | Time:00:00.00 | Mem:0.01M, Peak:0.01M | Scene, ViewLayer | Updating Mesh | Computing attributes
Fra:59 Mem:10.84M (Peak 53.05M) | Time:00:00.00 | Mem:0.01M, Peak:0.01M | Scene, ViewLayer | Updating Mesh | Copying Attributes to device
Fra:59 Mem:10.84M (Peak 53.05M) | Time:00:00.00 | Mem:0.05M, Peak:0.05M | Scene, ViewLayer | Updating Scene BVH | Building
Fra:59 Mem:10.84M (Peak 53.05M) | Time:00:00.00 | Mem:0.05M, Peak:0.05M | Scene, ViewLayer | Updating Scene BVH | Building BVH
Fra:59 Mem:10.84M (Peak 53.05M) | Time:00:00.00 | Mem:0.21M, Peak:0.21M | Scene, ViewLayer | Updating Scene BVH | Building BVH 0%
Fra:59 Mem:10.84M (Peak 53.05M) | Time:00:00.00 | Mem:0.39M, Peak:0.56M | Scene, ViewLayer | Updating Scene BVH | Copying BVH to device
Fra:59 Mem:10.84M (Peak 53.05M) | Time:00:00.00 | Mem:0.39M, Peak:0.56M | Scene, ViewLayer | Updating Mesh | Computing normals
Fra:59 Mem:11.01M (Peak 53.05M) | Time:00:00.00 | Mem:0.39M, Peak:0.56M | Scene, ViewLayer | Updating Mesh | Copying Mesh to device
Fra:59 Mem:11.01M (Peak 53.05M) | Time:00:00.00 | Mem:0.57M, Peak:0.57M | Scene, ViewLayer | Updating Objects Flags
Fra:59 Mem:11.01M (Peak 53.05M) | Time:00:00.00 | Mem:0.57M, Peak:0.57M | Scene, ViewLayer | Updating Primitive Offsets
Fra:59 Mem:11.01M (Peak 53.05M) | Time:00:00.00 | Mem:0.57M, Peak:0.57M | Scene, ViewLayer | Updating Images
Fra:59 Mem:11.01M (Peak 53.05M) | Time:00:00.00 | Mem:0.57M, Peak:0.57M | Scene, ViewLayer | Updating Camera Volume
Fra:59 Mem:11.01M (Peak 53.05M) | Time:00:00.00 | Mem:0.57M, Peak:0.57M | Scene, ViewLayer | Updating Lookup Tables
Fra:59 Mem:11.01M (Peak 53.05M) | Time:00:00.00 | Mem:0.65M, Peak:0.65M | Scene, ViewLayer | Updating Lights
Fra:59 Mem:11.02M (Peak 53.05M) | Time:00:00.00 | Mem:0.65M, Peak:0.65M | Scene, ViewLayer | Updating Lights | Computing tree
Fra:59 Mem:11.48M (Peak 53.05M) | Time:00:00.01 | Mem:1.11M, Peak:1.11M | Scene, ViewLayer | Updating Integrator
Fra:59 Mem:11.48M (Peak 53.05M) | Time:00:00.01 | Mem:1.11M, Peak:1.11M | Scene, ViewLayer | Updating Film
Fra:59 Mem:11.48M (Peak 53.05M) | Time:00:00.02 | Mem:1.03M, Peak:1.11M | Scene, ViewLayer | Updating Lookup Tables
Fra:59 Mem:11.48M (Peak 53.05M) | Time:00:00.02 | Mem:1.11M, Peak:1.11M | Scene, ViewLayer | Updating Baking
Fra:59 Mem:11.48M (Peak 53.05M) | Time:00:00.02 | Mem:1.11M, Peak:1.11M | Scene, ViewLayer | Updating Device | Writing constant memory
Fra:59 Mem:11.48M (Peak 53.05M) | Time:00:00.02 | Mem:1.11M, Peak:1.11M | Scene, ViewLayer | Sample 0/32
Fra:59 Mem:29.32M (Peak 53.05M) | Time:00:00.50 | Remaining:00:14.95 | Mem:18.91M, Peak:18.91M | Scene, ViewLayer | Sample 1/32
Fra:59 Mem:37.23M (Peak 53.05M) | Time:00:15.68 | Mem:18.91M, Peak:18.91M | Scene, ViewLayer | Sample 32/32
Fra:59 Mem:37.23M (Peak 53.05M) | Time:00:15.68 | Mem:18.91M, Peak:18.91M | Scene, ViewLayer | Finished
Saved: '/home/runner/work/chaosim/chaosim/outputs/renders/paper_to_cloth_frames/frame_0059.png'
Time: 00:15.74 (Saving: 00:00.05)

Fra:60 Mem:12.19M (Peak 53.05M) | Time:00:00.00 | Mem:0.00M, Peak:0.00M | Scene, ViewLayer | Synchronizing object | ClothKey
Fra:60 Mem:12.19M (Peak 53.05M) | Time:00:00.00 | Mem:0.00M, Peak:0.00M | Scene, ViewLayer | Synchronizing object | ClothRim
Fra:60 Mem:12.19M (Peak 53.05M) | Time:00:00.00 | Mem:0.00M, Peak:0.00M | Scene, ViewLayer | Synchronizing object | FacesLabel
Fra:60 Mem:12.19M (Peak 53.05M) | Time:00:00.00 | Mem:0.00M, Peak:0.00M | Scene, ViewLayer | Synchronizing object | Sheet
Fra:60 Mem:12.22M (Peak 53.05M) | Time:00:00.00 | Mem:0.00M, Peak:0.00M | Scene, ViewLayer | Synchronizing object | GlassSphere
Fra:60 Mem:12.62M (Peak 53.05M) | Time:00:00.00 | Mem:0.00M, Peak:0.00M | Scene, ViewLayer | Initializing
Fra:60 Mem:10.71M (Peak 53.05M) | Time:00:00.00 | Mem:0.00M, Peak:0.00M | Scene, ViewLayer | Waiting for render to start
Fra:60 Mem:10.71M (Peak 53.05M) | Time:00:00.00 | Mem:0.00M, Peak:0.00M | Scene, ViewLayer | Updating Scene
Fra:60 Mem:10.71M (Peak 53.05M) | Time:00:00.00 | Mem:0.00M, Peak:0.00M | Scene, ViewLayer | Updating Shaders
Fra:60 Mem:10.71M (Peak 53.05M) | Time:00:00.00 | Mem:0.00M, Peak:0.00M | Scene, ViewLayer | Loading render kernels (may take a few minutes the first time)
Fra:60 Mem:10.79M (Peak 53.05M) | Time:00:00.00 | Mem:0.00M, Peak:0.00M | Scene, ViewLayer | Updating Procedurals
Fra:60 Mem:10.79M (Peak 53.05M) | Time:00:00.00 | Mem:0.00M, Peak:0.00M | Scene, ViewLayer | Updating Background
Fra:60 Mem:10.79M (Peak 53.05M) | Time:00:00.00 | Mem:0.00M, Peak:0.00M | Scene, ViewLayer | Updating Camera
Fra:60 Mem:10.79M (Peak 53.05M) | Time:00:00.00 | Mem:0.00M, Peak:0.00M | Scene, ViewLayer | Updating Meshes Flags
Fra:60 Mem:10.79M (Peak 53.05M) | Time:00:00.00 | Mem:0.00M, Peak:0.00M | Scene, ViewLayer | Updating Objects
Fra:60 Mem:10.79M (Peak 53.05M) | Time:00:00.00 | Mem:0.00M, Peak:0.00M | Scene, ViewLayer | Updating Objects | Copying Transformations to device
Fra:60 Mem:10.80M (Peak 53.05M) | Time:00:00.00 | Mem:0.01M, Peak:0.01M | Scene, ViewLayer | Updating Particle Systems
Fra:60 Mem:10.80M (Peak 53.05M) | Time:00:00.00 | Mem:0.01M, Peak:0.01M | Scene, ViewLayer | Updating Particle Systems | Copying Particles to device
Fra:60 Mem:10.80M (Peak 53.05M) | Time:00:00.00 | Mem:0.01M, Peak:0.01M | Scene, ViewLayer | Updating Meshes
Fra:60 Mem:10.80M (Peak 53.05M) | Time:00:00.00 | Mem:0.01M, Peak:0.01M | Scene, ViewLayer | Updating Objects | Applying Static Transformations
Fra:60 Mem:10.80M (Peak 53.05M) | Time:00:00.00 | Mem:0.01M, Peak:0.01M | Scene, ViewLayer | Updating Mesh | Computing attributes
Fra:60 Mem:10.84M (Peak 53.05M) | Time:00:00.00 | Mem:0.01M, Peak:0.01M | Scene, ViewLayer | Updating Mesh | Copying Attributes to device
Fra:60 Mem:10.84M (Peak 53.05M) | Time:00:00.00 | Mem:0.05M, Peak:0.05M | Scene, ViewLayer | Updating Scene BVH | Building
Fra:60 Mem:10.84M (Peak 53.05M) | Time:00:00.00 | Mem:0.05M, Peak:0.05M | Scene, ViewLayer | Updating Scene BVH | Building BVH
Fra:60 Mem:10.84M (Peak 53.05M) | Time:00:00.00 | Mem:0.21M, Peak:0.21M | Scene, ViewLayer | Updating Scene BVH | Building BVH 0%
Fra:60 Mem:10.84M (Peak 53.05M) | Time:00:00.00 | Mem:0.39M, Peak:0.56M | Scene, ViewLayer | Updating Scene BVH | Copying BVH to device
Fra:60 Mem:10.84M (Peak 53.05M) | Time:00:00.00 | Mem:0.39M, Peak:0.56M | Scene, ViewLayer | Updating Mesh | Computing normals
Fra:60 Mem:11.01M (Peak 53.05M) | Time:00:00.00 | Mem:0.39M, Peak:0.56M | Scene, ViewLayer | Updating Mesh | Copying Mesh to device
Fra:60 Mem:11.01M (Peak 53.05M) | Time:00:00.00 | Mem:0.57M, Peak:0.57M | Scene, ViewLayer | Updating Objects Flags
Fra:60 Mem:11.01M (Peak 53.05M) | Time:00:00.00 | Mem:0.57M, Peak:0.57M | Scene, ViewLayer | Updating Primitive Offsets
Fra:60 Mem:11.01M (Peak 53.05M) | Time:00:00.00 | Mem:0.57M, Peak:0.57M | Scene, ViewLayer | Updating Images
Fra:60 Mem:11.01M (Peak 53.05M) | Time:00:00.00 | Mem:0.57M, Peak:0.57M | Scene, ViewLayer | Updating Camera Volume
Fra:60 Mem:11.01M (Peak 53.05M) | Time:00:00.00 | Mem:0.57M, Peak:0.57M | Scene, ViewLayer | Updating Lookup Tables
Fra:60 Mem:11.01M (Peak 53.05M) | Time:00:00.00 | Mem:0.65M, Peak:0.65M | Scene, ViewLayer | Updating Lights
Fra:60 Mem:11.02M (Peak 53.05M) | Time:00:00.00 | Mem:0.65M, Peak:0.65M | Scene, ViewLayer | Updating Lights | Computing tree
Fra:60 Mem:11.48M (Peak 53.05M) | Time:00:00.01 | Mem:1.11M, Peak:1.11M | Scene, ViewLayer | Updating Integrator
Fra:60 Mem:11.48M (Peak 53.05M) | Time:00:00.01 | Mem:1.11M, Peak:1.11M | Scene, ViewLayer | Updating Film
Fra:60 Mem:11.48M (Peak 53.05M) | Time:00:00.02 | Mem:1.03M, Peak:1.11M | Scene, ViewLayer | Updating Lookup Tables
Fra:60 Mem:11.48M (Peak 53.05M) | Time:00:00.02 | Mem:1.11M, Peak:1.11M | Scene, ViewLayer | Updating Baking
Fra:60 Mem:11.48M (Peak 53.05M) | Time:00:00.02 | Mem:1.11M, Peak:1.11M | Scene, ViewLayer | Updating Device | Writing constant memory
Fra:60 Mem:11.48M (Peak 53.05M) | Time:00:00.02 | Mem:1.11M, Peak:1.11M | Scene, ViewLayer | Sample 0/32
Fra:60 Mem:29.32M (Peak 53.05M) | Time:00:00.49 | Remaining:00:14.79 | Mem:18.91M, Peak:18.91M | Scene, ViewLayer | Sample 1/32
Fra:60 Mem:37.23M (Peak 53.05M) | Time:00:15.21 | Mem:18.91M, Peak:18.91M | Scene, ViewLayer | Sample 32/32
Fra:60 Mem:37.23M (Peak 53.05M) | Time:00:15.21 | Mem:18.91M, Peak:18.91M | Scene, ViewLayer | Finished
Saved: '/home/runner/work/chaosim/chaosim/outputs/renders/paper_to_cloth_frames/frame_0060.png'
Time: 00:15.27 (Saving: 00:00.05)

Fra:61 Mem:12.19M (Peak 53.05M) | Time:00:00.00 | Mem:0.00M, Peak:0.00M | Scene, ViewLayer | Synchronizing object | ClothKey
Fra:61 Mem:12.19M (Peak 53.05M) | Time:00:00.00 | Mem:0.00M, Peak:0.00M | Scene, ViewLayer | Synchronizing object | ClothRim
Fra:61 Mem:12.19M (Peak 53.05M) | Time:00:00.00 | Mem:0.00M, Peak:0.00M | Scene, ViewLayer | Synchronizing object | Rod
Fra:61 Mem:12.19M (Peak 53.05M) | Time:00:00.00 | Mem:0.00M, Peak:0.00M | Scene, ViewLayer | Synchronizing object | FacesLabel
Fra:61 Mem:12.19M (Peak 53.05M) | Time:00:00.00 | Mem:0.00M, Peak:0.00M | Scene, ViewLayer | Synchronizing object | GlassSphere
Fra:61 Mem:12.62M (Peak 53.05M) | Time:00:00.00 | Mem:0.00M, Peak:0.00M | Scene, ViewLayer | Initializing
Fra:61 Mem:10.71M (Peak 53.05M) | Time:00:00.00 | Mem:0.00M, Peak:0.00M | Scene, ViewLayer | Waiting for render to start
Fra:61 Mem:10.71M (Peak 53.05M) | Time:00:00.00 | Mem:0.00M, Peak:0.00M | Scene, ViewLayer | Updating Scene
Fra:61 Mem:10.71M (Peak 53.05M) | Time:00:00.00 | Mem:0.00M, Peak:0.00M | Scene, ViewLayer | Updating Shaders
Fra:61 Mem:10.71M (Peak 53.05M) | Time:00:00.00 | Mem:0.00M, Peak:0.00M | Scene, ViewLayer | Loading render kernels (may take a few minutes the first time)
Fra:61 Mem:10.79M (Peak 53.05M) | Time:00:00.00 | Mem:0.00M, Peak:0.00M | Scene, ViewLayer | Updating Procedurals
Fra:61 Mem:10.79M (Peak 53.05M) | Time:00:00.00 | Mem:0.00M, Peak:0.00M | Scene, ViewLayer | Updating Background
Fra:61 Mem:10.79M (Peak 53.05M) | Time:00:00.00 | Mem:0.00M, Peak:0.00M | Scene, ViewLayer | Updating Camera
Fra:61 Mem:10.79M (Peak 53.05M) | Time:00:00.00 | Mem:0.00M, Peak:0.00M | Scene, ViewLayer | Updating Meshes Flags
Fra:61 Mem:10.79M (Peak 53.05M) | Time:00:00.00 | Mem:0.00M, Peak:0.00M | Scene, ViewLayer | Updating Objects
Fra:61 Mem:10.79M (Peak 53.05M) | Time:00:00.00 | Mem:0.00M, Peak:0.00M | Scene, ViewLayer | Updating Objects | Copying Transformations to device
Fra:61 Mem:10.80M (Peak 53.05M) | Time:00:00.00 | Mem:0.01M, Peak:0.01M | Scene, ViewLayer | Updating Particle Systems
Fra:61 Mem:10.80M (Peak 53.05M) | Time:00:00.00 | Mem:0.01M, Peak:0.01M | Scene, ViewLayer | Updating Particle Systems | Copying Particles to device
Fra:61 Mem:10.80M (Peak 53.05M) | Time:00:00.00 | Mem:0.01M, Peak:0.01M | Scene, ViewLayer | Updating Meshes
Fra:61 Mem:10.80M (Peak 53.05M) | Time:00:00.00 | Mem:0.01M, Peak:0.01M | Scene, ViewLayer | Updating Objects | Applying Static Transformations
Fra:61 Mem:10.80M (Peak 53.05M) | Time:00:00.00 | Mem:0.01M, Peak:0.01M | Scene, ViewLayer | Updating Mesh | Computing attributes
Fra:61 Mem:10.84M (Peak 53.05M) | Time:00:00.00 | Mem:0.01M, Peak:0.01M | Scene, ViewLayer | Updating Mesh | Copying Attributes to device
Fra:61 Mem:10.84M (Peak 53.05M) | Time:00:00.00 | Mem:0.05M, Peak:0.05M | Scene, ViewLayer | Updating Scene BVH | Building
Fra:61 Mem:10.84M (Peak 53.05M) | Time:00:00.00 | Mem:0.05M, Peak:0.05M | Scene, ViewLayer | Updating Scene BVH | Building BVH
Fra:61 Mem:10.84M (Peak 53.05M) | Time:00:00.00 | Mem:0.21M, Peak:0.21M | Scene, ViewLayer | Updating Scene BVH | Building BVH 0%
Fra:61 Mem:10.84M (Peak 53.05M) | Time:00:00.00 | Mem:0.39M, Peak:0.56M | Scene, ViewLayer | Updating Scene BVH | Copying BVH to device
Fra:61 Mem:10.84M (Peak 53.05M) | Time:00:00.00 | Mem:0.39M, Peak:0.56M | Scene, ViewLayer | Updating Mesh | Computing normals
Fra:61 Mem:11.01M (Peak 53.05M) | Time:00:00.00 | Mem:0.39M, Peak:0.56M | Scene, ViewLayer | Updating Mesh | Copying Mesh to device
Fra:61 Mem:11.01M (Peak 53.05M) | Time:00:00.00 | Mem:0.57M, Peak:0.57M | Scene, ViewLayer | Updating Objects Flags
Fra:61 Mem:11.01M (Peak 53.05M) | Time:00:00.00 | Mem:0.57M, Peak:0.57M | Scene, ViewLayer | Updating Primitive Offsets
Fra:61 Mem:11.01M (Peak 53.05M) | Time:00:00.00 | Mem:0.57M, Peak:0.57M | Scene, ViewLayer | Updating Images
Fra:61 Mem:11.01M (Peak 53.05M) | Time:00:00.00 | Mem:0.57M, Peak:0.57M | Scene, ViewLayer | Updating Camera Volume
Fra:61 Mem:11.01M (Peak 53.05M) | Time:00:00.00 | Mem:0.57M, Peak:0.57M | Scene, ViewLayer | Updating Lookup Tables
Fra:61 Mem:11.01M (Peak 53.05M) | Time:00:00.00 | Mem:0.65M, Peak:0.65M | Scene, ViewLayer | Updating Lights
Fra:61 Mem:11.02M (Peak 53.05M) | Time:00:00.00 | Mem:0.65M, Peak:0.65M | Scene, ViewLayer | Updating Lights | Computing tree
Fra:61 Mem:11.48M (Peak 53.05M) | Time:00:00.02 | Mem:1.11M, Peak:1.11M | Scene, ViewLayer | Updating Integrator
Fra:61 Mem:11.48M (Peak 53.05M) | Time:00:00.02 | Mem:1.11M, Peak:1.11M | Scene, ViewLayer | Updating Film
Fra:61 Mem:11.48M (Peak 53.05M) | Time:00:00.02 | Mem:1.03M, Peak:1.11M | Scene, ViewLayer | Updating Lookup Tables
Fra:61 Mem:11.48M (Peak 53.05M) | Time:00:00.02 | Mem:1.11M, Peak:1.11M | Scene, ViewLayer | Updating Baking
Fra:61 Mem:11.48M (Peak 53.05M) | Time:00:00.02 | Mem:1.11M, Peak:1.11M | Scene, ViewLayer | Updating Device | Writing constant memory
Fra:61 Mem:11.48M (Peak 53.05M) | Time:00:00.02 | Mem:1.11M, Peak:1.11M | Scene, ViewLayer | Sample 0/32
Fra:61 Mem:29.32M (Peak 53.05M) | Time:00:00.47 | Remaining:00:14.06 | Mem:18.91M, Peak:18.91M | Scene, ViewLayer | Sample 1/32
Fra:61 Mem:37.23M (Peak 53.05M) | Time:00:14.56 | Mem:18.91M, Peak:18.91M | Scene, ViewLayer | Sample 32/32
Fra:61 Mem:37.23M (Peak 53.05M) | Time:00:14.56 | Mem:18.91M, Peak:18.91M | Scene, ViewLayer | Finished
Saved: '/home/runner/work/chaosim/chaosim/outputs/renders/paper_to_cloth_frames/frame_0061.png'
Time: 00:14.61 (Saving: 00:00.05)

Fra:62 Mem:12.19M (Peak 53.05M) | Time:00:00.00 | Mem:0.00M, Peak:0.00M | Scene, ViewLayer | Synchronizing object | ClothKey
Fra:62 Mem:12.19M (Peak 53.05M) | Time:00:00.00 | Mem:0.00M, Peak:0.00M | Scene, ViewLayer | Synchronizing object | ClothRim
Fra:62 Mem:12.19M (Peak 53.05M) | Time:00:00.00 | Mem:0.00M, Peak:0.00M | Scene, ViewLayer | Synchronizing object | FacesLabel
Fra:62 Mem:12.19M (Peak 53.05M) | Time:00:00.00 | Mem:0.00M, Peak:0.00M | Scene, ViewLayer | Synchronizing object | Sheet
Fra:62 Mem:12.19M (Peak 53.05M) | Time:00:00.00 | Mem:0.00M, Peak:0.00M | Scene, ViewLayer | Synchronizing object | GlassSphere
Fra:62 Mem:12.62M (Peak 53.05M) | Time:00:00.00 | Mem:0.00M, Peak:0.00M | Scene, ViewLayer | Initializing
Fra:62 Mem:10.71M (Peak 53.05M) | Time:00:00.00 | Mem:0.00M, Peak:0.00M | Scene, ViewLayer | Waiting for render to start
Fra:62 Mem:10.71M (Peak 53.05M) | Time:00:00.00 | Mem:0.00M, Peak:0.00M | Scene, ViewLayer | Updating Scene
Fra:62 Mem:10.71M (Peak 53.05M) | Time:00:00.00 | Mem:0.00M, Peak:0.00M | Scene, ViewLayer | Updating Shaders
Fra:62 Mem:10.71M (Peak 53.05M) | Time:00:00.00 | Mem:0.00M, Peak:0.00M | Scene, ViewLayer | Loading render kernels (may take a few minutes the first time)
Fra:62 Mem:10.79M (Peak 53.05M) | Time:00:00.00 | Mem:0.00M, Peak:0.00M | Scene, ViewLayer | Updating Procedurals
Fra:62 Mem:10.79M (Peak 53.05M) | Time:00:00.00 | Mem:0.00M, Peak:0.00M | Scene, ViewLayer | Updating Background
Fra:62 Mem:10.79M (Peak 53.05M) | Time:00:00.00 | Mem:0.00M, Peak:0.00M | Scene, ViewLayer | Updating Camera
Fra:62 Mem:10.79M (Peak 53.05M) | Time:00:00.00 | Mem:0.00M, Peak:0.00M | Scene, ViewLayer | Updating Meshes Flags
Fra:62 Mem:10.79M (Peak 53.05M) | Time:00:00.00 | Mem:0.00M, Peak:0.00M | Scene, ViewLayer | Updating Objects
Fra:62 Mem:10.79M (Peak 53.05M) | Time:00:00.00 | Mem:0.00M, Peak:0.00M | Scene, ViewLayer | Updating Objects | Copying Transformations to device
Fra:62 Mem:10.80M (Peak 53.05M) | Time:00:00.00 | Mem:0.01M, Peak:0.01M | Scene, ViewLayer | Updating Particle Systems
Fra:62 Mem:10.80M (Peak 53.05M) | Time:00:00.00 | Mem:0.01M, Peak:0.01M | Scene, ViewLayer | Updating Particle Systems | Copying Particles to device
Fra:62 Mem:10.80M (Peak 53.05M) | Time:00:00.00 | Mem:0.01M, Peak:0.01M | Scene, ViewLayer | Updating Meshes
Fra:62 Mem:10.80M (Peak 53.05M) | Time:00:00.00 | Mem:0.01M, Peak:0.01M | Scene, ViewLayer | Updating Objects | Applying Static Transformations
Fra:62 Mem:10.80M (Peak 53.05M) | Time:00:00.00 | Mem:0.01M, Peak:0.01M | Scene, ViewLayer | Updating Mesh | Computing attributes
Fra:62 Mem:10.84M (Peak 53.05M) | Time:00:00.00 | Mem:0.01M, Peak:0.01M | Scene, ViewLayer | Updating Mesh | Copying Attributes to device
Fra:62 Mem:10.84M (Peak 53.05M) | Time:00:00.00 | Mem:0.05M, Peak:0.05M | Scene, ViewLayer | Updating Scene BVH | Building
Fra:62 Mem:10.84M (Peak 53.05M) | Time:00:00.00 | Mem:0.05M, Peak:0.05M | Scene, ViewLayer | Updating Scene BVH | Building BVH
Fra:62 Mem:10.84M (Peak 53.05M) | Time:00:00.00 | Mem:0.21M, Peak:0.21M | Scene, ViewLayer | Updating Scene BVH | Building BVH 0%
Fra:62 Mem:10.84M (Peak 53.05M) | Time:00:00.00 | Mem:0.39M, Peak:0.56M | Scene, ViewLayer | Updating Scene BVH | Copying BVH to device
Fra:62 Mem:10.84M (Peak 53.05M) | Time:00:00.00 | Mem:0.39M, Peak:0.56M | Scene, ViewLayer | Updating Mesh | Computing normals
Fra:62 Mem:11.01M (Peak 53.05M) | Time:00:00.00 | Mem:0.39M, Peak:0.56M | Scene, ViewLayer | Updating Mesh | Copying Mesh to device
Fra:62 Mem:11.01M (Peak 53.05M) | Time:00:00.00 | Mem:0.57M, Peak:0.57M | Scene, ViewLayer | Updating Objects Flags
Fra:62 Mem:11.01M (Peak 53.05M) | Time:00:00.00 | Mem:0.57M, Peak:0.57M | Scene, ViewLayer | Updating Primitive Offsets
Fra:62 Mem:11.01M (Peak 53.05M) | Time:00:00.00 | Mem:0.57M, Peak:0.57M | Scene, ViewLayer | Updating Images
Fra:62 Mem:11.01M (Peak 53.05M) | Time:00:00.00 | Mem:0.57M, Peak:0.57M | Scene, ViewLayer | Updating Camera Volume
Fra:62 Mem:11.01M (Peak 53.05M) | Time:00:00.00 | Mem:0.57M, Peak:0.57M | Scene, ViewLayer | Updating Lookup Tables
Fra:62 Mem:11.01M (Peak 53.05M) | Time:00:00.00 | Mem:0.65M, Peak:0.65M | Scene, ViewLayer | Updating Lights
Fra:62 Mem:11.02M (Peak 53.05M) | Time:00:00.00 | Mem:0.65M, Peak:0.65M | Scene, ViewLayer | Updating Lights | Computing tree
Fra:62 Mem:11.48M (Peak 53.05M) | Time:00:00.02 | Mem:1.11M, Peak:1.11M | Scene, ViewLayer | Updating Integrator
Fra:62 Mem:11.48M (Peak 53.05M) | Time:00:00.02 | Mem:1.11M, Peak:1.11M | Scene, ViewLayer | Updating Film
Fra:62 Mem:11.48M (Peak 53.05M) | Time:00:00.02 | Mem:1.03M, Peak:1.11M | Scene, ViewLayer | Updating Lookup Tables
Fra:62 Mem:11.48M (Peak 53.05M) | Time:00:00.02 | Mem:1.11M, Peak:1.11M | Scene, ViewLayer | Updating Baking
Fra:62 Mem:11.48M (Peak 53.05M) | Time:00:00.02 | Mem:1.11M, Peak:1.11M | Scene, ViewLayer | Updating Device | Writing constant memory
Fra:62 Mem:11.48M (Peak 53.05M) | Time:00:00.02 | Mem:1.11M, Peak:1.11M | Scene, ViewLayer | Sample 0/32
Fra:62 Mem:29.32M (Peak 53.05M) | Time:00:00.45 | Remaining:00:13.40 | Mem:18.91M, Peak:18.91M | Scene, ViewLayer | Sample 1/32
Fra:62 Mem:37.23M (Peak 53.05M) | Time:00:14.03 | Mem:18.91M, Peak:18.91M | Scene, ViewLayer | Sample 32/32
Fra:62 Mem:37.23M (Peak 53.05M) | Time:00:14.03 | Mem:18.91M, Peak:18.91M | Scene, ViewLayer | Finished
Saved: '/home/runner/work/chaosim/chaosim/outputs/renders/paper_to_cloth_frames/frame_0062.png'
Time: 00:14.08 (Saving: 00:00.05)

Fra:63 Mem:12.19M (Peak 53.05M) | Time:00:00.00 | Mem:0.00M, Peak:0.00M | Scene, ViewLayer | Synchronizing object | ClothKey
Fra:63 Mem:12.19M (Peak 53.05M) | Time:00:00.00 | Mem:0.00M, Peak:0.00M | Scene, ViewLayer | Synchronizing object | ClothRim
Fra:63 Mem:12.19M (Peak 53.05M) | Time:00:00.00 | Mem:0.00M, Peak:0.00M | Scene, ViewLayer | Synchronizing object | FacesLabel
Fra:63 Mem:12.34M (Peak 53.05M) | Time:00:00.00 | Mem:0.00M, Peak:0.00M | Scene, ViewLayer | Synchronizing object | Sheet
Fra:63 Mem:12.40M (Peak 53.05M) | Time:00:00.00 | Mem:0.00M, Peak:0.00M | Scene, ViewLayer | Synchronizing object | GlassSphere
Fra:63 Mem:12.62M (Peak 53.05M) | Time:00:00.00 | Mem:0.00M, Peak:0.00M | Scene, ViewLayer | Initializing
Fra:63 Mem:10.71M (Peak 53.05M) | Time:00:00.00 | Mem:0.00M, Peak:0.00M | Scene, ViewLayer | Waiting for render to start
Fra:63 Mem:10.71M (Peak 53.05M) | Time:00:00.00 | Mem:0.00M, Peak:0.00M | Scene, ViewLayer | Updating Scene
Fra:63 Mem:10.71M (Peak 53.05M) | Time:00:00.00 | Mem:0.00M, Peak:0.00M | Scene, ViewLayer | Updating Shaders
Fra:63 Mem:10.71M (Peak 53.05M) | Time:00:00.00 | Mem:0.00M, Peak:0.00M | Scene, ViewLayer | Loading render kernels (may take a few minutes the first time)
Fra:63 Mem:10.79M (Peak 53.05M) | Time:00:00.00 | Mem:0.00M, Peak:0.00M | Scene, ViewLayer | Updating Procedurals
Fra:63 Mem:10.79M (Peak 53.05M) | Time:00:00.00 | Mem:0.00M, Peak:0.00M | Scene, ViewLayer | Updating Background
Fra:63 Mem:10.79M (Peak 53.05M) | Time:00:00.00 | Mem:0.00M, Peak:0.00M | Scene, ViewLayer | Updating Camera
Fra:63 Mem:10.79M (Peak 53.05M) | Time:00:00.00 | Mem:0.00M, Peak:0.00M | Scene, ViewLayer | Updating Meshes Flags
Fra:63 Mem:10.79M (Peak 53.05M) | Time:00:00.00 | Mem:0.00M, Peak:0.00M | Scene, ViewLayer | Updating Objects
Fra:63 Mem:10.79M (Peak 53.05M) | Time:00:00.00 | Mem:0.00M, Peak:0.00M | Scene, ViewLayer | Updating Objects | Copying Transformations to device
Fra:63 Mem:10.80M (Peak 53.05M) | Time:00:00.00 | Mem:0.01M, Peak:0.01M | Scene, ViewLayer | Updating Particle Systems
Fra:63 Mem:10.80M (Peak 53.05M) | Time:00:00.00 | Mem:0.01M, Peak:0.01M | Scene, ViewLayer | Updating Particle Systems | Copying Particles to device
Fra:63 Mem:10.80M (Peak 53.05M) | Time:00:00.00 | Mem:0.01M, Peak:0.01M | Scene, ViewLayer | Updating Meshes
Fra:63 Mem:10.80M (Peak 53.05M) | Time:00:00.00 | Mem:0.01M, Peak:0.01M | Scene, ViewLayer | Updating Objects | Applying Static Transformations
Fra:63 Mem:10.80M (Peak 53.05M) | Time:00:00.00 | Mem:0.01M, Peak:0.01M | Scene, ViewLayer | Updating Mesh | Computing attributes
Fra:63 Mem:10.84M (Peak 53.05M) | Time:00:00.00 | Mem:0.01M, Peak:0.01M | Scene, ViewLayer | Updating Mesh | Copying Attributes to device
Fra:63 Mem:10.84M (Peak 53.05M) | Time:00:00.00 | Mem:0.05M, Peak:0.05M | Scene, ViewLayer | Updating Scene BVH | Building
Fra:63 Mem:10.84M (Peak 53.05M) | Time:00:00.00 | Mem:0.05M, Peak:0.05M | Scene, ViewLayer | Updating Scene BVH | Building BVH
Fra:63 Mem:10.84M (Peak 53.05M) | Time:00:00.00 | Mem:0.21M, Peak:0.21M | Scene, ViewLayer | Updating Scene BVH | Building BVH 0%
Fra:63 Mem:10.84M (Peak 53.05M) | Time:00:00.00 | Mem:0.41M, Peak:0.57M | Scene, ViewLayer | Updating Scene BVH | Copying BVH to device
Fra:63 Mem:10.84M (Peak 53.05M) | Time:00:00.00 | Mem:0.41M, Peak:0.57M | Scene, ViewLayer | Updating Mesh | Computing normals
Fra:63 Mem:11.01M (Peak 53.05M) | Time:00:00.00 | Mem:0.41M, Peak:0.57M | Scene, ViewLayer | Updating Mesh | Copying Mesh to device
Fra:63 Mem:11.01M (Peak 53.05M) | Time:00:00.00 | Mem:0.58M, Peak:0.58M | Scene, ViewLayer | Updating Objects Flags
Fra:63 Mem:11.01M (Peak 53.05M) | Time:00:00.00 | Mem:0.58M, Peak:0.58M | Scene, ViewLayer | Updating Primitive Offsets
Fra:63 Mem:11.01M (Peak 53.05M) | Time:00:00.00 | Mem:0.58M, Peak:0.58M | Scene, ViewLayer | Updating Images
Fra:63 Mem:11.01M (Peak 53.05M) | Time:00:00.00 | Mem:0.58M, Peak:0.58M | Scene, ViewLayer | Updating Camera Volume
Fra:63 Mem:11.01M (Peak 53.05M) | Time:00:00.00 | Mem:0.58M, Peak:0.58M | Scene, ViewLayer | Updating Lookup Tables
Fra:63 Mem:11.01M (Peak 53.05M) | Time:00:00.00 | Mem:0.66M, Peak:0.66M | Scene, ViewLayer | Updating Lights
Fra:63 Mem:11.02M (Peak 53.05M) | Time:00:00.00 | Mem:0.66M, Peak:0.66M | Scene, ViewLayer | Updating Lights | Computing tree
Fra:63 Mem:11.48M (Peak 53.05M) | Time:00:00.02 | Mem:1.13M, Peak:1.13M | Scene, ViewLayer | Updating Integrator
Fra:63 Mem:11.48M (Peak 53.05M) | Time:00:00.02 | Mem:1.13M, Peak:1.13M | Scene, ViewLayer | Updating Film
Fra:63 Mem:11.48M (Peak 53.05M) | Time:00:00.02 | Mem:1.04M, Peak:1.13M | Scene, ViewLayer | Updating Lookup Tables
Fra:63 Mem:11.48M (Peak 53.05M) | Time:00:00.02 | Mem:1.13M, Peak:1.13M | Scene, ViewLayer | Updating Baking
Fra:63 Mem:11.48M (Peak 53.05M) | Time:00:00.02 | Mem:1.13M, Peak:1.13M | Scene, ViewLayer | Updating Device | Writing constant memory
Fra:63 Mem:11.48M (Peak 53.05M) | Time:00:00.02 | Mem:1.13M, Peak:1.13M | Scene, ViewLayer | Sample 0/32
Fra:63 Mem:29.32M (Peak 53.05M) | Time:00:00.44 | Remaining:00:13.00 | Mem:18.93M, Peak:18.93M | Scene, ViewLayer | Sample 1/32
Fra:63 Mem:37.23M (Peak 53.05M) | Time:00:13.40 | Mem:18.93M, Peak:18.93M | Scene, ViewLayer | Sample 32/32
Fra:63 Mem:37.23M (Peak 53.05M) | Time:00:13.40 | Mem:18.93M, Peak:18.93M | Scene, ViewLayer | Finished
Saved: '/home/runner/work/chaosim/chaosim/outputs/renders/paper_to_cloth_frames/frame_0063.png'
Time: 00:13.45 (Saving: 00:00.05)

Fra:64 Mem:12.19M (Peak 53.05M) | Time:00:00.00 | Mem:0.00M, Peak:0.00M | Scene, ViewLayer | Synchronizing object | ClothKey
Fra:64 Mem:12.19M (Peak 53.05M) | Time:00:00.00 | Mem:0.00M, Peak:0.00M | Scene, ViewLayer | Synchronizing object | Rod
Fra:64 Mem:12.19M (Peak 53.05M) | Time:00:00.00 | Mem:0.00M, Peak:0.00M | Scene, ViewLayer | Synchronizing object | FacesLabel
Fra:64 Mem:12.19M (Peak 53.05M) | Time:00:00.00 | Mem:0.00M, Peak:0.00M | Scene, ViewLayer | Synchronizing object | Sheet
Fra:64 Mem:12.25M (Peak 53.05M) | Time:00:00.00 | Mem:0.00M, Peak:0.00M | Scene, ViewLayer | Synchronizing object | GlassSphere
Fra:64 Mem:12.62M (Peak 53.05M) | Time:00:00.00 | Mem:0.00M, Peak:0.00M | Scene, ViewLayer | Initializing
Fra:64 Mem:10.71M (Peak 53.05M) | Time:00:00.00 | Mem:0.00M, Peak:0.00M | Scene, ViewLayer | Waiting for render to start
Fra:64 Mem:10.71M (Peak 53.05M) | Time:00:00.00 | Mem:0.00M, Peak:0.00M | Scene, ViewLayer | Updating Scene
Fra:64 Mem:10.71M (Peak 53.05M) | Time:00:00.00 | Mem:0.00M, Peak:0.00M | Scene, ViewLayer | Updating Shaders
Fra:64 Mem:10.71M (Peak 53.05M) | Time:00:00.00 | Mem:0.00M, Peak:0.00M | Scene, ViewLayer | Loading render kernels (may take a few minutes the first time)
Fra:64 Mem:10.79M (Peak 53.05M) | Time:00:00.00 | Mem:0.00M, Peak:0.00M | Scene, ViewLayer | Updating Procedurals
Fra:64 Mem:10.79M (Peak 53.05M) | Time:00:00.00 | Mem:0.00M, Peak:0.00M | Scene, ViewLayer | Updating Background
Fra:64 Mem:10.79M (Peak 53.05M) | Time:00:00.00 | Mem:0.00M, Peak:0.00M | Scene, ViewLayer | Updating Camera
Fra:64 Mem:10.79M (Peak 53.05M) | Time:00:00.00 | Mem:0.00M, Peak:0.00M | Scene, ViewLayer | Updating Meshes Flags
Fra:64 Mem:10.79M (Peak 53.05M) | Time:00:00.00 | Mem:0.00M, Peak:0.00M | Scene, ViewLayer | Updating Objects
Fra:64 Mem:10.79M (Peak 53.05M) | Time:00:00.00 | Mem:0.00M, Peak:0.00M | Scene, ViewLayer | Updating Objects | Copying Transformations to device
Fra:64 Mem:10.80M (Peak 53.05M) | Time:00:00.00 | Mem:0.01M, Peak:0.01M | Scene, ViewLayer | Updating Particle Systems
Fra:64 Mem:10.80M (Peak 53.05M) | Time:00:00.00 | Mem:0.01M, Peak:0.01M | Scene, ViewLayer | Updating Particle Systems | Copying Particles to device
Fra:64 Mem:10.80M (Peak 53.05M) | Time:00:00.00 | Mem:0.01M, Peak:0.01M | Scene, ViewLayer | Updating Meshes
Fra:64 Mem:10.80M (Peak 53.05M) | Time:00:00.00 | Mem:0.01M, Peak:0.01M | Scene, ViewLayer | Updating Objects | Applying Static Transformations
Fra:64 Mem:10.80M (Peak 53.05M) | Time:00:00.00 | Mem:0.01M, Peak:0.01M | Scene, ViewLayer | Updating Mesh | Computing attributes
Fra:64 Mem:10.84M (Peak 53.05M) | Time:00:00.00 | Mem:0.01M, Peak:0.01M | Scene, ViewLayer | Updating Mesh | Copying Attributes to device
Fra:64 Mem:10.84M (Peak 53.05M) | Time:00:00.00 | Mem:0.05M, Peak:0.05M | Scene, ViewLayer | Updating Scene BVH | Building
Fra:64 Mem:10.84M (Peak 53.05M) | Time:00:00.00 | Mem:0.05M, Peak:0.05M | Scene, ViewLayer | Updating Scene BVH | Building BVH
Fra:64 Mem:10.84M (Peak 53.05M) | Time:00:00.00 | Mem:0.21M, Peak:0.21M | Scene, ViewLayer | Updating Scene BVH | Building BVH 0%
Fra:64 Mem:10.84M (Peak 53.05M) | Time:00:00.00 | Mem:0.41M, Peak:0.57M | Scene, ViewLayer | Updating Scene BVH | Copying BVH to device
Fra:64 Mem:10.84M (Peak 53.05M) | Time:00:00.00 | Mem:0.41M, Peak:0.57M | Scene, ViewLayer | Updating Mesh | Computing normals
Fra:64 Mem:11.01M (Peak 53.05M) | Time:00:00.00 | Mem:0.41M, Peak:0.57M | Scene, ViewLayer | Updating Mesh | Copying Mesh to device
Fra:64 Mem:11.01M (Peak 53.05M) | Time:00:00.00 | Mem:0.58M, Peak:0.58M | Scene, ViewLayer | Updating Objects Flags
Fra:64 Mem:11.01M (Peak 53.05M) | Time:00:00.00 | Mem:0.58M, Peak:0.58M | Scene, ViewLayer | Updating Primitive Offsets
Fra:64 Mem:11.01M (Peak 53.05M) | Time:00:00.00 | Mem:0.58M, Peak:0.58M | Scene, ViewLayer | Updating Images
Fra:64 Mem:11.01M (Peak 53.05M) | Time:00:00.00 | Mem:0.58M, Peak:0.58M | Scene, ViewLayer | Updating Camera Volume
Fra:64 Mem:11.01M (Peak 53.05M) | Time:00:00.00 | Mem:0.58M, Peak:0.58M | Scene, ViewLayer | Updating Lookup Tables
Fra:64 Mem:11.01M (Peak 53.05M) | Time:00:00.00 | Mem:0.66M, Peak:0.66M | Scene, ViewLayer | Updating Lights
Fra:64 Mem:11.02M (Peak 53.05M) | Time:00:00.00 | Mem:0.66M, Peak:0.66M | Scene, ViewLayer | Updating Lights | Computing tree
Fra:64 Mem:11.48M (Peak 53.05M) | Time:00:00.01 | Mem:1.13M, Peak:1.13M | Scene, ViewLayer | Updating Integrator
Fra:64 Mem:11.48M (Peak 53.05M) | Time:00:00.01 | Mem:1.13M, Peak:1.13M | Scene, ViewLayer | Updating Film
Fra:64 Mem:11.48M (Peak 53.05M) | Time:00:00.02 | Mem:1.04M, Peak:1.13M | Scene, ViewLayer | Updating Lookup Tables
Fra:64 Mem:11.48M (Peak 53.05M) | Time:00:00.02 | Mem:1.13M, Peak:1.13M | Scene, ViewLayer | Updating Baking
Fra:64 Mem:11.48M (Peak 53.05M) | Time:00:00.02 | Mem:1.13M, Peak:1.13M | Scene, ViewLayer | Updating Device | Writing constant memory
Fra:64 Mem:11.48M (Peak 53.05M) | Time:00:00.02 | Mem:1.13M, Peak:1.13M | Scene, ViewLayer | Sample 0/32
Fra:64 Mem:29.32M (Peak 53.05M) | Time:00:00.41 | Remaining:00:12.16 | Mem:18.93M, Peak:18.93M | Scene, ViewLayer | Sample 1/32
Fra:64 Mem:37.23M (Peak 53.05M) | Time:00:12.65 | Mem:18.93M, Peak:18.93M | Scene, ViewLayer | Sample 32/32
Fra:64 Mem:37.23M (Peak 53.05M) | Time:00:12.65 | Mem:18.93M, Peak:18.93M | Scene, ViewLayer | Finished
Saved: '/home/runner/work/chaosim/chaosim/outputs/renders/paper_to_cloth_frames/frame_0064.png'
Time: 00:12.70 (Saving: 00:00.05)

Fra:65 Mem:12.19M (Peak 53.05M) | Time:00:00.00 | Mem:0.00M, Peak:0.00M | Scene, ViewLayer | Synchronizing object | ClothKey
Fra:65 Mem:12.19M (Peak 53.05M) | Time:00:00.00 | Mem:0.00M, Peak:0.00M | Scene, ViewLayer | Synchronizing object | ClothRim
Fra:65 Mem:12.19M (Peak 53.05M) | Time:00:00.00 | Mem:0.00M, Peak:0.00M | Scene, ViewLayer | Synchronizing object | FacesLabel
Fra:65 Mem:12.22M (Peak 53.05M) | Time:00:00.00 | Mem:0.00M, Peak:0.00M | Scene, ViewLayer | Synchronizing object | Sheet
Fra:65 Mem:12.42M (Peak 53.05M) | Time:00:00.00 | Mem:0.00M, Peak:0.00M | Scene, ViewLayer | Synchronizing object | GlassSphere
Fra:65 Mem:12.62M (Peak 53.05M) | Time:00:00.00 | Mem:0.00M, Peak:0.00M | Scene, ViewLayer | Initializing
Fra:65 Mem:10.71M (Peak 53.05M) | Time:00:00.00 | Mem:0.00M, Peak:0.00M | Scene, ViewLayer | Waiting for render to start
Fra:65 Mem:10.71M (Peak 53.05M) | Time:00:00.00 | Mem:0.00M, Peak:0.00M | Scene, ViewLayer | Updating Scene
Fra:65 Mem:10.71M (Peak 53.05M) | Time:00:00.00 | Mem:0.00M, Peak:0.00M | Scene, ViewLayer | Updating Shaders
Fra:65 Mem:10.71M (Peak 53.05M) | Time:00:00.00 | Mem:0.00M, Peak:0.00M | Scene, ViewLayer | Loading render kernels (may take a few minutes the first time)
Fra:65 Mem:10.79M (Peak 53.05M) | Time:00:00.00 | Mem:0.00M, Peak:0.00M | Scene, ViewLayer | Updating Procedurals
Fra:65 Mem:10.79M (Peak 53.05M) | Time:00:00.00 | Mem:0.00M, Peak:0.00M | Scene, ViewLayer | Updating Background
Fra:65 Mem:10.79M (Peak 53.05M) | Time:00:00.00 | Mem:0.00M, Peak:0.00M | Scene, ViewLayer | Updating Camera
Fra:65 Mem:10.79M (Peak 53.05M) | Time:00:00.00 | Mem:0.00M, Peak:0.00M | Scene, ViewLayer | Updating Meshes Flags
Fra:65 Mem:10.79M (Peak 53.05M) | Time:00:00.00 | Mem:0.00M, Peak:0.00M | Scene, ViewLayer | Updating Objects
Fra:65 Mem:10.79M (Peak 53.05M) | Time:00:00.00 | Mem:0.00M, Peak:0.00M | Scene, ViewLayer | Updating Objects | Copying Transformations to device
Fra:65 Mem:10.80M (Peak 53.05M) | Time:00:00.00 | Mem:0.01M, Peak:0.01M | Scene, ViewLayer | Updating Particle Systems
Fra:65 Mem:10.80M (Peak 53.05M) | Time:00:00.00 | Mem:0.01M, Peak:0.01M | Scene, ViewLayer | Updating Particle Systems | Copying Particles to device
Fra:65 Mem:10.80M (Peak 53.05M) | Time:00:00.00 | Mem:0.01M, Peak:0.01M | Scene, ViewLayer | Updating Meshes
Fra:65 Mem:10.80M (Peak 53.05M) | Time:00:00.00 | Mem:0.01M, Peak:0.01M | Scene, ViewLayer | Updating Objects | Applying Static Transformations
Fra:65 Mem:10.80M (Peak 53.05M) | Time:00:00.00 | Mem:0.01M, Peak:0.01M | Scene, ViewLayer | Updating Mesh | Computing attributes
Fra:65 Mem:10.84M (Peak 53.05M) | Time:00:00.00 | Mem:0.01M, Peak:0.01M | Scene, ViewLayer | Updating Mesh | Copying Attributes to device
Fra:65 Mem:10.84M (Peak 53.05M) | Time:00:00.00 | Mem:0.05M, Peak:0.05M | Scene, ViewLayer | Updating Scene BVH | Building
Fra:65 Mem:10.84M (Peak 53.05M) | Time:00:00.00 | Mem:0.05M, Peak:0.05M | Scene, ViewLayer | Updating Scene BVH | Building BVH
Fra:65 Mem:10.84M (Peak 53.05M) | Time:00:00.00 | Mem:0.21M, Peak:0.21M | Scene, ViewLayer | Updating Scene BVH | Building BVH 0%
Fra:65 Mem:10.84M (Peak 53.05M) | Time:00:00.00 | Mem:0.41M, Peak:0.57M | Scene, ViewLayer | Updating Scene BVH | Copying BVH to device
Fra:65 Mem:10.84M (Peak 53.05M) | Time:00:00.00 | Mem:0.41M, Peak:0.57M | Scene, ViewLayer | Updating Mesh | Computing normals
Fra:65 Mem:11.01M (Peak 53.05M) | Time:00:00.00 | Mem:0.41M, Peak:0.57M | Scene, ViewLayer | Updating Mesh | Copying Mesh to device
Fra:65 Mem:11.01M (Peak 53.05M) | Time:00:00.00 | Mem:0.58M, Peak:0.58M | Scene, ViewLayer | Updating Objects Flags
Fra:65 Mem:11.01M (Peak 53.05M) | Time:00:00.00 | Mem:0.58M, Peak:0.58M | Scene, ViewLayer | Updating Primitive Offsets
Fra:65 Mem:11.01M (Peak 53.05M) | Time:00:00.00 | Mem:0.58M, Peak:0.58M | Scene, ViewLayer | Updating Images
Fra:65 Mem:11.01M (Peak 53.05M) | Time:00:00.00 | Mem:0.58M, Peak:0.58M | Scene, ViewLayer | Updating Camera Volume
Fra:65 Mem:11.01M (Peak 53.05M) | Time:00:00.00 | Mem:0.58M, Peak:0.58M | Scene, ViewLayer | Updating Lookup Tables
Fra:65 Mem:11.01M (Peak 53.05M) | Time:00:00.00 | Mem:0.66M, Peak:0.66M | Scene, ViewLayer | Updating Lights
Fra:65 Mem:11.02M (Peak 53.05M) | Time:00:00.00 | Mem:0.66M, Peak:0.66M | Scene, ViewLayer | Updating Lights | Computing tree
Fra:65 Mem:11.48M (Peak 53.05M) | Time:00:00.02 | Mem:1.13M, Peak:1.13M | Scene, ViewLayer | Updating Integrator
Fra:65 Mem:11.48M (Peak 53.05M) | Time:00:00.02 | Mem:1.13M, Peak:1.13M | Scene, ViewLayer | Updating Film
Fra:65 Mem:11.48M (Peak 53.05M) | Time:00:00.02 | Mem:1.04M, Peak:1.13M | Scene, ViewLayer | Updating Lookup Tables
Fra:65 Mem:11.48M (Peak 53.05M) | Time:00:00.02 | Mem:1.13M, Peak:1.13M | Scene, ViewLayer | Updating Baking
Fra:65 Mem:11.48M (Peak 53.05M) | Time:00:00.02 | Mem:1.13M, Peak:1.13M | Scene, ViewLayer | Updating Device | Writing constant memory
Fra:65 Mem:11.48M (Peak 53.05M) | Time:00:00.02 | Mem:1.13M, Peak:1.13M | Scene, ViewLayer | Sample 0/32
Fra:65 Mem:29.32M (Peak 53.05M) | Time:00:00.39 | Remaining:00:11.46 | Mem:18.93M, Peak:18.93M | Scene, ViewLayer | Sample 1/32
Fra:65 Mem:37.23M (Peak 53.05M) | Time:00:11.94 | Mem:18.93M, Peak:18.93M | Scene, ViewLayer | Sample 32/32
Fra:65 Mem:37.23M (Peak 53.05M) | Time:00:11.94 | Mem:18.93M, Peak:18.93M | Scene, ViewLayer | Finished
Saved: '/home/runner/work/chaosim/chaosim/outputs/renders/paper_to_cloth_frames/frame_0065.png'
Time: 00:11.99 (Saving: 00:00.05)

Fra:66 Mem:12.19M (Peak 53.05M) | Time:00:00.00 | Mem:0.00M, Peak:0.00M | Scene, ViewLayer | Synchronizing object | ClothKey
Fra:66 Mem:12.19M (Peak 53.05M) | Time:00:00.00 | Mem:0.00M, Peak:0.00M | Scene, ViewLayer | Synchronizing object | ClothRim
Fra:66 Mem:12.19M (Peak 53.05M) | Time:00:00.00 | Mem:0.00M, Peak:0.00M | Scene, ViewLayer | Synchronizing object | Sheet
Fra:66 Mem:12.19M (Peak 53.05M) | Time:00:00.00 | Mem:0.00M, Peak:0.00M | Scene, ViewLayer | Synchronizing object | FacesLabel
Fra:66 Mem:12.24M (Peak 53.05M) | Time:00:00.00 | Mem:0.00M, Peak:0.00M | Scene, ViewLayer | Synchronizing object | GlassSphere
Fra:66 Mem:12.62M (Peak 53.05M) | Time:00:00.00 | Mem:0.00M, Peak:0.00M | Scene, ViewLayer | Initializing
Fra:66 Mem:10.71M (Peak 53.05M) | Time:00:00.00 | Mem:0.00M, Peak:0.00M | Scene, ViewLayer | Waiting for render to start
Fra:66 Mem:10.71M (Peak 53.05M) | Time:00:00.00 | Mem:0.00M, Peak:0.00M | Scene, ViewLayer | Updating Scene
Fra:66 Mem:10.71M (Peak 53.05M) | Time:00:00.00 | Mem:0.00M, Peak:0.00M | Scene, ViewLayer | Updating Shaders
Fra:66 Mem:10.71M (Peak 53.05M) | Time:00:00.00 | Mem:0.00M, Peak:0.00M | Scene, ViewLayer | Loading render kernels (may take a few minutes the first time)
Fra:66 Mem:10.79M (Peak 53.05M) | Time:00:00.00 | Mem:0.00M, Peak:0.00M | Scene, ViewLayer | Updating Procedurals
Fra:66 Mem:10.79M (Peak 53.05M) | Time:00:00.00 | Mem:0.00M, Peak:0.00M | Scene, ViewLayer | Updating Background
Fra:66 Mem:10.79M (Peak 53.05M) | Time:00:00.00 | Mem:0.00M, Peak:0.00M | Scene, ViewLayer | Updating Camera
Fra:66 Mem:10.79M (Peak 53.05M) | Time:00:00.00 | Mem:0.00M, Peak:0.00M | Scene, ViewLayer | Updating Meshes Flags
Fra:66 Mem:10.79M (Peak 53.05M) | Time:00:00.00 | Mem:0.00M, Peak:0.00M | Scene, ViewLayer | Updating Objects
Fra:66 Mem:10.79M (Peak 53.05M) | Time:00:00.00 | Mem:0.00M, Peak:0.00M | Scene, ViewLayer | Updating Objects | Copying Transformations to device
Fra:66 Mem:10.80M (Peak 53.05M) | Time:00:00.00 | Mem:0.01M, Peak:0.01M | Scene, ViewLayer | Updating Particle Systems
Fra:66 Mem:10.80M (Peak 53.05M) | Time:00:00.00 | Mem:0.01M, Peak:0.01M | Scene, ViewLayer | Updating Particle Systems | Copying Particles to device
Fra:66 Mem:10.80M (Peak 53.05M) | Time:00:00.00 | Mem:0.01M, Peak:0.01M | Scene, ViewLayer | Updating Meshes
Fra:66 Mem:10.80M (Peak 53.05M) | Time:00:00.00 | Mem:0.01M, Peak:0.01M | Scene, ViewLayer | Updating Objects | Applying Static Transformations
Fra:66 Mem:10.80M (Peak 53.05M) | Time:00:00.00 | Mem:0.01M, Peak:0.01M | Scene, ViewLayer | Updating Mesh | Computing attributes
Fra:66 Mem:10.84M (Peak 53.05M) | Time:00:00.00 | Mem:0.01M, Peak:0.01M | Scene, ViewLayer | Updating Mesh | Copying Attributes to device
Fra:66 Mem:10.84M (Peak 53.05M) | Time:00:00.00 | Mem:0.05M, Peak:0.05M | Scene, ViewLayer | Updating Scene BVH | Building
Fra:66 Mem:10.84M (Peak 53.05M) | Time:00:00.00 | Mem:0.05M, Peak:0.05M | Scene, ViewLayer | Updating Scene BVH | Building BVH
Fra:66 Mem:10.84M (Peak 53.05M) | Time:00:00.00 | Mem:0.21M, Peak:0.21M | Scene, ViewLayer | Updating Scene BVH | Building BVH 0%
Fra:66 Mem:10.84M (Peak 53.05M) | Time:00:00.00 | Mem:0.41M, Peak:0.57M | Scene, ViewLayer | Updating Scene BVH | Copying BVH to device
Fra:66 Mem:10.84M (Peak 53.05M) | Time:00:00.00 | Mem:0.41M, Peak:0.57M | Scene, ViewLayer | Updating Mesh | Computing normals
Fra:66 Mem:11.01M (Peak 53.05M) | Time:00:00.00 | Mem:0.41M, Peak:0.57M | Scene, ViewLayer | Updating Mesh | Copying Mesh to device
Fra:66 Mem:11.01M (Peak 53.05M) | Time:00:00.00 | Mem:0.58M, Peak:0.58M | Scene, ViewLayer | Updating Objects Flags
Fra:66 Mem:11.01M (Peak 53.05M) | Time:00:00.00 | Mem:0.58M, Peak:0.58M | Scene, ViewLayer | Updating Primitive Offsets
Fra:66 Mem:11.01M (Peak 53.05M) | Time:00:00.00 | Mem:0.58M, Peak:0.58M | Scene, ViewLayer | Updating Images
Fra:66 Mem:11.01M (Peak 53.05M) | Time:00:00.00 | Mem:0.58M, Peak:0.58M | Scene, ViewLayer | Updating Camera Volume
Fra:66 Mem:11.01M (Peak 53.05M) | Time:00:00.00 | Mem:0.58M, Peak:0.58M | Scene, ViewLayer | Updating Lookup Tables
Fra:66 Mem:11.01M (Peak 53.05M) | Time:00:00.00 | Mem:0.66M, Peak:0.66M | Scene, ViewLayer | Updating Lights
Fra:66 Mem:11.02M (Peak 53.05M) | Time:00:00.00 | Mem:0.66M, Peak:0.66M | Scene, ViewLayer | Updating Lights | Computing tree
Fra:66 Mem:11.48M (Peak 53.05M) | Time:00:00.02 | Mem:1.13M, Peak:1.13M | Scene, ViewLayer | Updating Integrator
Fra:66 Mem:11.48M (Peak 53.05M) | Time:00:00.02 | Mem:1.13M, Peak:1.13M | Scene, ViewLayer | Updating Film
Fra:66 Mem:11.48M (Peak 53.05M) | Time:00:00.02 | Mem:1.04M, Peak:1.13M | Scene, ViewLayer | Updating Lookup Tables
Fra:66 Mem:11.48M (Peak 53.05M) | Time:00:00.02 | Mem:1.13M, Peak:1.13M | Scene, ViewLayer | Updating Baking
Fra:66 Mem:11.48M (Peak 53.05M) | Time:00:00.02 | Mem:1.13M, Peak:1.13M | Scene, ViewLayer | Updating Device | Writing constant memory
Fra:66 Mem:11.48M (Peak 53.05M) | Time:00:00.02 | Mem:1.13M, Peak:1.13M | Scene, ViewLayer | Sample 0/32
Fra:66 Mem:29.32M (Peak 53.05M) | Time:00:00.37 | Remaining:00:10.99 | Mem:18.93M, Peak:18.93M | Scene, ViewLayer | Sample 1/32
Fra:66 Mem:37.23M (Peak 53.05M) | Time:00:11.44 | Mem:18.93M, Peak:18.93M | Scene, ViewLayer | Sample 32/32
Fra:66 Mem:37.23M (Peak 53.05M) | Time:00:11.44 | Mem:18.93M, Peak:18.93M | Scene, ViewLayer | Finished
Saved: '/home/runner/work/chaosim/chaosim/outputs/renders/paper_to_cloth_frames/frame_0066.png'
Time: 00:11.50 (Saving: 00:00.05)

Fra:67 Mem:12.19M (Peak 53.05M) | Time:00:00.00 | Mem:0.00M, Peak:0.00M | Scene, ViewLayer | Synchronizing object | ClothKey
Fra:67 Mem:12.19M (Peak 53.05M) | Time:00:00.00 | Mem:0.00M, Peak:0.00M | Scene, ViewLayer | Synchronizing object | ClothRim
Fra:67 Mem:12.19M (Peak 53.05M) | Time:00:00.00 | Mem:0.00M, Peak:0.00M | Scene, ViewLayer | Synchronizing object | Rod
Fra:67 Mem:12.19M (Peak 53.05M) | Time:00:00.00 | Mem:0.00M, Peak:0.00M | Scene, ViewLayer | Synchronizing object | GlassSphere
Fra:67 Mem:12.62M (Peak 53.05M) | Time:00:00.00 | Mem:0.00M, Peak:0.00M | Scene, ViewLayer | Initializing
Fra:67 Mem:10.71M (Peak 53.05M) | Time:00:00.00 | Mem:0.00M, Peak:0.00M | Scene, ViewLayer | Waiting for render to start
Fra:67 Mem:10.71M (Peak 53.05M) | Time:00:00.00 | Mem:0.00M, Peak:0.00M | Scene, ViewLayer | Updating Scene
Fra:67 Mem:10.71M (Peak 53.05M) | Time:00:00.00 | Mem:0.00M, Peak:0.00M | Scene, ViewLayer | Updating Shaders
Fra:67 Mem:10.71M (Peak 53.05M) | Time:00:00.00 | Mem:0.00M, Peak:0.00M | Scene, ViewLayer | Loading render kernels (may take a few minutes the first time)
Fra:67 Mem:10.79M (Peak 53.05M) | Time:00:00.00 | Mem:0.00M, Peak:0.00M | Scene, ViewLayer | Updating Procedurals
Fra:67 Mem:10.79M (Peak 53.05M) | Time:00:00.00 | Mem:0.00M, Peak:0.00M | Scene, ViewLayer | Updating Background
Fra:67 Mem:10.79M (Peak 53.05M) | Time:00:00.00 | Mem:0.00M, Peak:0.00M | Scene, ViewLayer | Updating Camera
Fra:67 Mem:10.79M (Peak 53.05M) | Time:00:00.00 | Mem:0.00M, Peak:0.00M | Scene, ViewLayer | Updating Meshes Flags
Fra:67 Mem:10.79M (Peak 53.05M) | Time:00:00.00 | Mem:0.00M, Peak:0.00M | Scene, ViewLayer | Updating Objects
Fra:67 Mem:10.79M (Peak 53.05M) | Time:00:00.00 | Mem:0.00M, Peak:0.00M | Scene, ViewLayer | Updating Objects | Copying Transformations to device
Fra:67 Mem:10.80M (Peak 53.05M) | Time:00:00.00 | Mem:0.01M, Peak:0.01M | Scene, ViewLayer | Updating Particle Systems
Fra:67 Mem:10.80M (Peak 53.05M) | Time:00:00.00 | Mem:0.01M, Peak:0.01M | Scene, ViewLayer | Updating Particle Systems | Copying Particles to device
Fra:67 Mem:10.80M (Peak 53.05M) | Time:00:00.00 | Mem:0.01M, Peak:0.01M | Scene, ViewLayer | Updating Meshes
Fra:67 Mem:10.80M (Peak 53.05M) | Time:00:00.00 | Mem:0.01M, Peak:0.01M | Scene, ViewLayer | Updating Objects | Applying Static Transformations
Fra:67 Mem:10.80M (Peak 53.05M) | Time:00:00.00 | Mem:0.01M, Peak:0.01M | Scene, ViewLayer | Updating Mesh | Computing attributes
Fra:67 Mem:10.84M (Peak 53.05M) | Time:00:00.00 | Mem:0.01M, Peak:0.01M | Scene, ViewLayer | Updating Mesh | Copying Attributes to device
Fra:67 Mem:10.84M (Peak 53.05M) | Time:00:00.00 | Mem:0.05M, Peak:0.05M | Scene, ViewLayer | Updating Scene BVH | Building
Fra:67 Mem:10.84M (Peak 53.05M) | Time:00:00.00 | Mem:0.05M, Peak:0.05M | Scene, ViewLayer | Updating Scene BVH | Building BVH
Fra:67 Mem:10.84M (Peak 53.05M) | Time:00:00.00 | Mem:0.21M, Peak:0.21M | Scene, ViewLayer | Updating Scene BVH | Building BVH 0%
Fra:67 Mem:10.84M (Peak 53.05M) | Time:00:00.00 | Mem:0.41M, Peak:0.57M | Scene, ViewLayer | Updating Scene BVH | Copying BVH to device
Fra:67 Mem:10.84M (Peak 53.05M) | Time:00:00.00 | Mem:0.41M, Peak:0.57M | Scene, ViewLayer | Updating Mesh | Computing normals
Fra:67 Mem:11.01M (Peak 53.05M) | Time:00:00.00 | Mem:0.41M, Peak:0.57M | Scene, ViewLayer | Updating Mesh | Copying Mesh to device
Fra:67 Mem:11.01M (Peak 53.05M) | Time:00:00.00 | Mem:0.58M, Peak:0.58M | Scene, ViewLayer | Updating Objects Flags
Fra:67 Mem:11.01M (Peak 53.05M) | Time:00:00.00 | Mem:0.58M, Peak:0.58M | Scene, ViewLayer | Updating Primitive Offsets
Fra:67 Mem:11.01M (Peak 53.05M) | Time:00:00.00 | Mem:0.58M, Peak:0.58M | Scene, ViewLayer | Updating Images
Fra:67 Mem:11.01M (Peak 53.05M) | Time:00:00.00 | Mem:0.58M, Peak:0.58M | Scene, ViewLayer | Updating Camera Volume
Fra:67 Mem:11.01M (Peak 53.05M) | Time:00:00.00 | Mem:0.58M, Peak:0.58M | Scene, ViewLayer | Updating Lookup Tables
Fra:67 Mem:11.01M (Peak 53.05M) | Time:00:00.00 | Mem:0.66M, Peak:0.66M | Scene, ViewLayer | Updating Lights
Fra:67 Mem:11.02M (Peak 53.05M) | Time:00:00.00 | Mem:0.66M, Peak:0.66M | Scene, ViewLayer | Updating Lights | Computing tree
Fra:67 Mem:11.48M (Peak 53.05M) | Time:00:00.02 | Mem:1.13M, Peak:1.13M | Scene, ViewLayer | Updating Integrator
Fra:67 Mem:11.48M (Peak 53.05M) | Time:00:00.02 | Mem:1.13M, Peak:1.13M | Scene, ViewLayer | Updating Film
Fra:67 Mem:11.48M (Peak 53.05M) | Time:00:00.02 | Mem:1.04M, Peak:1.13M | Scene, ViewLayer | Updating Lookup Tables
Fra:67 Mem:11.48M (Peak 53.05M) | Time:00:00.02 | Mem:1.13M, Peak:1.13M | Scene, ViewLayer | Updating Baking
Fra:67 Mem:11.48M (Peak 53.05M) | Time:00:00.02 | Mem:1.13M, Peak:1.13M | Scene, ViewLayer | Updating Device | Writing constant memory
Fra:67 Mem:11.48M (Peak 53.05M) | Time:00:00.02 | Mem:1.13M, Peak:1.13M | Scene, ViewLayer | Sample 0/32
Fra:67 Mem:29.32M (Peak 53.05M) | Time:00:00.35 | Remaining:00:10.49 | Mem:18.93M, Peak:18.93M | Scene, ViewLayer | Sample 1/32
Fra:67 Mem:37.23M (Peak 53.05M) | Time:00:10.80 | Mem:18.93M, Peak:18.93M | Scene, ViewLayer | Sample 32/32
Fra:67 Mem:37.23M (Peak 53.05M) | Time:00:10.80 | Mem:18.93M, Peak:18.93M | Scene, ViewLayer | Finished
Saved: '/home/runner/work/chaosim/chaosim/outputs/renders/paper_to_cloth_frames/frame_0067.png'
Time: 00:10.86 (Saving: 00:00.05)

Fra:68 Mem:12.19M (Peak 53.05M) | Time:00:00.00 | Mem:0.00M, Peak:0.00M | Scene, ViewLayer | Synchronizing object | ClothKey
Fra:68 Mem:12.19M (Peak 53.05M) | Time:00:00.00 | Mem:0.00M, Peak:0.00M | Scene, ViewLayer | Synchronizing object | Rod
Fra:68 Mem:12.19M (Peak 53.05M) | Time:00:00.00 | Mem:0.00M, Peak:0.00M | Scene, ViewLayer | Synchronizing object | FacesLabel
Fra:68 Mem:12.22M (Peak 53.05M) | Time:00:00.00 | Mem:0.00M, Peak:0.00M | Scene, ViewLayer | Synchronizing object | Sheet
Fra:68 Mem:12.46M (Peak 53.05M) | Time:00:00.00 | Mem:0.00M, Peak:0.00M | Scene, ViewLayer | Synchronizing object | GlassSphere
Fra:68 Mem:12.62M (Peak 53.05M) | Time:00:00.00 | Mem:0.00M, Peak:0.00M | Scene, ViewLayer | Initializing
Fra:68 Mem:10.71M (Peak 53.05M) | Time:00:00.00 | Mem:0.00M, Peak:0.00M | Scene, ViewLayer | Waiting for render to start
Fra:68 Mem:10.71M (Peak 53.05M) | Time:00:00.00 | Mem:0.00M, Peak:0.00M | Scene, ViewLayer | Updating Scene
Fra:68 Mem:10.71M (Peak 53.05M) | Time:00:00.00 | Mem:0.00M, Peak:0.00M | Scene, ViewLayer | Updating Shaders
Fra:68 Mem:10.71M (Peak 53.05M) | Time:00:00.00 | Mem:0.00M, Peak:0.00M | Scene, ViewLayer | Loading render kernels (may take a few minutes the first time)
Fra:68 Mem:10.79M (Peak 53.05M) | Time:00:00.00 | Mem:0.00M, Peak:0.00M | Scene, ViewLayer | Updating Procedurals
Fra:68 Mem:10.79M (Peak 53.05M) | Time:00:00.00 | Mem:0.00M, Peak:0.00M | Scene, ViewLayer | Updating Background
Fra:68 Mem:10.79M (Peak 53.05M) | Time:00:00.00 | Mem:0.00M, Peak:0.00M | Scene, ViewLayer | Updating Camera
Fra:68 Mem:10.79M (Peak 53.05M) | Time:00:00.00 | Mem:0.00M, Peak:0.00M | Scene, ViewLayer | Updating Meshes Flags
Fra:68 Mem:10.79M (Peak 53.05M) | Time:00:00.00 | Mem:0.00M, Peak:0.00M | Scene, ViewLayer | Updating Objects
Fra:68 Mem:10.79M (Peak 53.05M) | Time:00:00.00 | Mem:0.00M, Peak:0.00M | Scene, ViewLayer | Updating Objects | Copying Transformations to device
Fra:68 Mem:10.80M (Peak 53.05M) | Time:00:00.00 | Mem:0.01M, Peak:0.01M | Scene, ViewLayer | Updating Particle Systems
Fra:68 Mem:10.80M (Peak 53.05M) | Time:00:00.00 | Mem:0.01M, Peak:0.01M | Scene, ViewLayer | Updating Particle Systems | Copying Particles to device
Fra:68 Mem:10.80M (Peak 53.05M) | Time:00:00.00 | Mem:0.01M, Peak:0.01M | Scene, ViewLayer | Updating Meshes
Fra:68 Mem:10.80M (Peak 53.05M) | Time:00:00.00 | Mem:0.01M, Peak:0.01M | Scene, ViewLayer | Updating Objects | Applying Static Transformations
Fra:68 Mem:10.80M (Peak 53.05M) | Time:00:00.00 | Mem:0.01M, Peak:0.01M | Scene, ViewLayer | Updating Mesh | Computing attributes
Fra:68 Mem:10.84M (Peak 53.05M) | Time:00:00.00 | Mem:0.01M, Peak:0.01M | Scene, ViewLayer | Updating Mesh | Copying Attributes to device
Fra:68 Mem:10.84M (Peak 53.05M) | Time:00:00.00 | Mem:0.05M, Peak:0.05M | Scene, ViewLayer | Updating Scene BVH | Building
Fra:68 Mem:10.84M (Peak 53.05M) | Time:00:00.00 | Mem:0.05M, Peak:0.05M | Scene, ViewLayer | Updating Scene BVH | Building BVH
Fra:68 Mem:10.84M (Peak 53.05M) | Time:00:00.00 | Mem:0.21M, Peak:0.21M | Scene, ViewLayer | Updating Scene BVH | Building BVH 0%
Fra:68 Mem:10.84M (Peak 53.05M) | Time:00:00.00 | Mem:0.41M, Peak:0.57M | Scene, ViewLayer | Updating Scene BVH | Copying BVH to device
Fra:68 Mem:10.84M (Peak 53.05M) | Time:00:00.00 | Mem:0.41M, Peak:0.57M | Scene, ViewLayer | Updating Mesh | Computing normals
Fra:68 Mem:11.01M (Peak 53.05M) | Time:00:00.00 | Mem:0.41M, Peak:0.57M | Scene, ViewLayer | Updating Mesh | Copying Mesh to device
Fra:68 Mem:11.01M (Peak 53.05M) | Time:00:00.00 | Mem:0.58M, Peak:0.58M | Scene, ViewLayer | Updating Objects Flags
Fra:68 Mem:11.01M (Peak 53.05M) | Time:00:00.00 | Mem:0.58M, Peak:0.58M | Scene, ViewLayer | Updating Primitive Offsets
Fra:68 Mem:11.01M (Peak 53.05M) | Time:00:00.00 | Mem:0.58M, Peak:0.58M | Scene, ViewLayer | Updating Images
Fra:68 Mem:11.01M (Peak 53.05M) | Time:00:00.00 | Mem:0.58M, Peak:0.58M | Scene, ViewLayer | Updating Camera Volume
Fra:68 Mem:11.01M (Peak 53.05M) | Time:00:00.00 | Mem:0.58M, Peak:0.58M | Scene, ViewLayer | Updating Lookup Tables
Fra:68 Mem:11.01M (Peak 53.05M) | Time:00:00.00 | Mem:0.66M, Peak:0.66M | Scene, ViewLayer | Updating Lights
Fra:68 Mem:11.02M (Peak 53.05M) | Time:00:00.00 | Mem:0.66M, Peak:0.66M | Scene, ViewLayer | Updating Lights | Computing tree
Fra:68 Mem:11.48M (Peak 53.05M) | Time:00:00.02 | Mem:1.13M, Peak:1.13M | Scene, ViewLayer | Updating Integrator
Fra:68 Mem:11.48M (Peak 53.05M) | Time:00:00.02 | Mem:1.13M, Peak:1.13M | Scene, ViewLayer | Updating Film
Fra:68 Mem:11.48M (Peak 53.05M) | Time:00:00.02 | Mem:1.04M, Peak:1.13M | Scene, ViewLayer | Updating Lookup Tables
Fra:68 Mem:11.48M (Peak 53.05M) | Time:00:00.02 | Mem:1.13M, Peak:1.13M | Scene, ViewLayer | Updating Baking
Fra:68 Mem:11.48M (Peak 53.05M) | Time:00:00.02 | Mem:1.13M, Peak:1.13M | Scene, ViewLayer | Updating Device | Writing constant memory
Fra:68 Mem:11.48M (Peak 53.05M) | Time:00:00.02 | Mem:1.13M, Peak:1.13M | Scene, ViewLayer | Sample 0/32
Fra:68 Mem:29.32M (Peak 53.05M) | Time:00:00.34 | Remaining:00:09.91 | Mem:18.93M, Peak:18.93M | Scene, ViewLayer | Sample 1/32
Fra:68 Mem:37.23M (Peak 53.05M) | Time:00:10.29 | Mem:18.93M, Peak:18.93M | Scene, ViewLayer | Sample 32/32
Fra:68 Mem:37.23M (Peak 53.05M) | Time:00:10.29 | Mem:18.93M, Peak:18.93M | Scene, ViewLayer | Finished
Saved: '/home/runner/work/chaosim/chaosim/outputs/renders/paper_to_cloth_frames/frame_0068.png'
Time: 00:10.34 (Saving: 00:00.05)

Fra:69 Mem:12.19M (Peak 53.05M) | Time:00:00.00 | Mem:0.00M, Peak:0.00M | Scene, ViewLayer | Synchronizing object | ClothKey
Fra:69 Mem:12.19M (Peak 53.05M) | Time:00:00.00 | Mem:0.00M, Peak:0.00M | Scene, ViewLayer | Synchronizing object | ClothRim
Fra:69 Mem:12.19M (Peak 53.05M) | Time:00:00.00 | Mem:0.00M, Peak:0.00M | Scene, ViewLayer | Synchronizing object | FacesLabel
Fra:69 Mem:12.19M (Peak 53.05M) | Time:00:00.00 | Mem:0.00M, Peak:0.00M | Scene, ViewLayer | Synchronizing object | GlassSphere
Fra:69 Mem:12.62M (Peak 53.05M) | Time:00:00.00 | Mem:0.00M, Peak:0.00M | Scene, ViewLayer | Initializing
Fra:69 Mem:10.71M (Peak 53.05M) | Time:00:00.00 | Mem:0.00M, Peak:0.00M | Scene, ViewLayer | Waiting for render to start
Fra:69 Mem:10.71M (Peak 53.05M) | Time:00:00.00 | Mem:0.00M, Peak:0.00M | Scene, ViewLayer | Updating Scene
Fra:69 Mem:10.71M (Peak 53.05M) | Time:00:00.00 | Mem:0.00M, Peak:0.00M | Scene, ViewLayer | Updating Shaders
Fra:69 Mem:10.71M (Peak 53.05M) | Time:00:00.00 | Mem:0.00M, Peak:0.00M | Scene, ViewLayer | Loading render kernels (may take a few minutes the first time)
Fra:69 Mem:10.79M (Peak 53.05M) | Time:00:00.00 | Mem:0.00M, Peak:0.00M | Scene, ViewLayer | Updating Procedurals
Fra:69 Mem:10.79M (Peak 53.05M) | Time:00:00.00 | Mem:0.00M, Peak:0.00M | Scene, ViewLayer | Updating Background
Fra:69 Mem:10.79M (Peak 53.05M) | Time:00:00.00 | Mem:0.00M, Peak:0.00M | Scene, ViewLayer | Updating Camera
Fra:69 Mem:10.79M (Peak 53.05M) | Time:00:00.00 | Mem:0.00M, Peak:0.00M | Scene, ViewLayer | Updating Meshes Flags
Fra:69 Mem:10.79M (Peak 53.05M) | Time:00:00.00 | Mem:0.00M, Peak:0.00M | Scene, ViewLayer | Updating Objects
Fra:69 Mem:10.79M (Peak 53.05M) | Time:00:00.00 | Mem:0.00M, Peak:0.00M | Scene, ViewLayer | Updating Objects | Copying Transformations to device
Fra:69 Mem:10.80M (Peak 53.05M) | Time:00:00.00 | Mem:0.01M, Peak:0.01M | Scene, ViewLayer | Updating Particle Systems
Fra:69 Mem:10.80M (Peak 53.05M) | Time:00:00.00 | Mem:0.01M, Peak:0.01M | Scene, ViewLayer | Updating Particle Systems | Copying Particles to device
Fra:69 Mem:10.80M (Peak 53.05M) | Time:00:00.00 | Mem:0.01M, Peak:0.01M | Scene, ViewLayer | Updating Meshes
Fra:69 Mem:10.80M (Peak 53.05M) | Time:00:00.00 | Mem:0.01M, Peak:0.01M | Scene, ViewLayer | Updating Objects | Applying Static Transformations
Fra:69 Mem:10.80M (Peak 53.05M) | Time:00:00.00 | Mem:0.01M, Peak:0.01M | Scene, ViewLayer | Updating Mesh | Computing attributes
Fra:69 Mem:10.84M (Peak 53.05M) | Time:00:00.00 | Mem:0.01M, Peak:0.01M | Scene, ViewLayer | Updating Mesh | Copying Attributes to device
Fra:69 Mem:10.84M (Peak 53.05M) | Time:00:00.00 | Mem:0.05M, Peak:0.05M | Scene, ViewLayer | Updating Scene BVH | Building
Fra:69 Mem:10.84M (Peak 53.05M) | Time:00:00.00 | Mem:0.05M, Peak:0.05M | Scene, ViewLayer | Updating Scene BVH | Building BVH
Fra:69 Mem:10.84M (Peak 53.05M) | Time:00:00.00 | Mem:0.21M, Peak:0.21M | Scene, ViewLayer | Updating Scene BVH | Building BVH 0%
Fra:69 Mem:10.84M (Peak 53.05M) | Time:00:00.00 | Mem:0.39M, Peak:0.56M | Scene, ViewLayer | Updating Scene BVH | Copying BVH to device
Fra:69 Mem:10.84M (Peak 53.05M) | Time:00:00.00 | Mem:0.39M, Peak:0.56M | Scene, ViewLayer | Updating Mesh | Computing normals
Fra:69 Mem:11.01M (Peak 53.05M) | Time:00:00.00 | Mem:0.39M, Peak:0.56M | Scene, ViewLayer | Updating Mesh | Copying Mesh to device
Fra:69 Mem:11.01M (Peak 53.05M) | Time:00:00.00 | Mem:0.57M, Peak:0.57M | Scene, ViewLayer | Updating Objects Flags
Fra:69 Mem:11.01M (Peak 53.05M) | Time:00:00.00 | Mem:0.57M, Peak:0.57M | Scene, ViewLayer | Updating Primitive Offsets
Fra:69 Mem:11.01M (Peak 53.05M) | Time:00:00.00 | Mem:0.57M, Peak:0.57M | Scene, ViewLayer | Updating Images
Fra:69 Mem:11.01M (Peak 53.05M) | Time:00:00.00 | Mem:0.57M, Peak:0.57M | Scene, ViewLayer | Updating Camera Volume
Fra:69 Mem:11.01M (Peak 53.05M) | Time:00:00.00 | Mem:0.57M, Peak:0.57M | Scene, ViewLayer | Updating Lookup Tables
Fra:69 Mem:11.01M (Peak 53.05M) | Time:00:00.00 | Mem:0.65M, Peak:0.65M | Scene, ViewLayer | Updating Lights
Fra:69 Mem:11.02M (Peak 53.05M) | Time:00:00.00 | Mem:0.65M, Peak:0.65M | Scene, ViewLayer | Updating Lights | Computing tree
Fra:69 Mem:11.48M (Peak 53.05M) | Time:00:00.01 | Mem:1.11M, Peak:1.11M | Scene, ViewLayer | Updating Integrator
Fra:69 Mem:11.48M (Peak 53.05M) | Time:00:00.02 | Mem:1.11M, Peak:1.11M | Scene, ViewLayer | Updating Film
Fra:69 Mem:11.48M (Peak 53.05M) | Time:00:00.02 | Mem:1.03M, Peak:1.11M | Scene, ViewLayer | Updating Lookup Tables
Fra:69 Mem:11.48M (Peak 53.05M) | Time:00:00.02 | Mem:1.11M, Peak:1.11M | Scene, ViewLayer | Updating Baking
Fra:69 Mem:11.48M (Peak 53.05M) | Time:00:00.02 | Mem:1.11M, Peak:1.11M | Scene, ViewLayer | Updating Device | Writing constant memory
Fra:69 Mem:11.48M (Peak 53.05M) | Time:00:00.02 | Mem:1.11M, Peak:1.11M | Scene, ViewLayer | Sample 0/32
Fra:69 Mem:29.32M (Peak 53.05M) | Time:00:00.31 | Remaining:00:09.28 | Mem:18.91M, Peak:18.91M | Scene, ViewLayer | Sample 1/32
Fra:69 Mem:37.23M (Peak 53.05M) | Time:00:09.83 | Mem:18.91M, Peak:18.91M | Scene, ViewLayer | Sample 32/32
Fra:69 Mem:37.23M (Peak 53.05M) | Time:00:09.83 | Mem:18.91M, Peak:18.91M | Scene, ViewLayer | Finished
Saved: '/home/runner/work/chaosim/chaosim/outputs/renders/paper_to_cloth_frames/frame_0069.png'
Time: 00:09.89 (Saving: 00:00.05)

Fra:70 Mem:12.19M (Peak 53.05M) | Time:00:00.00 | Mem:0.00M, Peak:0.00M | Scene, ViewLayer | Synchronizing object | ClothKey
Fra:70 Mem:12.19M (Peak 53.05M) | Time:00:00.00 | Mem:0.00M, Peak:0.00M | Scene, ViewLayer | Synchronizing object | ClothRim
Fra:70 Mem:12.19M (Peak 53.05M) | Time:00:00.00 | Mem:0.00M, Peak:0.00M | Scene, ViewLayer | Synchronizing object | FacesLabel
Fra:70 Mem:12.19M (Peak 53.05M) | Time:00:00.00 | Mem:0.00M, Peak:0.00M | Scene, ViewLayer | Synchronizing object | Sheet
Fra:70 Mem:12.47M (Peak 53.05M) | Time:00:00.00 | Mem:0.00M, Peak:0.00M | Scene, ViewLayer | Synchronizing object | GlassSphere
Fra:70 Mem:12.62M (Peak 53.05M) | Time:00:00.00 | Mem:0.00M, Peak:0.00M | Scene, ViewLayer | Initializing
Fra:70 Mem:10.71M (Peak 53.05M) | Time:00:00.00 | Mem:0.00M, Peak:0.00M | Scene, ViewLayer | Waiting for render to start
Fra:70 Mem:10.71M (Peak 53.05M) | Time:00:00.00 | Mem:0.00M, Peak:0.00M | Scene, ViewLayer | Updating Scene
Fra:70 Mem:10.71M (Peak 53.05M) | Time:00:00.00 | Mem:0.00M, Peak:0.00M | Scene, ViewLayer | Updating Shaders
Fra:70 Mem:10.71M (Peak 53.05M) | Time:00:00.00 | Mem:0.00M, Peak:0.00M | Scene, ViewLayer | Loading render kernels (may take a few minutes the first time)
Fra:70 Mem:10.79M (Peak 53.05M) | Time:00:00.00 | Mem:0.00M, Peak:0.00M | Scene, ViewLayer | Updating Procedurals
Fra:70 Mem:10.79M (Peak 53.05M) | Time:00:00.00 | Mem:0.00M, Peak:0.00M | Scene, ViewLayer | Updating Background
Fra:70 Mem:10.79M (Peak 53.05M) | Time:00:00.00 | Mem:0.00M, Peak:0.00M | Scene, ViewLayer | Updating Camera
Fra:70 Mem:10.79M (Peak 53.05M) | Time:00:00.00 | Mem:0.00M, Peak:0.00M | Scene, ViewLayer | Updating Meshes Flags
Fra:70 Mem:10.79M (Peak 53.05M) | Time:00:00.00 | Mem:0.00M, Peak:0.00M | Scene, ViewLayer | Updating Objects
Fra:70 Mem:10.79M (Peak 53.05M) | Time:00:00.00 | Mem:0.00M, Peak:0.00M | Scene, ViewLayer | Updating Objects | Copying Transformations to device
Fra:70 Mem:10.80M (Peak 53.05M) | Time:00:00.00 | Mem:0.01M, Peak:0.01M | Scene, ViewLayer | Updating Particle Systems
Fra:70 Mem:10.80M (Peak 53.05M) | Time:00:00.00 | Mem:0.01M, Peak:0.01M | Scene, ViewLayer | Updating Particle Systems | Copying Particles to device
Fra:70 Mem:10.80M (Peak 53.05M) | Time:00:00.00 | Mem:0.01M, Peak:0.01M | Scene, ViewLayer | Updating Meshes
Fra:70 Mem:10.80M (Peak 53.05M) | Time:00:00.00 | Mem:0.01M, Peak:0.01M | Scene, ViewLayer | Updating Objects | Applying Static Transformations
Fra:70 Mem:10.80M (Peak 53.05M) | Time:00:00.00 | Mem:0.01M, Peak:0.01M | Scene, ViewLayer | Updating Mesh | Computing attributes
Fra:70 Mem:10.84M (Peak 53.05M) | Time:00:00.00 | Mem:0.01M, Peak:0.01M | Scene, ViewLayer | Updating Mesh | Copying Attributes to device
Fra:70 Mem:10.84M (Peak 53.05M) | Time:00:00.00 | Mem:0.05M, Peak:0.05M | Scene, ViewLayer | Updating Scene BVH | Building
Fra:70 Mem:10.84M (Peak 53.05M) | Time:00:00.00 | Mem:0.05M, Peak:0.05M | Scene, ViewLayer | Updating Scene BVH | Building BVH
Fra:70 Mem:10.84M (Peak 53.05M) | Time:00:00.00 | Mem:0.21M, Peak:0.21M | Scene, ViewLayer | Updating Scene BVH | Building BVH 0%
Fra:70 Mem:10.84M (Peak 53.05M) | Time:00:00.00 | Mem:0.39M, Peak:0.56M | Scene, ViewLayer | Updating Scene BVH | Copying BVH to device
Fra:70 Mem:10.84M (Peak 53.05M) | Time:00:00.00 | Mem:0.39M, Peak:0.56M | Scene, ViewLayer | Updating Mesh | Computing normals
Fra:70 Mem:11.01M (Peak 53.05M) | Time:00:00.00 | Mem:0.39M, Peak:0.56M | Scene, ViewLayer | Updating Mesh | Copying Mesh to device
Fra:70 Mem:11.01M (Peak 53.05M) | Time:00:00.00 | Mem:0.57M, Peak:0.57M | Scene, ViewLayer | Updating Objects Flags
Fra:70 Mem:11.01M (Peak 53.05M) | Time:00:00.00 | Mem:0.57M, Peak:0.57M | Scene, ViewLayer | Updating Primitive Offsets
Fra:70 Mem:11.01M (Peak 53.05M) | Time:00:00.00 | Mem:0.57M, Peak:0.57M | Scene, ViewLayer | Updating Images
Fra:70 Mem:11.01M (Peak 53.05M) | Time:00:00.00 | Mem:0.57M, Peak:0.57M | Scene, ViewLayer | Updating Camera Volume
Fra:70 Mem:11.01M (Peak 53.05M) | Time:00:00.00 | Mem:0.57M, Peak:0.57M | Scene, ViewLayer | Updating Lookup Tables
Fra:70 Mem:11.01M (Peak 53.05M) | Time:00:00.00 | Mem:0.65M, Peak:0.65M | Scene, ViewLayer | Updating Lights
Fra:70 Mem:11.02M (Peak 53.05M) | Time:00:00.00 | Mem:0.65M, Peak:0.65M | Scene, ViewLayer | Updating Lights | Computing tree
Fra:70 Mem:11.48M (Peak 53.05M) | Time:00:00.02 | Mem:1.11M, Peak:1.11M | Scene, ViewLayer | Updating Integrator
Fra:70 Mem:11.48M (Peak 53.05M) | Time:00:00.02 | Mem:1.11M, Peak:1.11M | Scene, ViewLayer | Updating Film
Fra:70 Mem:11.48M (Peak 53.05M) | Time:00:00.02 | Mem:1.03M, Peak:1.11M | Scene, ViewLayer | Updating Lookup Tables
Fra:70 Mem:11.48M (Peak 53.05M) | Time:00:00.02 | Mem:1.11M, Peak:1.11M | Scene, ViewLayer | Updating Baking
Fra:70 Mem:11.48M (Peak 53.05M) | Time:00:00.02 | Mem:1.11M, Peak:1.11M | Scene, ViewLayer | Updating Device | Writing constant memory
Fra:70 Mem:11.48M (Peak 53.05M) | Time:00:00.02 | Mem:1.11M, Peak:1.11M | Scene, ViewLayer | Sample 0/32
Fra:70 Mem:29.32M (Peak 53.05M) | Time:00:00.30 | Remaining:00:08.95 | Mem:18.91M, Peak:18.91M | Scene, ViewLayer | Sample 1/32
Fra:70 Mem:37.23M (Peak 53.05M) | Time:00:09.38 | Mem:18.91M, Peak:18.91M | Scene, ViewLayer | Sample 32/32
Fra:70 Mem:37.23M (Peak 53.05M) | Time:00:09.38 | Mem:18.91M, Peak:18.91M | Scene, ViewLayer | Finished
Saved: '/home/runner/work/chaosim/chaosim/outputs/renders/paper_to_cloth_frames/frame_0070.png'
Time: 00:09.44 (Saving: 00:00.05)

Fra:71 Mem:12.19M (Peak 53.05M) | Time:00:00.00 | Mem:0.00M, Peak:0.00M | Scene, ViewLayer | Synchronizing object | ClothKey
Fra:71 Mem:12.19M (Peak 53.05M) | Time:00:00.00 | Mem:0.00M, Peak:0.00M | Scene, ViewLayer | Synchronizing object | ClothRim
Fra:71 Mem:12.19M (Peak 53.05M) | Time:00:00.00 | Mem:0.00M, Peak:0.00M | Scene, ViewLayer | Synchronizing object | FacesLabel
Fra:71 Mem:12.19M (Peak 53.05M) | Time:00:00.00 | Mem:0.00M, Peak:0.00M | Scene, ViewLayer | Synchronizing object | Sheet
Fra:71 Mem:12.22M (Peak 53.05M) | Time:00:00.00 | Mem:0.00M, Peak:0.00M | Scene, ViewLayer | Synchronizing object | GlassSphere
Fra:71 Mem:12.62M (Peak 53.05M) | Time:00:00.00 | Mem:0.00M, Peak:0.00M | Scene, ViewLayer | Initializing
Fra:71 Mem:10.71M (Peak 53.05M) | Time:00:00.00 | Mem:0.00M, Peak:0.00M | Scene, ViewLayer | Waiting for render to start
Fra:71 Mem:10.71M (Peak 53.05M) | Time:00:00.00 | Mem:0.00M, Peak:0.00M | Scene, ViewLayer | Updating Scene
Fra:71 Mem:10.71M (Peak 53.05M) | Time:00:00.00 | Mem:0.00M, Peak:0.00M | Scene, ViewLayer | Updating Shaders
Fra:71 Mem:10.71M (Peak 53.05M) | Time:00:00.00 | Mem:0.00M, Peak:0.00M | Scene, ViewLayer | Loading render kernels (may take a few minutes the first time)
Fra:71 Mem:10.79M (Peak 53.05M) | Time:00:00.00 | Mem:0.00M, Peak:0.00M | Scene, ViewLayer | Updating Procedurals
Fra:71 Mem:10.79M (Peak 53.05M) | Time:00:00.00 | Mem:0.00M, Peak:0.00M | Scene, ViewLayer | Updating Background
Fra:71 Mem:10.79M (Peak 53.05M) | Time:00:00.00 | Mem:0.00M, Peak:0.00M | Scene, ViewLayer | Updating Camera
Fra:71 Mem:10.79M (Peak 53.05M) | Time:00:00.00 | Mem:0.00M, Peak:0.00M | Scene, ViewLayer | Updating Meshes Flags
Fra:71 Mem:10.79M (Peak 53.05M) | Time:00:00.00 | Mem:0.00M, Peak:0.00M | Scene, ViewLayer | Updating Objects
Fra:71 Mem:10.79M (Peak 53.05M) | Time:00:00.00 | Mem:0.00M, Peak:0.00M | Scene, ViewLayer | Updating Objects | Copying Transformations to device
Fra:71 Mem:10.80M (Peak 53.05M) | Time:00:00.00 | Mem:0.01M, Peak:0.01M | Scene, ViewLayer | Updating Particle Systems
Fra:71 Mem:10.80M (Peak 53.05M) | Time:00:00.00 | Mem:0.01M, Peak:0.01M | Scene, ViewLayer | Updating Particle Systems | Copying Particles to device
Fra:71 Mem:10.80M (Peak 53.05M) | Time:00:00.00 | Mem:0.01M, Peak:0.01M | Scene, ViewLayer | Updating Meshes
Fra:71 Mem:10.80M (Peak 53.05M) | Time:00:00.00 | Mem:0.01M, Peak:0.01M | Scene, ViewLayer | Updating Objects | Applying Static Transformations
Fra:71 Mem:10.80M (Peak 53.05M) | Time:00:00.00 | Mem:0.01M, Peak:0.01M | Scene, ViewLayer | Updating Mesh | Computing attributes
Fra:71 Mem:10.84M (Peak 53.05M) | Time:00:00.00 | Mem:0.01M, Peak:0.01M | Scene, ViewLayer | Updating Mesh | Copying Attributes to device
Fra:71 Mem:10.84M (Peak 53.05M) | Time:00:00.00 | Mem:0.05M, Peak:0.05M | Scene, ViewLayer | Updating Scene BVH | Building
Fra:71 Mem:10.84M (Peak 53.05M) | Time:00:00.00 | Mem:0.05M, Peak:0.05M | Scene, ViewLayer | Updating Scene BVH | Building BVH
Fra:71 Mem:10.84M (Peak 53.05M) | Time:00:00.00 | Mem:0.21M, Peak:0.21M | Scene, ViewLayer | Updating Scene BVH | Building BVH 0%
Fra:71 Mem:10.84M (Peak 53.05M) | Time:00:00.00 | Mem:0.39M, Peak:0.56M | Scene, ViewLayer | Updating Scene BVH | Copying BVH to device
Fra:71 Mem:10.84M (Peak 53.05M) | Time:00:00.00 | Mem:0.39M, Peak:0.56M | Scene, ViewLayer | Updating Mesh | Computing normals
Fra:71 Mem:11.01M (Peak 53.05M) | Time:00:00.00 | Mem:0.39M, Peak:0.56M | Scene, ViewLayer | Updating Mesh | Copying Mesh to device
Fra:71 Mem:11.01M (Peak 53.05M) | Time:00:00.00 | Mem:0.57M, Peak:0.57M | Scene, ViewLayer | Updating Objects Flags
Fra:71 Mem:11.01M (Peak 53.05M) | Time:00:00.00 | Mem:0.57M, Peak:0.57M | Scene, ViewLayer | Updating Primitive Offsets
Fra:71 Mem:11.01M (Peak 53.05M) | Time:00:00.00 | Mem:0.57M, Peak:0.57M | Scene, ViewLayer | Updating Images
Fra:71 Mem:11.01M (Peak 53.05M) | Time:00:00.00 | Mem:0.57M, Peak:0.57M | Scene, ViewLayer | Updating Camera Volume
Fra:71 Mem:11.01M (Peak 53.05M) | Time:00:00.00 | Mem:0.57M, Peak:0.57M | Scene, ViewLayer | Updating Lookup Tables
Fra:71 Mem:11.01M (Peak 53.05M) | Time:00:00.00 | Mem:0.65M, Peak:0.65M | Scene, ViewLayer | Updating Lights
Fra:71 Mem:11.02M (Peak 53.05M) | Time:00:00.00 | Mem:0.65M, Peak:0.65M | Scene, ViewLayer | Updating Lights | Computing tree
Fra:71 Mem:11.48M (Peak 53.05M) | Time:00:00.01 | Mem:1.11M, Peak:1.11M | Scene, ViewLayer | Updating Integrator
Fra:71 Mem:11.48M (Peak 53.05M) | Time:00:00.01 | Mem:1.11M, Peak:1.11M | Scene, ViewLayer | Updating Film
Fra:71 Mem:11.48M (Peak 53.05M) | Time:00:00.01 | Mem:1.03M, Peak:1.11M | Scene, ViewLayer | Updating Lookup Tables
Fra:71 Mem:11.48M (Peak 53.05M) | Time:00:00.01 | Mem:1.11M, Peak:1.11M | Scene, ViewLayer | Updating Baking
Fra:71 Mem:11.48M (Peak 53.05M) | Time:00:00.01 | Mem:1.11M, Peak:1.11M | Scene, ViewLayer | Updating Device | Writing constant memory
Fra:71 Mem:11.48M (Peak 53.05M) | Time:00:00.01 | Mem:1.11M, Peak:1.11M | Scene, ViewLayer | Sample 0/32
Fra:71 Mem:29.32M (Peak 53.05M) | Time:00:00.29 | Remaining:00:08.44 | Mem:18.91M, Peak:18.91M | Scene, ViewLayer | Sample 1/32
Fra:71 Mem:37.23M (Peak 53.05M) | Time:00:09.02 | Mem:18.91M, Peak:18.91M | Scene, ViewLayer | Sample 32/32
Fra:71 Mem:37.23M (Peak 53.05M) | Time:00:09.02 | Mem:18.91M, Peak:18.91M | Scene, ViewLayer | Finished
Saved: '/home/runner/work/chaosim/chaosim/outputs/renders/paper_to_cloth_frames/frame_0071.png'
Time: 00:09.07 (Saving: 00:00.05)

Fra:72 Mem:12.19M (Peak 53.05M) | Time:00:00.00 | Mem:0.00M, Peak:0.00M | Scene, ViewLayer | Synchronizing object | ClothKey
Fra:72 Mem:12.19M (Peak 53.05M) | Time:00:00.00 | Mem:0.00M, Peak:0.00M | Scene, ViewLayer | Synchronizing object | ClothRim
Fra:72 Mem:12.19M (Peak 53.05M) | Time:00:00.00 | Mem:0.00M, Peak:0.00M | Scene, ViewLayer | Synchronizing object | FacesLabel
Fra:72 Mem:12.19M (Peak 53.05M) | Time:00:00.00 | Mem:0.00M, Peak:0.00M | Scene, ViewLayer | Synchronizing object | Sheet
Fra:72 Mem:12.42M (Peak 53.05M) | Time:00:00.00 | Mem:0.00M, Peak:0.00M | Scene, ViewLayer | Synchronizing object | GlassSphere
Fra:72 Mem:12.62M (Peak 53.05M) | Time:00:00.00 | Mem:0.00M, Peak:0.00M | Scene, ViewLayer | Initializing
Fra:72 Mem:10.71M (Peak 53.05M) | Time:00:00.00 | Mem:0.00M, Peak:0.00M | Scene, ViewLayer | Waiting for render to start
Fra:72 Mem:10.71M (Peak 53.05M) | Time:00:00.00 | Mem:0.00M, Peak:0.00M | Scene, ViewLayer | Updating Scene
Fra:72 Mem:10.71M (Peak 53.05M) | Time:00:00.00 | Mem:0.00M, Peak:0.00M | Scene, ViewLayer | Updating Shaders
Fra:72 Mem:10.71M (Peak 53.05M) | Time:00:00.00 | Mem:0.00M, Peak:0.00M | Scene, ViewLayer | Loading render kernels (may take a few minutes the first time)
Fra:72 Mem:10.79M (Peak 53.05M) | Time:00:00.00 | Mem:0.00M, Peak:0.00M | Scene, ViewLayer | Updating Procedurals
Fra:72 Mem:10.79M (Peak 53.05M) | Time:00:00.00 | Mem:0.00M, Peak:0.00M | Scene, ViewLayer | Updating Background
Fra:72 Mem:10.79M (Peak 53.05M) | Time:00:00.00 | Mem:0.00M, Peak:0.00M | Scene, ViewLayer | Updating Camera
Fra:72 Mem:10.79M (Peak 53.05M) | Time:00:00.00 | Mem:0.00M, Peak:0.00M | Scene, ViewLayer | Updating Meshes Flags
Fra:72 Mem:10.79M (Peak 53.05M) | Time:00:00.00 | Mem:0.00M, Peak:0.00M | Scene, ViewLayer | Updating Objects
Fra:72 Mem:10.79M (Peak 53.05M) | Time:00:00.00 | Mem:0.00M, Peak:0.00M | Scene, ViewLayer | Updating Objects | Copying Transformations to device
Fra:72 Mem:10.80M (Peak 53.05M) | Time:00:00.00 | Mem:0.01M, Peak:0.01M | Scene, ViewLayer | Updating Particle Systems
Fra:72 Mem:10.80M (Peak 53.05M) | Time:00:00.00 | Mem:0.01M, Peak:0.01M | Scene, ViewLayer | Updating Particle Systems | Copying Particles to device
Fra:72 Mem:10.80M (Peak 53.05M) | Time:00:00.00 | Mem:0.01M, Peak:0.01M | Scene, ViewLayer | Updating Meshes
Fra:72 Mem:10.80M (Peak 53.05M) | Time:00:00.00 | Mem:0.01M, Peak:0.01M | Scene, ViewLayer | Updating Objects | Applying Static Transformations
Fra:72 Mem:10.80M (Peak 53.05M) | Time:00:00.00 | Mem:0.01M, Peak:0.01M | Scene, ViewLayer | Updating Mesh | Computing attributes
Fra:72 Mem:10.84M (Peak 53.05M) | Time:00:00.00 | Mem:0.01M, Peak:0.01M | Scene, ViewLayer | Updating Mesh | Copying Attributes to device
Fra:72 Mem:10.84M (Peak 53.05M) | Time:00:00.00 | Mem:0.05M, Peak:0.05M | Scene, ViewLayer | Updating Scene BVH | Building
Fra:72 Mem:10.84M (Peak 53.05M) | Time:00:00.00 | Mem:0.05M, Peak:0.05M | Scene, ViewLayer | Updating Scene BVH | Building BVH
Fra:72 Mem:10.84M (Peak 53.05M) | Time:00:00.00 | Mem:0.21M, Peak:0.21M | Scene, ViewLayer | Updating Scene BVH | Building BVH 0%
Fra:72 Mem:10.84M (Peak 53.05M) | Time:00:00.00 | Mem:0.41M, Peak:0.57M | Scene, ViewLayer | Updating Scene BVH | Copying BVH to device
Fra:72 Mem:10.84M (Peak 53.05M) | Time:00:00.00 | Mem:0.41M, Peak:0.57M | Scene, ViewLayer | Updating Mesh | Computing normals
Fra:72 Mem:11.01M (Peak 53.05M) | Time:00:00.00 | Mem:0.41M, Peak:0.57M | Scene, ViewLayer | Updating Mesh | Copying Mesh to device
Fra:72 Mem:11.01M (Peak 53.05M) | Time:00:00.00 | Mem:0.58M, Peak:0.58M | Scene, ViewLayer | Updating Objects Flags
Fra:72 Mem:11.01M (Peak 53.05M) | Time:00:00.00 | Mem:0.58M, Peak:0.58M | Scene, ViewLayer | Updating Primitive Offsets
Fra:72 Mem:11.01M (Peak 53.05M) | Time:00:00.00 | Mem:0.58M, Peak:0.58M | Scene, ViewLayer | Updating Images
Fra:72 Mem:11.01M (Peak 53.05M) | Time:00:00.00 | Mem:0.58M, Peak:0.58M | Scene, ViewLayer | Updating Camera Volume
Fra:72 Mem:11.01M (Peak 53.05M) | Time:00:00.00 | Mem:0.58M, Peak:0.58M | Scene, ViewLayer | Updating Lookup Tables
Fra:72 Mem:11.01M (Peak 53.05M) | Time:00:00.00 | Mem:0.66M, Peak:0.66M | Scene, ViewLayer | Updating Lights
Fra:72 Mem:11.02M (Peak 53.05M) | Time:00:00.00 | Mem:0.66M, Peak:0.66M | Scene, ViewLayer | Updating Lights | Computing tree
Fra:72 Mem:11.48M (Peak 53.05M) | Time:00:00.02 | Mem:1.13M, Peak:1.13M | Scene, ViewLayer | Updating Integrator
Fra:72 Mem:11.48M (Peak 53.05M) | Time:00:00.02 | Mem:1.13M, Peak:1.13M | Scene, ViewLayer | Updating Film
Fra:72 Mem:11.48M (Peak 53.05M) | Time:00:00.02 | Mem:1.04M, Peak:1.13M | Scene, ViewLayer | Updating Lookup Tables
Fra:72 Mem:11.48M (Peak 53.05M) | Time:00:00.02 | Mem:1.13M, Peak:1.13M | Scene, ViewLayer | Updating Baking
Fra:72 Mem:11.48M (Peak 53.05M) | Time:00:00.02 | Mem:1.13M, Peak:1.13M | Scene, ViewLayer | Updating Device | Writing constant memory
Fra:72 Mem:11.48M (Peak 53.05M) | Time:00:00.02 | Mem:1.13M, Peak:1.13M | Scene, ViewLayer | Sample 0/32
Fra:72 Mem:29.32M (Peak 53.05M) | Time:00:00.28 | Remaining:00:08.24 | Mem:18.93M, Peak:18.93M | Scene, ViewLayer | Sample 1/32
Fra:72 Mem:37.23M (Peak 53.05M) | Time:00:08.64 | Mem:18.93M, Peak:18.93M | Scene, ViewLayer | Sample 32/32
Fra:72 Mem:37.23M (Peak 53.05M) | Time:00:08.64 | Mem:18.93M, Peak:18.93M | Scene, ViewLayer | Finished
Saved: '/home/runner/work/chaosim/chaosim/outputs/renders/paper_to_cloth_frames/frame_0072.png'
Time: 00:08.70 (Saving: 00:00.05)

Fra:73 Mem:12.19M (Peak 53.05M) | Time:00:00.00 | Mem:0.00M, Peak:0.00M | Scene, ViewLayer | Synchronizing object | ClothKey
Fra:73 Mem:12.19M (Peak 53.05M) | Time:00:00.00 | Mem:0.00M, Peak:0.00M | Scene, ViewLayer | Synchronizing object | ClothRim
Fra:73 Mem:12.19M (Peak 53.05M) | Time:00:00.00 | Mem:0.00M, Peak:0.00M | Scene, ViewLayer | Synchronizing object | Rod
Fra:73 Mem:12.19M (Peak 53.05M) | Time:00:00.00 | Mem:0.00M, Peak:0.00M | Scene, ViewLayer | Synchronizing object | Sheet
Fra:73 Mem:12.19M (Peak 53.05M) | Time:00:00.00 | Mem:0.00M, Peak:0.00M | Scene, ViewLayer | Synchronizing object | FacesLabel
Fra:73 Mem:12.19M (Peak 53.05M) | Time:00:00.00 | Mem:0.00M, Peak:0.00M | Scene, ViewLayer | Synchronizing object | GlassSphere
Fra:73 Mem:12.62M (Peak 53.05M) | Time:00:00.00 | Mem:0.00M, Peak:0.00M | Scene, ViewLayer | Initializing
Fra:73 Mem:10.71M (Peak 53.05M) | Time:00:00.00 | Mem:0.00M, Peak:0.00M | Scene, ViewLayer | Waiting for render to start
Fra:73 Mem:10.71M (Peak 53.05M) | Time:00:00.00 | Mem:0.00M, Peak:0.00M | Scene, ViewLayer | Updating Scene
Fra:73 Mem:10.71M (Peak 53.05M) | Time:00:00.00 | Mem:0.00M, Peak:0.00M | Scene, ViewLayer | Updating Shaders
Fra:73 Mem:10.71M (Peak 53.05M) | Time:00:00.00 | Mem:0.00M, Peak:0.00M | Scene, ViewLayer | Loading render kernels (may take a few minutes the first time)
Fra:73 Mem:10.79M (Peak 53.05M) | Time:00:00.00 | Mem:0.00M, Peak:0.00M | Scene, ViewLayer | Updating Procedurals
Fra:73 Mem:10.79M (Peak 53.05M) | Time:00:00.00 | Mem:0.00M, Peak:0.00M | Scene, ViewLayer | Updating Background
Fra:73 Mem:10.79M (Peak 53.05M) | Time:00:00.00 | Mem:0.00M, Peak:0.00M | Scene, ViewLayer | Updating Camera
Fra:73 Mem:10.79M (Peak 53.05M) | Time:00:00.00 | Mem:0.00M, Peak:0.00M | Scene, ViewLayer | Updating Meshes Flags
Fra:73 Mem:10.79M (Peak 53.05M) | Time:00:00.00 | Mem:0.00M, Peak:0.00M | Scene, ViewLayer | Updating Objects
Fra:73 Mem:10.79M (Peak 53.05M) | Time:00:00.00 | Mem:0.00M, Peak:0.00M | Scene, ViewLayer | Updating Objects | Copying Transformations to device
Fra:73 Mem:10.80M (Peak 53.05M) | Time:00:00.00 | Mem:0.01M, Peak:0.01M | Scene, ViewLayer | Updating Particle Systems
Fra:73 Mem:10.80M (Peak 53.05M) | Time:00:00.00 | Mem:0.01M, Peak:0.01M | Scene, ViewLayer | Updating Particle Systems | Copying Particles to device
Fra:73 Mem:10.80M (Peak 53.05M) | Time:00:00.00 | Mem:0.01M, Peak:0.01M | Scene, ViewLayer | Updating Meshes
Fra:73 Mem:10.80M (Peak 53.05M) | Time:00:00.00 | Mem:0.01M, Peak:0.01M | Scene, ViewLayer | Updating Objects | Applying Static Transformations
Fra:73 Mem:10.80M (Peak 53.05M) | Time:00:00.00 | Mem:0.01M, Peak:0.01M | Scene, ViewLayer | Updating Mesh | Computing attributes
Fra:73 Mem:10.84M (Peak 53.05M) | Time:00:00.00 | Mem:0.01M, Peak:0.01M | Scene, ViewLayer | Updating Mesh | Copying Attributes to device
Fra:73 Mem:10.84M (Peak 53.05M) | Time:00:00.00 | Mem:0.05M, Peak:0.05M | Scene, ViewLayer | Updating Scene BVH | Building
Fra:73 Mem:10.84M (Peak 53.05M) | Time:00:00.00 | Mem:0.05M, Peak:0.05M | Scene, ViewLayer | Updating Scene BVH | Building BVH
Fra:73 Mem:10.84M (Peak 53.05M) | Time:00:00.00 | Mem:0.21M, Peak:0.21M | Scene, ViewLayer | Updating Scene BVH | Building BVH 0%
Fra:73 Mem:10.84M (Peak 53.05M) | Time:00:00.00 | Mem:0.41M, Peak:0.57M | Scene, ViewLayer | Updating Scene BVH | Copying BVH to device
Fra:73 Mem:10.84M (Peak 53.05M) | Time:00:00.00 | Mem:0.41M, Peak:0.57M | Scene, ViewLayer | Updating Mesh | Computing normals
Fra:73 Mem:11.01M (Peak 53.05M) | Time:00:00.00 | Mem:0.41M, Peak:0.57M | Scene, ViewLayer | Updating Mesh | Copying Mesh to device
Fra:73 Mem:11.01M (Peak 53.05M) | Time:00:00.00 | Mem:0.58M, Peak:0.58M | Scene, ViewLayer | Updating Objects Flags
Fra:73 Mem:11.01M (Peak 53.05M) | Time:00:00.00 | Mem:0.58M, Peak:0.58M | Scene, ViewLayer | Updating Primitive Offsets
Fra:73 Mem:11.01M (Peak 53.05M) | Time:00:00.00 | Mem:0.58M, Peak:0.58M | Scene, ViewLayer | Updating Images
Fra:73 Mem:11.01M (Peak 53.05M) | Time:00:00.00 | Mem:0.58M, Peak:0.58M | Scene, ViewLayer | Updating Camera Volume
Fra:73 Mem:11.01M (Peak 53.05M) | Time:00:00.00 | Mem:0.58M, Peak:0.58M | Scene, ViewLayer | Updating Lookup Tables
Fra:73 Mem:11.01M (Peak 53.05M) | Time:00:00.00 | Mem:0.66M, Peak:0.66M | Scene, ViewLayer | Updating Lights
Fra:73 Mem:11.02M (Peak 53.05M) | Time:00:00.00 | Mem:0.66M, Peak:0.66M | Scene, ViewLayer | Updating Lights | Computing tree
Fra:73 Mem:11.48M (Peak 53.05M) | Time:00:00.02 | Mem:1.13M, Peak:1.13M | Scene, ViewLayer | Updating Integrator
Fra:73 Mem:11.48M (Peak 53.05M) | Time:00:00.02 | Mem:1.13M, Peak:1.13M | Scene, ViewLayer | Updating Film
Fra:73 Mem:11.48M (Peak 53.05M) | Time:00:00.02 | Mem:1.04M, Peak:1.13M | Scene, ViewLayer | Updating Lookup Tables
Fra:73 Mem:11.48M (Peak 53.05M) | Time:00:00.02 | Mem:1.13M, Peak:1.13M | Scene, ViewLayer | Updating Baking
Fra:73 Mem:11.48M (Peak 53.05M) | Time:00:00.02 | Mem:1.13M, Peak:1.13M | Scene, ViewLayer | Updating Device | Writing constant memory
Fra:73 Mem:11.48M (Peak 53.05M) | Time:00:00.02 | Mem:1.13M, Peak:1.13M | Scene, ViewLayer | Sample 0/32
Fra:73 Mem:29.32M (Peak 53.05M) | Time:00:00.27 | Remaining:00:07.92 | Mem:18.93M, Peak:18.93M | Scene, ViewLayer | Sample 1/32
Fra:73 Mem:37.23M (Peak 53.05M) | Time:00:08.35 | Mem:18.93M, Peak:18.93M | Scene, ViewLayer | Sample 32/32
Fra:73 Mem:37.23M (Peak 53.05M) | Time:00:08.35 | Mem:18.93M, Peak:18.93M | Scene, ViewLayer | Finished
Saved: '/home/runner/work/chaosim/chaosim/outputs/renders/paper_to_cloth_frames/frame_0073.png'
Time: 00:08.41 (Saving: 00:00.05)

Fra:74 Mem:12.19M (Peak 53.05M) | Time:00:00.00 | Mem:0.00M, Peak:0.00M | Scene, ViewLayer | Synchronizing object | ClothKey
Fra:74 Mem:12.19M (Peak 53.05M) | Time:00:00.00 | Mem:0.00M, Peak:0.00M | Scene, ViewLayer | Synchronizing object | ClothRim
Fra:74 Mem:12.19M (Peak 53.05M) | Time:00:00.00 | Mem:0.00M, Peak:0.00M | Scene, ViewLayer | Synchronizing object | Rod
Fra:74 Mem:12.19M (Peak 53.05M) | Time:00:00.00 | Mem:0.00M, Peak:0.00M | Scene, ViewLayer | Synchronizing object | Sheet
Fra:74 Mem:12.22M (Peak 53.05M) | Time:00:00.00 | Mem:0.00M, Peak:0.00M | Scene, ViewLayer | Synchronizing object | FacesLabel
Fra:74 Mem:12.22M (Peak 53.05M) | Time:00:00.00 | Mem:0.00M, Peak:0.00M | Scene, ViewLayer | Synchronizing object | GlassSphere
Fra:74 Mem:12.62M (Peak 53.05M) | Time:00:00.00 | Mem:0.00M, Peak:0.00M | Scene, ViewLayer | Initializing
Fra:74 Mem:10.71M (Peak 53.05M) | Time:00:00.00 | Mem:0.00M, Peak:0.00M | Scene, ViewLayer | Waiting for render to start
Fra:74 Mem:10.71M (Peak 53.05M) | Time:00:00.00 | Mem:0.00M, Peak:0.00M | Scene, ViewLayer | Updating Scene
Fra:74 Mem:10.71M (Peak 53.05M) | Time:00:00.00 | Mem:0.00M, Peak:0.00M | Scene, ViewLayer | Updating Shaders
Fra:74 Mem:10.71M (Peak 53.05M) | Time:00:00.00 | Mem:0.00M, Peak:0.00M | Scene, ViewLayer | Loading render kernels (may take a few minutes the first time)
Fra:74 Mem:10.79M (Peak 53.05M) | Time:00:00.00 | Mem:0.00M, Peak:0.00M | Scene, ViewLayer | Updating Procedurals
Fra:74 Mem:10.79M (Peak 53.05M) | Time:00:00.00 | Mem:0.00M, Peak:0.00M | Scene, ViewLayer | Updating Background
Fra:74 Mem:10.79M (Peak 53.05M) | Time:00:00.00 | Mem:0.00M, Peak:0.00M | Scene, ViewLayer | Updating Camera
Fra:74 Mem:10.79M (Peak 53.05M) | Time:00:00.00 | Mem:0.00M, Peak:0.00M | Scene, ViewLayer | Updating Meshes Flags
Fra:74 Mem:10.79M (Peak 53.05M) | Time:00:00.00 | Mem:0.00M, Peak:0.00M | Scene, ViewLayer | Updating Objects
Fra:74 Mem:10.79M (Peak 53.05M) | Time:00:00.00 | Mem:0.00M, Peak:0.00M | Scene, ViewLayer | Updating Objects | Copying Transformations to device
Fra:74 Mem:10.80M (Peak 53.05M) | Time:00:00.00 | Mem:0.01M, Peak:0.01M | Scene, ViewLayer | Updating Particle Systems
Fra:74 Mem:10.80M (Peak 53.05M) | Time:00:00.00 | Mem:0.01M, Peak:0.01M | Scene, ViewLayer | Updating Particle Systems | Copying Particles to device
Fra:74 Mem:10.80M (Peak 53.05M) | Time:00:00.00 | Mem:0.01M, Peak:0.01M | Scene, ViewLayer | Updating Meshes
Fra:74 Mem:10.80M (Peak 53.05M) | Time:00:00.00 | Mem:0.01M, Peak:0.01M | Scene, ViewLayer | Updating Objects | Applying Static Transformations
Fra:74 Mem:10.80M (Peak 53.05M) | Time:00:00.00 | Mem:0.01M, Peak:0.01M | Scene, ViewLayer | Updating Mesh | Computing attributes
Fra:74 Mem:10.84M (Peak 53.05M) | Time:00:00.00 | Mem:0.01M, Peak:0.01M | Scene, ViewLayer | Updating Mesh | Copying Attributes to device
Fra:74 Mem:10.84M (Peak 53.05M) | Time:00:00.00 | Mem:0.05M, Peak:0.05M | Scene, ViewLayer | Updating Scene BVH | Building
Fra:74 Mem:10.84M (Peak 53.05M) | Time:00:00.00 | Mem:0.05M, Peak:0.05M | Scene, ViewLayer | Updating Scene BVH | Building BVH
Fra:74 Mem:10.84M (Peak 53.05M) | Time:00:00.00 | Mem:0.21M, Peak:0.21M | Scene, ViewLayer | Updating Scene BVH | Building BVH 0%
Fra:74 Mem:10.84M (Peak 53.05M) | Time:00:00.00 | Mem:0.41M, Peak:0.57M | Scene, ViewLayer | Updating Scene BVH | Copying BVH to device
Fra:74 Mem:10.84M (Peak 53.05M) | Time:00:00.00 | Mem:0.41M, Peak:0.57M | Scene, ViewLayer | Updating Mesh | Computing normals
Fra:74 Mem:11.01M (Peak 53.05M) | Time:00:00.00 | Mem:0.41M, Peak:0.57M | Scene, ViewLayer | Updating Mesh | Copying Mesh to device
Fra:74 Mem:11.01M (Peak 53.05M) | Time:00:00.00 | Mem:0.58M, Peak:0.58M | Scene, ViewLayer | Updating Objects Flags
Fra:74 Mem:11.01M (Peak 53.05M) | Time:00:00.00 | Mem:0.58M, Peak:0.58M | Scene, ViewLayer | Updating Primitive Offsets
Fra:74 Mem:11.01M (Peak 53.05M) | Time:00:00.00 | Mem:0.58M, Peak:0.58M | Scene, ViewLayer | Updating Images
Fra:74 Mem:11.01M (Peak 53.05M) | Time:00:00.00 | Mem:0.58M, Peak:0.58M | Scene, ViewLayer | Updating Camera Volume
Fra:74 Mem:11.01M (Peak 53.05M) | Time:00:00.00 | Mem:0.58M, Peak:0.58M | Scene, ViewLayer | Updating Lookup Tables
Fra:74 Mem:11.01M (Peak 53.05M) | Time:00:00.00 | Mem:0.66M, Peak:0.66M | Scene, ViewLayer | Updating Lights
Fra:74 Mem:11.02M (Peak 53.05M) | Time:00:00.00 | Mem:0.66M, Peak:0.66M | Scene, ViewLayer | Updating Lights | Computing tree
Fra:74 Mem:11.48M (Peak 53.05M) | Time:00:00.02 | Mem:1.13M, Peak:1.13M | Scene, ViewLayer | Updating Integrator
Fra:74 Mem:11.48M (Peak 53.05M) | Time:00:00.02 | Mem:1.13M, Peak:1.13M | Scene, ViewLayer | Updating Film
Fra:74 Mem:11.48M (Peak 53.05M) | Time:00:00.02 | Mem:1.04M, Peak:1.13M | Scene, ViewLayer | Updating Lookup Tables
Fra:74 Mem:11.48M (Peak 53.05M) | Time:00:00.02 | Mem:1.13M, Peak:1.13M | Scene, ViewLayer | Updating Baking
Fra:74 Mem:11.48M (Peak 53.05M) | Time:00:00.02 | Mem:1.13M, Peak:1.13M | Scene, ViewLayer | Updating Device | Writing constant memory
Fra:74 Mem:11.48M (Peak 53.05M) | Time:00:00.02 | Mem:1.13M, Peak:1.13M | Scene, ViewLayer | Sample 0/32
Fra:74 Mem:29.32M (Peak 53.05M) | Time:00:00.26 | Remaining:00:07.62 | Mem:18.93M, Peak:18.93M | Scene, ViewLayer | Sample 1/32
Fra:74 Mem:37.23M (Peak 53.05M) | Time:00:08.13 | Mem:18.93M, Peak:18.93M | Scene, ViewLayer | Sample 32/32
Fra:74 Mem:37.23M (Peak 53.05M) | Time:00:08.13 | Mem:18.93M, Peak:18.93M | Scene, ViewLayer | Finished
Saved: '/home/runner/work/chaosim/chaosim/outputs/renders/paper_to_cloth_frames/frame_0074.png'
Time: 00:08.19 (Saving: 00:00.05)

Fra:75 Mem:12.19M (Peak 53.05M) | Time:00:00.00 | Mem:0.00M, Peak:0.00M | Scene, ViewLayer | Synchronizing object | ClothKey
Fra:75 Mem:12.19M (Peak 53.05M) | Time:00:00.00 | Mem:0.00M, Peak:0.00M | Scene, ViewLayer | Synchronizing object | ClothRim
Fra:75 Mem:12.19M (Peak 53.05M) | Time:00:00.00 | Mem:0.00M, Peak:0.00M | Scene, ViewLayer | Synchronizing object | Rod
Fra:75 Mem:12.19M (Peak 53.05M) | Time:00:00.00 | Mem:0.00M, Peak:0.00M | Scene, ViewLayer | Synchronizing object | GlassSphere
Fra:75 Mem:12.62M (Peak 53.05M) | Time:00:00.00 | Mem:0.00M, Peak:0.00M | Scene, ViewLayer | Initializing
Fra:75 Mem:10.71M (Peak 53.05M) | Time:00:00.00 | Mem:0.00M, Peak:0.00M | Scene, ViewLayer | Waiting for render to start
Fra:75 Mem:10.71M (Peak 53.05M) | Time:00:00.00 | Mem:0.00M, Peak:0.00M | Scene, ViewLayer | Updating Scene
Fra:75 Mem:10.71M (Peak 53.05M) | Time:00:00.00 | Mem:0.00M, Peak:0.00M | Scene, ViewLayer | Updating Shaders
Fra:75 Mem:10.71M (Peak 53.05M) | Time:00:00.00 | Mem:0.00M, Peak:0.00M | Scene, ViewLayer | Loading render kernels (may take a few minutes the first time)
Fra:75 Mem:10.79M (Peak 53.05M) | Time:00:00.00 | Mem:0.00M, Peak:0.00M | Scene, ViewLayer | Updating Procedurals
Fra:75 Mem:10.79M (Peak 53.05M) | Time:00:00.00 | Mem:0.00M, Peak:0.00M | Scene, ViewLayer | Updating Background
Fra:75 Mem:10.79M (Peak 53.05M) | Time:00:00.00 | Mem:0.00M, Peak:0.00M | Scene, ViewLayer | Updating Camera
Fra:75 Mem:10.79M (Peak 53.05M) | Time:00:00.00 | Mem:0.00M, Peak:0.00M | Scene, ViewLayer | Updating Meshes Flags
Fra:75 Mem:10.79M (Peak 53.05M) | Time:00:00.00 | Mem:0.00M, Peak:0.00M | Scene, ViewLayer | Updating Objects
Fra:75 Mem:10.79M (Peak 53.05M) | Time:00:00.00 | Mem:0.00M, Peak:0.00M | Scene, ViewLayer | Updating Objects | Copying Transformations to device
Fra:75 Mem:10.80M (Peak 53.05M) | Time:00:00.00 | Mem:0.01M, Peak:0.01M | Scene, ViewLayer | Updating Particle Systems
Fra:75 Mem:10.80M (Peak 53.05M) | Time:00:00.00 | Mem:0.01M, Peak:0.01M | Scene, ViewLayer | Updating Particle Systems | Copying Particles to device
Fra:75 Mem:10.80M (Peak 53.05M) | Time:00:00.00 | Mem:0.01M, Peak:0.01M | Scene, ViewLayer | Updating Meshes
Fra:75 Mem:10.80M (Peak 53.05M) | Time:00:00.00 | Mem:0.01M, Peak:0.01M | Scene, ViewLayer | Updating Objects | Applying Static Transformations
Fra:75 Mem:10.80M (Peak 53.05M) | Time:00:00.00 | Mem:0.01M, Peak:0.01M | Scene, ViewLayer | Updating Mesh | Computing attributes
Fra:75 Mem:10.84M (Peak 53.05M) | Time:00:00.00 | Mem:0.01M, Peak:0.01M | Scene, ViewLayer | Updating Mesh | Copying Attributes to device
Fra:75 Mem:10.84M (Peak 53.05M) | Time:00:00.00 | Mem:0.05M, Peak:0.05M | Scene, ViewLayer | Updating Scene BVH | Building
Fra:75 Mem:10.84M (Peak 53.05M) | Time:00:00.00 | Mem:0.05M, Peak:0.05M | Scene, ViewLayer | Updating Scene BVH | Building BVH
Fra:75 Mem:10.84M (Peak 53.05M) | Time:00:00.00 | Mem:0.21M, Peak:0.21M | Scene, ViewLayer | Updating Scene BVH | Building BVH 0%
Fra:75 Mem:10.84M (Peak 53.05M) | Time:00:00.00 | Mem:0.41M, Peak:0.57M | Scene, ViewLayer | Updating Scene BVH | Copying BVH to device
Fra:75 Mem:10.84M (Peak 53.05M) | Time:00:00.00 | Mem:0.41M, Peak:0.57M | Scene, ViewLayer | Updating Mesh | Computing normals
Fra:75 Mem:11.01M (Peak 53.05M) | Time:00:00.00 | Mem:0.41M, Peak:0.57M | Scene, ViewLayer | Updating Mesh | Copying Mesh to device
Fra:75 Mem:11.01M (Peak 53.05M) | Time:00:00.00 | Mem:0.58M, Peak:0.58M | Scene, ViewLayer | Updating Objects Flags
Fra:75 Mem:11.01M (Peak 53.05M) | Time:00:00.00 | Mem:0.58M, Peak:0.58M | Scene, ViewLayer | Updating Primitive Offsets
Fra:75 Mem:11.01M (Peak 53.05M) | Time:00:00.00 | Mem:0.58M, Peak:0.58M | Scene, ViewLayer | Updating Images
Fra:75 Mem:11.01M (Peak 53.05M) | Time:00:00.00 | Mem:0.58M, Peak:0.58M | Scene, ViewLayer | Updating Camera Volume
Fra:75 Mem:11.01M (Peak 53.05M) | Time:00:00.00 | Mem:0.58M, Peak:0.58M | Scene, ViewLayer | Updating Lookup Tables
Fra:75 Mem:11.01M (Peak 53.05M) | Time:00:00.00 | Mem:0.66M, Peak:0.66M | Scene, ViewLayer | Updating Lights
Fra:75 Mem:11.02M (Peak 53.05M) | Time:00:00.00 | Mem:0.66M, Peak:0.66M | Scene, ViewLayer | Updating Lights | Computing tree
Fra:75 Mem:11.48M (Peak 53.05M) | Time:00:00.02 | Mem:1.13M, Peak:1.13M | Scene, ViewLayer | Updating Integrator
Fra:75 Mem:11.48M (Peak 53.05M) | Time:00:00.02 | Mem:1.13M, Peak:1.13M | Scene, ViewLayer | Updating Film
Fra:75 Mem:11.48M (Peak 53.05M) | Time:00:00.02 | Mem:1.04M, Peak:1.13M | Scene, ViewLayer | Updating Lookup Tables
Fra:75 Mem:11.48M (Peak 53.05M) | Time:00:00.02 | Mem:1.13M, Peak:1.13M | Scene, ViewLayer | Updating Baking
Fra:75 Mem:11.48M (Peak 53.05M) | Time:00:00.02 | Mem:1.13M, Peak:1.13M | Scene, ViewLayer | Updating Device | Writing constant memory
Fra:75 Mem:11.48M (Peak 53.05M) | Time:00:00.02 | Mem:1.13M, Peak:1.13M | Scene, ViewLayer | Sample 0/32
Fra:75 Mem:29.32M (Peak 53.05M) | Time:00:00.26 | Remaining:00:07.49 | Mem:18.93M, Peak:18.93M | Scene, ViewLayer | Sample 1/32
Fra:75 Mem:37.23M (Peak 53.05M) | Time:00:07.87 | Mem:18.93M, Peak:18.93M | Scene, ViewLayer | Sample 32/32
Fra:75 Mem:37.23M (Peak 53.05M) | Time:00:07.87 | Mem:18.93M, Peak:18.93M | Scene, ViewLayer | Finished
Saved: '/home/runner/work/chaosim/chaosim/outputs/renders/paper_to_cloth_frames/frame_0075.png'
Time: 00:07.92 (Saving: 00:00.05)

Fra:76 Mem:12.19M (Peak 53.05M) | Time:00:00.00 | Mem:0.00M, Peak:0.00M | Scene, ViewLayer | Synchronizing object | ClothKey
Fra:76 Mem:12.19M (Peak 53.05M) | Time:00:00.00 | Mem:0.00M, Peak:0.00M | Scene, ViewLayer | Synchronizing object | ClothRim
Fra:76 Mem:12.19M (Peak 53.05M) | Time:00:00.00 | Mem:0.00M, Peak:0.00M | Scene, ViewLayer | Synchronizing object | Rod
Fra:76 Mem:12.19M (Peak 53.05M) | Time:00:00.00 | Mem:0.00M, Peak:0.00M | Scene, ViewLayer | Synchronizing object | Sheet
Fra:76 Mem:12.22M (Peak 53.05M) | Time:00:00.00 | Mem:0.00M, Peak:0.00M | Scene, ViewLayer | Synchronizing object | FacesLabel
Fra:76 Mem:12.22M (Peak 53.05M) | Time:00:00.00 | Mem:0.00M, Peak:0.00M | Scene, ViewLayer | Synchronizing object | GlassSphere
Fra:76 Mem:12.62M (Peak 53.05M) | Time:00:00.00 | Mem:0.00M, Peak:0.00M | Scene, ViewLayer | Initializing
Fra:76 Mem:10.71M (Peak 53.05M) | Time:00:00.00 | Mem:0.00M, Peak:0.00M | Scene, ViewLayer | Waiting for render to start
Fra:76 Mem:10.71M (Peak 53.05M) | Time:00:00.00 | Mem:0.00M, Peak:0.00M | Scene, ViewLayer | Updating Scene
Fra:76 Mem:10.71M (Peak 53.05M) | Time:00:00.00 | Mem:0.00M, Peak:0.00M | Scene, ViewLayer | Updating Shaders
Fra:76 Mem:10.71M (Peak 53.05M) | Time:00:00.00 | Mem:0.00M, Peak:0.00M | Scene, ViewLayer | Loading render kernels (may take a few minutes the first time)
Fra:76 Mem:10.79M (Peak 53.05M) | Time:00:00.00 | Mem:0.00M, Peak:0.00M | Scene, ViewLayer | Updating Procedurals
Fra:76 Mem:10.79M (Peak 53.05M) | Time:00:00.00 | Mem:0.00M, Peak:0.00M | Scene, ViewLayer | Updating Background
Fra:76 Mem:10.79M (Peak 53.05M) | Time:00:00.00 | Mem:0.00M, Peak:0.00M | Scene, ViewLayer | Updating Camera
Fra:76 Mem:10.79M (Peak 53.05M) | Time:00:00.00 | Mem:0.00M, Peak:0.00M | Scene, ViewLayer | Updating Meshes Flags
Fra:76 Mem:10.79M (Peak 53.05M) | Time:00:00.00 | Mem:0.00M, Peak:0.00M | Scene, ViewLayer | Updating Objects
Fra:76 Mem:10.79M (Peak 53.05M) | Time:00:00.00 | Mem:0.00M, Peak:0.00M | Scene, ViewLayer | Updating Objects | Copying Transformations to device
Fra:76 Mem:10.80M (Peak 53.05M) | Time:00:00.00 | Mem:0.01M, Peak:0.01M | Scene, ViewLayer | Updating Particle Systems
Fra:76 Mem:10.80M (Peak 53.05M) | Time:00:00.00 | Mem:0.01M, Peak:0.01M | Scene, ViewLayer | Updating Particle Systems | Copying Particles to device
Fra:76 Mem:10.80M (Peak 53.05M) | Time:00:00.00 | Mem:0.01M, Peak:0.01M | Scene, ViewLayer | Updating Meshes
Fra:76 Mem:10.80M (Peak 53.05M) | Time:00:00.00 | Mem:0.01M, Peak:0.01M | Scene, ViewLayer | Updating Objects | Applying Static Transformations
Fra:76 Mem:10.80M (Peak 53.05M) | Time:00:00.00 | Mem:0.01M, Peak:0.01M | Scene, ViewLayer | Updating Mesh | Computing attributes
Fra:76 Mem:10.84M (Peak 53.05M) | Time:00:00.00 | Mem:0.01M, Peak:0.01M | Scene, ViewLayer | Updating Mesh | Copying Attributes to device
Fra:76 Mem:10.84M (Peak 53.05M) | Time:00:00.00 | Mem:0.05M, Peak:0.05M | Scene, ViewLayer | Updating Scene BVH | Building
Fra:76 Mem:10.84M (Peak 53.05M) | Time:00:00.00 | Mem:0.05M, Peak:0.05M | Scene, ViewLayer | Updating Scene BVH | Building BVH
Fra:76 Mem:10.84M (Peak 53.05M) | Time:00:00.00 | Mem:0.21M, Peak:0.21M | Scene, ViewLayer | Updating Scene BVH | Building BVH 0%
Fra:76 Mem:10.84M (Peak 53.05M) | Time:00:00.00 | Mem:0.41M, Peak:0.57M | Scene, ViewLayer | Updating Scene BVH | Copying BVH to device
Fra:76 Mem:10.84M (Peak 53.05M) | Time:00:00.00 | Mem:0.41M, Peak:0.57M | Scene, ViewLayer | Updating Mesh | Computing normals
Fra:76 Mem:11.01M (Peak 53.05M) | Time:00:00.00 | Mem:0.41M, Peak:0.57M | Scene, ViewLayer | Updating Mesh | Copying Mesh to device
Fra:76 Mem:11.01M (Peak 53.05M) | Time:00:00.00 | Mem:0.58M, Peak:0.58M | Scene, ViewLayer | Updating Objects Flags
Fra:76 Mem:11.01M (Peak 53.05M) | Time:00:00.00 | Mem:0.58M, Peak:0.58M | Scene, ViewLayer | Updating Primitive Offsets
Fra:76 Mem:11.01M (Peak 53.05M) | Time:00:00.00 | Mem:0.58M, Peak:0.58M | Scene, ViewLayer | Updating Images
Fra:76 Mem:11.01M (Peak 53.05M) | Time:00:00.00 | Mem:0.58M, Peak:0.58M | Scene, ViewLayer | Updating Camera Volume
Fra:76 Mem:11.01M (Peak 53.05M) | Time:00:00.00 | Mem:0.58M, Peak:0.58M | Scene, ViewLayer | Updating Lookup Tables
Fra:76 Mem:11.01M (Peak 53.05M) | Time:00:00.00 | Mem:0.66M, Peak:0.66M | Scene, ViewLayer | Updating Lights
Fra:76 Mem:11.02M (Peak 53.05M) | Time:00:00.00 | Mem:0.66M, Peak:0.66M | Scene, ViewLayer | Updating Lights | Computing tree
Fra:76 Mem:11.48M (Peak 53.05M) | Time:00:00.02 | Mem:1.13M, Peak:1.13M | Scene, ViewLayer | Updating Integrator
Fra:76 Mem:11.48M (Peak 53.05M) | Time:00:00.02 | Mem:1.13M, Peak:1.13M | Scene, ViewLayer | Updating Film
Fra:76 Mem:11.48M (Peak 53.05M) | Time:00:00.02 | Mem:1.04M, Peak:1.13M | Scene, ViewLayer | Updating Lookup Tables
Fra:76 Mem:11.48M (Peak 53.05M) | Time:00:00.02 | Mem:1.13M, Peak:1.13M | Scene, ViewLayer | Updating Baking
Fra:76 Mem:11.48M (Peak 53.05M) | Time:00:00.02 | Mem:1.13M, Peak:1.13M | Scene, ViewLayer | Updating Device | Writing constant memory
Fra:76 Mem:11.48M (Peak 53.05M) | Time:00:00.02 | Mem:1.13M, Peak:1.13M | Scene, ViewLayer | Sample 0/32
Fra:76 Mem:29.32M (Peak 53.05M) | Time:00:00.25 | Remaining:00:07.26 | Mem:18.93M, Peak:18.93M | Scene, ViewLayer | Sample 1/32
Fra:76 Mem:37.23M (Peak 53.05M) | Time:00:07.61 | Mem:18.93M, Peak:18.93M | Scene, ViewLayer | Sample 32/32
Fra:76 Mem:37.23M (Peak 53.05M) | Time:00:07.61 | Mem:18.93M, Peak:18.93M | Scene, ViewLayer | Finished
Saved: '/home/runner/work/chaosim/chaosim/outputs/renders/paper_to_cloth_frames/frame_0076.png'
Time: 00:07.66 (Saving: 00:00.05)

Fra:77 Mem:12.19M (Peak 53.05M) | Time:00:00.00 | Mem:0.00M, Peak:0.00M | Scene, ViewLayer | Synchronizing object | ClothKey
Fra:77 Mem:12.19M (Peak 53.05M) | Time:00:00.00 | Mem:0.00M, Peak:0.00M | Scene, ViewLayer | Synchronizing object | ClothRim
Fra:77 Mem:12.19M (Peak 53.05M) | Time:00:00.00 | Mem:0.00M, Peak:0.00M | Scene, ViewLayer | Synchronizing object | Sheet
Fra:77 Mem:12.22M (Peak 53.05M) | Time:00:00.00 | Mem:0.00M, Peak:0.00M | Scene, ViewLayer | Synchronizing object | GlassSphere
Fra:77 Mem:12.62M (Peak 53.05M) | Time:00:00.00 | Mem:0.00M, Peak:0.00M | Scene, ViewLayer | Initializing
Fra:77 Mem:10.71M (Peak 53.05M) | Time:00:00.00 | Mem:0.00M, Peak:0.00M | Scene, ViewLayer | Waiting for render to start
Fra:77 Mem:10.71M (Peak 53.05M) | Time:00:00.00 | Mem:0.00M, Peak:0.00M | Scene, ViewLayer | Updating Scene
Fra:77 Mem:10.71M (Peak 53.05M) | Time:00:00.00 | Mem:0.00M, Peak:0.00M | Scene, ViewLayer | Updating Shaders
Fra:77 Mem:10.71M (Peak 53.05M) | Time:00:00.00 | Mem:0.00M, Peak:0.00M | Scene, ViewLayer | Loading render kernels (may take a few minutes the first time)
Fra:77 Mem:10.79M (Peak 53.05M) | Time:00:00.00 | Mem:0.00M, Peak:0.00M | Scene, ViewLayer | Updating Procedurals
Fra:77 Mem:10.79M (Peak 53.05M) | Time:00:00.00 | Mem:0.00M, Peak:0.00M | Scene, ViewLayer | Updating Background
Fra:77 Mem:10.79M (Peak 53.05M) | Time:00:00.00 | Mem:0.00M, Peak:0.00M | Scene, ViewLayer | Updating Camera
Fra:77 Mem:10.79M (Peak 53.05M) | Time:00:00.00 | Mem:0.00M, Peak:0.00M | Scene, ViewLayer | Updating Meshes Flags
Fra:77 Mem:10.79M (Peak 53.05M) | Time:00:00.00 | Mem:0.00M, Peak:0.00M | Scene, ViewLayer | Updating Objects
Fra:77 Mem:10.79M (Peak 53.05M) | Time:00:00.00 | Mem:0.00M, Peak:0.00M | Scene, ViewLayer | Updating Objects | Copying Transformations to device
Fra:77 Mem:10.80M (Peak 53.05M) | Time:00:00.00 | Mem:0.01M, Peak:0.01M | Scene, ViewLayer | Updating Particle Systems
Fra:77 Mem:10.80M (Peak 53.05M) | Time:00:00.00 | Mem:0.01M, Peak:0.01M | Scene, ViewLayer | Updating Particle Systems | Copying Particles to device
Fra:77 Mem:10.80M (Peak 53.05M) | Time:00:00.00 | Mem:0.01M, Peak:0.01M | Scene, ViewLayer | Updating Meshes
Fra:77 Mem:10.80M (Peak 53.05M) | Time:00:00.00 | Mem:0.01M, Peak:0.01M | Scene, ViewLayer | Updating Objects | Applying Static Transformations
Fra:77 Mem:10.80M (Peak 53.05M) | Time:00:00.00 | Mem:0.01M, Peak:0.01M | Scene, ViewLayer | Updating Mesh | Computing attributes
Fra:77 Mem:10.84M (Peak 53.05M) | Time:00:00.00 | Mem:0.01M, Peak:0.01M | Scene, ViewLayer | Updating Mesh | Copying Attributes to device
Fra:77 Mem:10.84M (Peak 53.05M) | Time:00:00.00 | Mem:0.05M, Peak:0.05M | Scene, ViewLayer | Updating Scene BVH | Building
Fra:77 Mem:10.84M (Peak 53.05M) | Time:00:00.00 | Mem:0.05M, Peak:0.05M | Scene, ViewLayer | Updating Scene BVH | Building BVH
Fra:77 Mem:10.84M (Peak 53.05M) | Time:00:00.00 | Mem:0.21M, Peak:0.21M | Scene, ViewLayer | Updating Scene BVH | Building BVH 0%
Fra:77 Mem:10.84M (Peak 53.05M) | Time:00:00.00 | Mem:0.41M, Peak:0.57M | Scene, ViewLayer | Updating Scene BVH | Copying BVH to device
Fra:77 Mem:10.84M (Peak 53.05M) | Time:00:00.00 | Mem:0.41M, Peak:0.57M | Scene, ViewLayer | Updating Mesh | Computing normals
Fra:77 Mem:11.01M (Peak 53.05M) | Time:00:00.00 | Mem:0.41M, Peak:0.57M | Scene, ViewLayer | Updating Mesh | Copying Mesh to device
Fra:77 Mem:11.01M (Peak 53.05M) | Time:00:00.00 | Mem:0.58M, Peak:0.58M | Scene, ViewLayer | Updating Objects Flags
Fra:77 Mem:11.01M (Peak 53.05M) | Time:00:00.00 | Mem:0.58M, Peak:0.58M | Scene, ViewLayer | Updating Primitive Offsets
Fra:77 Mem:11.01M (Peak 53.05M) | Time:00:00.00 | Mem:0.58M, Peak:0.58M | Scene, ViewLayer | Updating Images
Fra:77 Mem:11.01M (Peak 53.05M) | Time:00:00.00 | Mem:0.58M, Peak:0.58M | Scene, ViewLayer | Updating Camera Volume
Fra:77 Mem:11.01M (Peak 53.05M) | Time:00:00.00 | Mem:0.58M, Peak:0.58M | Scene, ViewLayer | Updating Lookup Tables
Fra:77 Mem:11.01M (Peak 53.05M) | Time:00:00.00 | Mem:0.66M, Peak:0.66M | Scene, ViewLayer | Updating Lights
Fra:77 Mem:11.02M (Peak 53.05M) | Time:00:00.00 | Mem:0.66M, Peak:0.66M | Scene, ViewLayer | Updating Lights | Computing tree
Fra:77 Mem:11.48M (Peak 53.05M) | Time:00:00.01 | Mem:1.13M, Peak:1.13M | Scene, ViewLayer | Updating Integrator
Fra:77 Mem:11.48M (Peak 53.05M) | Time:00:00.02 | Mem:1.13M, Peak:1.13M | Scene, ViewLayer | Updating Film
Fra:77 Mem:11.48M (Peak 53.05M) | Time:00:00.02 | Mem:1.04M, Peak:1.13M | Scene, ViewLayer | Updating Lookup Tables
Fra:77 Mem:11.48M (Peak 53.05M) | Time:00:00.02 | Mem:1.13M, Peak:1.13M | Scene, ViewLayer | Updating Baking
Fra:77 Mem:11.48M (Peak 53.05M) | Time:00:00.02 | Mem:1.13M, Peak:1.13M | Scene, ViewLayer | Updating Device | Writing constant memory
Fra:77 Mem:11.48M (Peak 53.05M) | Time:00:00.02 | Mem:1.13M, Peak:1.13M | Scene, ViewLayer | Sample 0/32
Fra:77 Mem:29.32M (Peak 53.05M) | Time:00:00.24 | Remaining:00:07.00 | Mem:18.93M, Peak:18.93M | Scene, ViewLayer | Sample 1/32
Fra:77 Mem:37.23M (Peak 53.05M) | Time:00:07.40 | Mem:18.93M, Peak:18.93M | Scene, ViewLayer | Sample 32/32
Fra:77 Mem:37.23M (Peak 53.05M) | Time:00:07.40 | Mem:18.93M, Peak:18.93M | Scene, ViewLayer | Finished
Saved: '/home/runner/work/chaosim/chaosim/outputs/renders/paper_to_cloth_frames/frame_0077.png'
Time: 00:07.45 (Saving: 00:00.05)

Fra:78 Mem:12.19M (Peak 53.05M) | Time:00:00.00 | Mem:0.00M, Peak:0.00M | Scene, ViewLayer | Synchronizing object | ClothKey
Fra:78 Mem:12.19M (Peak 53.05M) | Time:00:00.00 | Mem:0.00M, Peak:0.00M | Scene, ViewLayer | Synchronizing object | Rod
Fra:78 Mem:12.19M (Peak 53.05M) | Time:00:00.00 | Mem:0.00M, Peak:0.00M | Scene, ViewLayer | Synchronizing object | Sheet
Fra:78 Mem:12.20M (Peak 53.05M) | Time:00:00.00 | Mem:0.00M, Peak:0.00M | Scene, ViewLayer | Synchronizing object | FacesLabel
Fra:78 Mem:12.22M (Peak 53.05M) | Time:00:00.00 | Mem:0.00M, Peak:0.00M | Scene, ViewLayer | Synchronizing object | GlassSphere
Fra:78 Mem:12.62M (Peak 53.05M) | Time:00:00.00 | Mem:0.00M, Peak:0.00M | Scene, ViewLayer | Initializing
Fra:78 Mem:10.71M (Peak 53.05M) | Time:00:00.00 | Mem:0.00M, Peak:0.00M | Scene, ViewLayer | Waiting for render to start
Fra:78 Mem:10.71M (Peak 53.05M) | Time:00:00.00 | Mem:0.00M, Peak:0.00M | Scene, ViewLayer | Updating Scene
Fra:78 Mem:10.71M (Peak 53.05M) | Time:00:00.00 | Mem:0.00M, Peak:0.00M | Scene, ViewLayer | Updating Shaders
Fra:78 Mem:10.71M (Peak 53.05M) | Time:00:00.00 | Mem:0.00M, Peak:0.00M | Scene, ViewLayer | Loading render kernels (may take a few minutes the first time)
Fra:78 Mem:10.79M (Peak 53.05M) | Time:00:00.00 | Mem:0.00M, Peak:0.00M | Scene, ViewLayer | Updating Procedurals
Fra:78 Mem:10.79M (Peak 53.05M) | Time:00:00.00 | Mem:0.00M, Peak:0.00M | Scene, ViewLayer | Updating Background
Fra:78 Mem:10.79M (Peak 53.05M) | Time:00:00.00 | Mem:0.00M, Peak:0.00M | Scene, ViewLayer | Updating Camera
Fra:78 Mem:10.79M (Peak 53.05M) | Time:00:00.00 | Mem:0.00M, Peak:0.00M | Scene, ViewLayer | Updating Meshes Flags
Fra:78 Mem:10.79M (Peak 53.05M) | Time:00:00.00 | Mem:0.00M, Peak:0.00M | Scene, ViewLayer | Updating Objects
Fra:78 Mem:10.79M (Peak 53.05M) | Time:00:00.00 | Mem:0.00M, Peak:0.00M | Scene, ViewLayer | Updating Objects | Copying Transformations to device
Fra:78 Mem:10.80M (Peak 53.05M) | Time:00:00.00 | Mem:0.01M, Peak:0.01M | Scene, ViewLayer | Updating Particle Systems
Fra:78 Mem:10.80M (Peak 53.05M) | Time:00:00.00 | Mem:0.01M, Peak:0.01M | Scene, ViewLayer | Updating Particle Systems | Copying Particles to device
Fra:78 Mem:10.80M (Peak 53.05M) | Time:00:00.00 | Mem:0.01M, Peak:0.01M | Scene, ViewLayer | Updating Meshes
Fra:78 Mem:10.80M (Peak 53.05M) | Time:00:00.00 | Mem:0.01M, Peak:0.01M | Scene, ViewLayer | Updating Objects | Applying Static Transformations
Fra:78 Mem:10.80M (Peak 53.05M) | Time:00:00.00 | Mem:0.01M, Peak:0.01M | Scene, ViewLayer | Updating Mesh | Computing attributes
Fra:78 Mem:10.84M (Peak 53.05M) | Time:00:00.00 | Mem:0.01M, Peak:0.01M | Scene, ViewLayer | Updating Mesh | Copying Attributes to device
Fra:78 Mem:10.84M (Peak 53.05M) | Time:00:00.00 | Mem:0.05M, Peak:0.05M | Scene, ViewLayer | Updating Scene BVH | Building
Fra:78 Mem:10.84M (Peak 53.05M) | Time:00:00.00 | Mem:0.05M, Peak:0.05M | Scene, ViewLayer | Updating Scene BVH | Building BVH
Fra:78 Mem:10.84M (Peak 53.05M) | Time:00:00.00 | Mem:0.21M, Peak:0.21M | Scene, ViewLayer | Updating Scene BVH | Building BVH 0%
Fra:78 Mem:10.84M (Peak 53.05M) | Time:00:00.00 | Mem:0.41M, Peak:0.57M | Scene, ViewLayer | Updating Scene BVH | Copying BVH to device
Fra:78 Mem:10.84M (Peak 53.05M) | Time:00:00.00 | Mem:0.41M, Peak:0.57M | Scene, ViewLayer | Updating Mesh | Computing normals
Fra:78 Mem:11.01M (Peak 53.05M) | Time:00:00.00 | Mem:0.41M, Peak:0.57M | Scene, ViewLayer | Updating Mesh | Copying Mesh to device
Fra:78 Mem:11.01M (Peak 53.05M) | Time:00:00.00 | Mem:0.58M, Peak:0.58M | Scene, ViewLayer | Updating Objects Flags
Fra:78 Mem:11.01M (Peak 53.05M) | Time:00:00.00 | Mem:0.58M, Peak:0.58M | Scene, ViewLayer | Updating Primitive Offsets
Fra:78 Mem:11.01M (Peak 53.05M) | Time:00:00.00 | Mem:0.58M, Peak:0.58M | Scene, ViewLayer | Updating Images
Fra:78 Mem:11.01M (Peak 53.05M) | Time:00:00.00 | Mem:0.58M, Peak:0.58M | Scene, ViewLayer | Updating Camera Volume
Fra:78 Mem:11.01M (Peak 53.05M) | Time:00:00.00 | Mem:0.58M, Peak:0.58M | Scene, ViewLayer | Updating Lookup Tables
Fra:78 Mem:11.01M (Peak 53.05M) | Time:00:00.00 | Mem:0.66M, Peak:0.66M | Scene, ViewLayer | Updating Lights
Fra:78 Mem:11.02M (Peak 53.05M) | Time:00:00.00 | Mem:0.66M, Peak:0.66M | Scene, ViewLayer | Updating Lights | Computing tree
Fra:78 Mem:11.48M (Peak 53.05M) | Time:00:00.01 | Mem:1.13M, Peak:1.13M | Scene, ViewLayer | Updating Integrator
Fra:78 Mem:11.48M (Peak 53.05M) | Time:00:00.01 | Mem:1.13M, Peak:1.13M | Scene, ViewLayer | Updating Film
Fra:78 Mem:11.48M (Peak 53.05M) | Time:00:00.01 | Mem:1.04M, Peak:1.13M | Scene, ViewLayer | Updating Lookup Tables
Fra:78 Mem:11.48M (Peak 53.05M) | Time:00:00.02 | Mem:1.13M, Peak:1.13M | Scene, ViewLayer | Updating Baking
Fra:78 Mem:11.48M (Peak 53.05M) | Time:00:00.02 | Mem:1.13M, Peak:1.13M | Scene, ViewLayer | Updating Device | Writing constant memory
Fra:78 Mem:11.48M (Peak 53.05M) | Time:00:00.02 | Mem:1.13M, Peak:1.13M | Scene, ViewLayer | Sample 0/32
Fra:78 Mem:29.32M (Peak 53.05M) | Time:00:00.24 | Remaining:00:06.83 | Mem:18.93M, Peak:18.93M | Scene, ViewLayer | Sample 1/32
Fra:78 Mem:37.23M (Peak 53.05M) | Time:00:07.18 | Mem:18.93M, Peak:18.93M | Scene, ViewLayer | Sample 32/32
Fra:78 Mem:37.23M (Peak 53.05M) | Time:00:07.18 | Mem:18.93M, Peak:18.93M | Scene, ViewLayer | Finished
Saved: '/home/runner/work/chaosim/chaosim/outputs/renders/paper_to_cloth_frames/frame_0078.png'
Time: 00:07.24 (Saving: 00:00.05)

Fra:79 Mem:12.19M (Peak 53.05M) | Time:00:00.00 | Mem:0.00M, Peak:0.00M | Scene, ViewLayer | Synchronizing object | ClothKey
Fra:79 Mem:12.19M (Peak 53.05M) | Time:00:00.00 | Mem:0.00M, Peak:0.00M | Scene, ViewLayer | Synchronizing object | Rod
Fra:79 Mem:12.19M (Peak 53.05M) | Time:00:00.00 | Mem:0.00M, Peak:0.00M | Scene, ViewLayer | Synchronizing object | FacesLabel
Fra:79 Mem:12.19M (Peak 53.05M) | Time:00:00.00 | Mem:0.00M, Peak:0.00M | Scene, ViewLayer | Synchronizing object | GlassSphere
Fra:79 Mem:12.62M (Peak 53.05M) | Time:00:00.00 | Mem:0.00M, Peak:0.00M | Scene, ViewLayer | Initializing
Fra:79 Mem:10.71M (Peak 53.05M) | Time:00:00.00 | Mem:0.00M, Peak:0.00M | Scene, ViewLayer | Waiting for render to start
Fra:79 Mem:10.71M (Peak 53.05M) | Time:00:00.00 | Mem:0.00M, Peak:0.00M | Scene, ViewLayer | Updating Scene
Fra:79 Mem:10.71M (Peak 53.05M) | Time:00:00.00 | Mem:0.00M, Peak:0.00M | Scene, ViewLayer | Updating Shaders
Fra:79 Mem:10.71M (Peak 53.05M) | Time:00:00.00 | Mem:0.00M, Peak:0.00M | Scene, ViewLayer | Loading render kernels (may take a few minutes the first time)
Fra:79 Mem:10.79M (Peak 53.05M) | Time:00:00.00 | Mem:0.00M, Peak:0.00M | Scene, ViewLayer | Updating Procedurals
Fra:79 Mem:10.79M (Peak 53.05M) | Time:00:00.00 | Mem:0.00M, Peak:0.00M | Scene, ViewLayer | Updating Background
Fra:79 Mem:10.79M (Peak 53.05M) | Time:00:00.00 | Mem:0.00M, Peak:0.00M | Scene, ViewLayer | Updating Camera
Fra:79 Mem:10.79M (Peak 53.05M) | Time:00:00.00 | Mem:0.00M, Peak:0.00M | Scene, ViewLayer | Updating Meshes Flags
Fra:79 Mem:10.79M (Peak 53.05M) | Time:00:00.00 | Mem:0.00M, Peak:0.00M | Scene, ViewLayer | Updating Objects
Fra:79 Mem:10.79M (Peak 53.05M) | Time:00:00.00 | Mem:0.00M, Peak:0.00M | Scene, ViewLayer | Updating Objects | Copying Transformations to device
Fra:79 Mem:10.80M (Peak 53.05M) | Time:00:00.00 | Mem:0.01M, Peak:0.01M | Scene, ViewLayer | Updating Particle Systems
Fra:79 Mem:10.80M (Peak 53.05M) | Time:00:00.00 | Mem:0.01M, Peak:0.01M | Scene, ViewLayer | Updating Particle Systems | Copying Particles to device
Fra:79 Mem:10.80M (Peak 53.05M) | Time:00:00.00 | Mem:0.01M, Peak:0.01M | Scene, ViewLayer | Updating Meshes
Fra:79 Mem:10.80M (Peak 53.05M) | Time:00:00.00 | Mem:0.01M, Peak:0.01M | Scene, ViewLayer | Updating Objects | Applying Static Transformations
Fra:79 Mem:10.80M (Peak 53.05M) | Time:00:00.00 | Mem:0.01M, Peak:0.01M | Scene, ViewLayer | Updating Mesh | Computing attributes
Fra:79 Mem:10.84M (Peak 53.05M) | Time:00:00.00 | Mem:0.01M, Peak:0.01M | Scene, ViewLayer | Updating Mesh | Copying Attributes to device
Fra:79 Mem:10.84M (Peak 53.05M) | Time:00:00.00 | Mem:0.05M, Peak:0.05M | Scene, ViewLayer | Updating Scene BVH | Building
Fra:79 Mem:10.84M (Peak 53.05M) | Time:00:00.00 | Mem:0.05M, Peak:0.05M | Scene, ViewLayer | Updating Scene BVH | Building BVH
Fra:79 Mem:10.84M (Peak 53.05M) | Time:00:00.00 | Mem:0.21M, Peak:0.21M | Scene, ViewLayer | Updating Scene BVH | Building BVH 0%
Fra:79 Mem:10.84M (Peak 53.05M) | Time:00:00.00 | Mem:0.41M, Peak:0.57M | Scene, ViewLayer | Updating Scene BVH | Copying BVH to device
Fra:79 Mem:10.84M (Peak 53.05M) | Time:00:00.00 | Mem:0.41M, Peak:0.57M | Scene, ViewLayer | Updating Mesh | Computing normals
Fra:79 Mem:11.01M (Peak 53.05M) | Time:00:00.00 | Mem:0.41M, Peak:0.57M | Scene, ViewLayer | Updating Mesh | Copying Mesh to device
Fra:79 Mem:11.01M (Peak 53.05M) | Time:00:00.00 | Mem:0.58M, Peak:0.58M | Scene, ViewLayer | Updating Objects Flags
Fra:79 Mem:11.01M (Peak 53.05M) | Time:00:00.00 | Mem:0.58M, Peak:0.58M | Scene, ViewLayer | Updating Primitive Offsets
Fra:79 Mem:11.01M (Peak 53.05M) | Time:00:00.00 | Mem:0.58M, Peak:0.58M | Scene, ViewLayer | Updating Images
Fra:79 Mem:11.01M (Peak 53.05M) | Time:00:00.00 | Mem:0.58M, Peak:0.58M | Scene, ViewLayer | Updating Camera Volume
Fra:79 Mem:11.01M (Peak 53.05M) | Time:00:00.00 | Mem:0.58M, Peak:0.58M | Scene, ViewLayer | Updating Lookup Tables
Fra:79 Mem:11.01M (Peak 53.05M) | Time:00:00.00 | Mem:0.66M, Peak:0.66M | Scene, ViewLayer | Updating Lights
Fra:79 Mem:11.02M (Peak 53.05M) | Time:00:00.00 | Mem:0.66M, Peak:0.66M | Scene, ViewLayer | Updating Lights | Computing tree
Fra:79 Mem:11.48M (Peak 53.05M) | Time:00:00.02 | Mem:1.13M, Peak:1.13M | Scene, ViewLayer | Updating Integrator
Fra:79 Mem:11.48M (Peak 53.05M) | Time:00:00.02 | Mem:1.13M, Peak:1.13M | Scene, ViewLayer | Updating Film
Fra:79 Mem:11.48M (Peak 53.05M) | Time:00:00.02 | Mem:1.04M, Peak:1.13M | Scene, ViewLayer | Updating Lookup Tables
Fra:79 Mem:11.48M (Peak 53.05M) | Time:00:00.02 | Mem:1.13M, Peak:1.13M | Scene, ViewLayer | Updating Baking
Fra:79 Mem:11.48M (Peak 53.05M) | Time:00:00.02 | Mem:1.13M, Peak:1.13M | Scene, ViewLayer | Updating Device | Writing constant memory
Fra:79 Mem:11.48M (Peak 53.05M) | Time:00:00.02 | Mem:1.13M, Peak:1.13M | Scene, ViewLayer | Sample 0/32
Fra:79 Mem:29.32M (Peak 53.05M) | Time:00:00.23 | Remaining:00:06.62 | Mem:18.93M, Peak:18.93M | Scene, ViewLayer | Sample 1/32
Fra:79 Mem:37.23M (Peak 53.05M) | Time:00:06.94 | Mem:18.93M, Peak:18.93M | Scene, ViewLayer | Sample 32/32
Fra:79 Mem:37.23M (Peak 53.05M) | Time:00:06.94 | Mem:18.93M, Peak:18.93M | Scene, ViewLayer | Finished
Saved: '/home/runner/work/chaosim/chaosim/outputs/renders/paper_to_cloth_frames/frame_0079.png'
Time: 00:06.99 (Saving: 00:00.05)

Fra:80 Mem:12.19M (Peak 53.05M) | Time:00:00.00 | Mem:0.00M, Peak:0.00M | Scene, ViewLayer | Synchronizing object | ClothKey
Fra:80 Mem:12.19M (Peak 53.05M) | Time:00:00.00 | Mem:0.00M, Peak:0.00M | Scene, ViewLayer | Synchronizing object | Rod
Fra:80 Mem:12.19M (Peak 53.05M) | Time:00:00.00 | Mem:0.00M, Peak:0.00M | Scene, ViewLayer | Synchronizing object | FacesLabel
Fra:80 Mem:12.22M (Peak 53.05M) | Time:00:00.00 | Mem:0.00M, Peak:0.00M | Scene, ViewLayer | Synchronizing object | Sheet
Fra:80 Mem:12.22M (Peak 53.05M) | Time:00:00.00 | Mem:0.00M, Peak:0.00M | Scene, ViewLayer | Synchronizing object | GlassSphere
Fra:80 Mem:12.62M (Peak 53.05M) | Time:00:00.00 | Mem:0.00M, Peak:0.00M | Scene, ViewLayer | Initializing
Fra:80 Mem:10.71M (Peak 53.05M) | Time:00:00.00 | Mem:0.00M, Peak:0.00M | Scene, ViewLayer | Waiting for render to start
Fra:80 Mem:10.71M (Peak 53.05M) | Time:00:00.00 | Mem:0.00M, Peak:0.00M | Scene, ViewLayer | Updating Scene
Fra:80 Mem:10.71M (Peak 53.05M) | Time:00:00.00 | Mem:0.00M, Peak:0.00M | Scene, ViewLayer | Updating Shaders
Fra:80 Mem:10.71M (Peak 53.05M) | Time:00:00.00 | Mem:0.00M, Peak:0.00M | Scene, ViewLayer | Loading render kernels (may take a few minutes the first time)
Fra:80 Mem:10.79M (Peak 53.05M) | Time:00:00.00 | Mem:0.00M, Peak:0.00M | Scene, ViewLayer | Updating Procedurals
Fra:80 Mem:10.79M (Peak 53.05M) | Time:00:00.00 | Mem:0.00M, Peak:0.00M | Scene, ViewLayer | Updating Background
Fra:80 Mem:10.79M (Peak 53.05M) | Time:00:00.00 | Mem:0.00M, Peak:0.00M | Scene, ViewLayer | Updating Camera
Fra:80 Mem:10.79M (Peak 53.05M) | Time:00:00.00 | Mem:0.00M, Peak:0.00M | Scene, ViewLayer | Updating Meshes Flags
Fra:80 Mem:10.79M (Peak 53.05M) | Time:00:00.00 | Mem:0.00M, Peak:0.00M | Scene, ViewLayer | Updating Objects
Fra:80 Mem:10.79M (Peak 53.05M) | Time:00:00.00 | Mem:0.00M, Peak:0.00M | Scene, ViewLayer | Updating Objects | Copying Transformations to device
Fra:80 Mem:10.80M (Peak 53.05M) | Time:00:00.00 | Mem:0.01M, Peak:0.01M | Scene, ViewLayer | Updating Particle Systems
Fra:80 Mem:10.80M (Peak 53.05M) | Time:00:00.00 | Mem:0.01M, Peak:0.01M | Scene, ViewLayer | Updating Particle Systems | Copying Particles to device
Fra:80 Mem:10.80M (Peak 53.05M) | Time:00:00.00 | Mem:0.01M, Peak:0.01M | Scene, ViewLayer | Updating Meshes
Fra:80 Mem:10.80M (Peak 53.05M) | Time:00:00.00 | Mem:0.01M, Peak:0.01M | Scene, ViewLayer | Updating Objects | Applying Static Transformations
Fra:80 Mem:10.80M (Peak 53.05M) | Time:00:00.00 | Mem:0.01M, Peak:0.01M | Scene, ViewLayer | Updating Mesh | Computing attributes
Fra:80 Mem:10.84M (Peak 53.05M) | Time:00:00.00 | Mem:0.01M, Peak:0.01M | Scene, ViewLayer | Updating Mesh | Copying Attributes to device
Fra:80 Mem:10.84M (Peak 53.05M) | Time:00:00.00 | Mem:0.05M, Peak:0.05M | Scene, ViewLayer | Updating Scene BVH | Building
Fra:80 Mem:10.84M (Peak 53.05M) | Time:00:00.00 | Mem:0.05M, Peak:0.05M | Scene, ViewLayer | Updating Scene BVH | Building BVH
Fra:80 Mem:10.84M (Peak 53.05M) | Time:00:00.00 | Mem:0.21M, Peak:0.21M | Scene, ViewLayer | Updating Scene BVH | Building BVH 0%
Fra:80 Mem:10.84M (Peak 53.05M) | Time:00:00.00 | Mem:0.41M, Peak:0.57M | Scene, ViewLayer | Updating Scene BVH | Copying BVH to device
Fra:80 Mem:10.84M (Peak 53.05M) | Time:00:00.00 | Mem:0.41M, Peak:0.57M | Scene, ViewLayer | Updating Mesh | Computing normals
Fra:80 Mem:11.01M (Peak 53.05M) | Time:00:00.00 | Mem:0.41M, Peak:0.57M | Scene, ViewLayer | Updating Mesh | Copying Mesh to device
Fra:80 Mem:11.01M (Peak 53.05M) | Time:00:00.00 | Mem:0.58M, Peak:0.58M | Scene, ViewLayer | Updating Objects Flags
Fra:80 Mem:11.01M (Peak 53.05M) | Time:00:00.00 | Mem:0.58M, Peak:0.58M | Scene, ViewLayer | Updating Primitive Offsets
Fra:80 Mem:11.01M (Peak 53.05M) | Time:00:00.00 | Mem:0.58M, Peak:0.58M | Scene, ViewLayer | Updating Images
Fra:80 Mem:11.01M (Peak 53.05M) | Time:00:00.00 | Mem:0.58M, Peak:0.58M | Scene, ViewLayer | Updating Camera Volume
Fra:80 Mem:11.01M (Peak 53.05M) | Time:00:00.00 | Mem:0.58M, Peak:0.58M | Scene, ViewLayer | Updating Lookup Tables
Fra:80 Mem:11.01M (Peak 53.05M) | Time:00:00.00 | Mem:0.66M, Peak:0.66M | Scene, ViewLayer | Updating Lights
Fra:80 Mem:11.02M (Peak 53.05M) | Time:00:00.00 | Mem:0.66M, Peak:0.66M | Scene, ViewLayer | Updating Lights | Computing tree
Fra:80 Mem:11.48M (Peak 53.05M) | Time:00:00.02 | Mem:1.13M, Peak:1.13M | Scene, ViewLayer | Updating Integrator
Fra:80 Mem:11.48M (Peak 53.05M) | Time:00:00.02 | Mem:1.13M, Peak:1.13M | Scene, ViewLayer | Updating Film
Fra:80 Mem:11.48M (Peak 53.05M) | Time:00:00.02 | Mem:1.04M, Peak:1.13M | Scene, ViewLayer | Updating Lookup Tables
Fra:80 Mem:11.48M (Peak 53.05M) | Time:00:00.02 | Mem:1.13M, Peak:1.13M | Scene, ViewLayer | Updating Baking
Fra:80 Mem:11.48M (Peak 53.05M) | Time:00:00.02 | Mem:1.13M, Peak:1.13M | Scene, ViewLayer | Updating Device | Writing constant memory
Fra:80 Mem:11.48M (Peak 53.05M) | Time:00:00.02 | Mem:1.13M, Peak:1.13M | Scene, ViewLayer | Sample 0/32
Fra:80 Mem:29.32M (Peak 53.05M) | Time:00:00.22 | Remaining:00:06.46 | Mem:18.93M, Peak:18.93M | Scene, ViewLayer | Sample 1/32
Fra:80 Mem:37.23M (Peak 53.05M) | Time:00:06.81 | Mem:18.93M, Peak:18.93M | Scene, ViewLayer | Sample 32/32
Fra:80 Mem:37.23M (Peak 53.05M) | Time:00:06.81 | Mem:18.93M, Peak:18.93M | Scene, ViewLayer | Finished
Saved: '/home/runner/work/chaosim/chaosim/outputs/renders/paper_to_cloth_frames/frame_0080.png'
Time: 00:06.86 (Saving: 00:00.05)

Fra:81 Mem:12.19M (Peak 53.05M) | Time:00:00.00 | Mem:0.00M, Peak:0.00M | Scene, ViewLayer | Synchronizing object | ClothKey
Fra:81 Mem:12.19M (Peak 53.05M) | Time:00:00.00 | Mem:0.00M, Peak:0.00M | Scene, ViewLayer | Synchronizing object | Rod
Fra:81 Mem:12.19M (Peak 53.05M) | Time:00:00.00 | Mem:0.00M, Peak:0.00M | Scene, ViewLayer | Synchronizing object | FacesLabel
Fra:81 Mem:12.19M (Peak 53.05M) | Time:00:00.00 | Mem:0.00M, Peak:0.00M | Scene, ViewLayer | Synchronizing object | Sheet
Fra:81 Mem:12.25M (Peak 53.05M) | Time:00:00.00 | Mem:0.00M, Peak:0.00M | Scene, ViewLayer | Synchronizing object | GlassSphere
Fra:81 Mem:12.62M (Peak 53.05M) | Time:00:00.00 | Mem:0.00M, Peak:0.00M | Scene, ViewLayer | Initializing
Fra:81 Mem:10.71M (Peak 53.05M) | Time:00:00.00 | Mem:0.00M, Peak:0.00M | Scene, ViewLayer | Waiting for render to start
Fra:81 Mem:10.71M (Peak 53.05M) | Time:00:00.00 | Mem:0.00M, Peak:0.00M | Scene, ViewLayer | Updating Scene
Fra:81 Mem:10.71M (Peak 53.05M) | Time:00:00.00 | Mem:0.00M, Peak:0.00M | Scene, ViewLayer | Updating Shaders
Fra:81 Mem:10.71M (Peak 53.05M) | Time:00:00.00 | Mem:0.00M, Peak:0.00M | Scene, ViewLayer | Loading render kernels (may take a few minutes the first time)
Fra:81 Mem:10.79M (Peak 53.05M) | Time:00:00.00 | Mem:0.00M, Peak:0.00M | Scene, ViewLayer | Updating Procedurals
Fra:81 Mem:10.79M (Peak 53.05M) | Time:00:00.00 | Mem:0.00M, Peak:0.00M | Scene, ViewLayer | Updating Background
Fra:81 Mem:10.79M (Peak 53.05M) | Time:00:00.00 | Mem:0.00M, Peak:0.00M | Scene, ViewLayer | Updating Camera
Fra:81 Mem:10.79M (Peak 53.05M) | Time:00:00.00 | Mem:0.00M, Peak:0.00M | Scene, ViewLayer | Updating Meshes Flags
Fra:81 Mem:10.79M (Peak 53.05M) | Time:00:00.00 | Mem:0.00M, Peak:0.00M | Scene, ViewLayer | Updating Objects
Fra:81 Mem:10.79M (Peak 53.05M) | Time:00:00.00 | Mem:0.00M, Peak:0.00M | Scene, ViewLayer | Updating Objects | Copying Transformations to device
Fra:81 Mem:10.80M (Peak 53.05M) | Time:00:00.00 | Mem:0.01M, Peak:0.01M | Scene, ViewLayer | Updating Particle Systems
Fra:81 Mem:10.80M (Peak 53.05M) | Time:00:00.00 | Mem:0.01M, Peak:0.01M | Scene, ViewLayer | Updating Particle Systems | Copying Particles to device
Fra:81 Mem:10.80M (Peak 53.05M) | Time:00:00.00 | Mem:0.01M, Peak:0.01M | Scene, ViewLayer | Updating Meshes
Fra:81 Mem:10.80M (Peak 53.05M) | Time:00:00.00 | Mem:0.01M, Peak:0.01M | Scene, ViewLayer | Updating Objects | Applying Static Transformations
Fra:81 Mem:10.80M (Peak 53.05M) | Time:00:00.00 | Mem:0.01M, Peak:0.01M | Scene, ViewLayer | Updating Mesh | Computing attributes
Fra:81 Mem:10.84M (Peak 53.05M) | Time:00:00.00 | Mem:0.01M, Peak:0.01M | Scene, ViewLayer | Updating Mesh | Copying Attributes to device
Fra:81 Mem:10.84M (Peak 53.05M) | Time:00:00.00 | Mem:0.05M, Peak:0.05M | Scene, ViewLayer | Updating Scene BVH | Building
Fra:81 Mem:10.84M (Peak 53.05M) | Time:00:00.00 | Mem:0.05M, Peak:0.05M | Scene, ViewLayer | Updating Scene BVH | Building BVH
Fra:81 Mem:10.84M (Peak 53.05M) | Time:00:00.00 | Mem:0.21M, Peak:0.21M | Scene, ViewLayer | Updating Scene BVH | Building BVH 0%
Fra:81 Mem:10.84M (Peak 53.05M) | Time:00:00.00 | Mem:0.39M, Peak:0.56M | Scene, ViewLayer | Updating Scene BVH | Copying BVH to device
Fra:81 Mem:10.84M (Peak 53.05M) | Time:00:00.00 | Mem:0.39M, Peak:0.56M | Scene, ViewLayer | Updating Mesh | Computing normals
Fra:81 Mem:11.01M (Peak 53.05M) | Time:00:00.00 | Mem:0.39M, Peak:0.56M | Scene, ViewLayer | Updating Mesh | Copying Mesh to device
Fra:81 Mem:11.01M (Peak 53.05M) | Time:00:00.00 | Mem:0.57M, Peak:0.57M | Scene, ViewLayer | Updating Objects Flags
Fra:81 Mem:11.01M (Peak 53.05M) | Time:00:00.00 | Mem:0.57M, Peak:0.57M | Scene, ViewLayer | Updating Primitive Offsets
Fra:81 Mem:11.01M (Peak 53.05M) | Time:00:00.00 | Mem:0.57M, Peak:0.57M | Scene, ViewLayer | Updating Images
Fra:81 Mem:11.01M (Peak 53.05M) | Time:00:00.00 | Mem:0.57M, Peak:0.57M | Scene, ViewLayer | Updating Camera Volume
Fra:81 Mem:11.01M (Peak 53.05M) | Time:00:00.00 | Mem:0.57M, Peak:0.57M | Scene, ViewLayer | Updating Lookup Tables
Fra:81 Mem:11.01M (Peak 53.05M) | Time:00:00.00 | Mem:0.65M, Peak:0.65M | Scene, ViewLayer | Updating Lights
Fra:81 Mem:11.02M (Peak 53.05M) | Time:00:00.00 | Mem:0.65M, Peak:0.65M | Scene, ViewLayer | Updating Lights | Computing tree
Fra:81 Mem:11.48M (Peak 53.05M) | Time:00:00.02 | Mem:1.11M, Peak:1.11M | Scene, ViewLayer | Updating Integrator
Fra:81 Mem:11.48M (Peak 53.05M) | Time:00:00.02 | Mem:1.11M, Peak:1.11M | Scene, ViewLayer | Updating Film
Fra:81 Mem:11.48M (Peak 53.05M) | Time:00:00.02 | Mem:1.03M, Peak:1.11M | Scene, ViewLayer | Updating Lookup Tables
Fra:81 Mem:11.48M (Peak 53.05M) | Time:00:00.02 | Mem:1.11M, Peak:1.11M | Scene, ViewLayer | Updating Baking
Fra:81 Mem:11.48M (Peak 53.05M) | Time:00:00.02 | Mem:1.11M, Peak:1.11M | Scene, ViewLayer | Updating Device | Writing constant memory
Fra:81 Mem:11.48M (Peak 53.05M) | Time:00:00.02 | Mem:1.11M, Peak:1.11M | Scene, ViewLayer | Sample 0/32
Fra:81 Mem:29.32M (Peak 53.05M) | Time:00:00.21 | Remaining:00:06.15 | Mem:18.91M, Peak:18.91M | Scene, ViewLayer | Sample 1/32
Fra:81 Mem:37.23M (Peak 53.05M) | Time:00:06.52 | Mem:18.91M, Peak:18.91M | Scene, ViewLayer | Sample 32/32
Fra:81 Mem:37.23M (Peak 53.05M) | Time:00:06.52 | Mem:18.91M, Peak:18.91M | Scene, ViewLayer | Finished
Saved: '/home/runner/work/chaosim/chaosim/outputs/renders/paper_to_cloth_frames/frame_0081.png'
Time: 00:06.58 (Saving: 00:00.05)

Fra:82 Mem:12.19M (Peak 53.05M) | Time:00:00.00 | Mem:0.00M, Peak:0.00M | Scene, ViewLayer | Synchronizing object | ClothKey
Fra:82 Mem:12.19M (Peak 53.05M) | Time:00:00.00 | Mem:0.00M, Peak:0.00M | Scene, ViewLayer | Synchronizing object | Rod
Fra:82 Mem:12.19M (Peak 53.05M) | Time:00:00.00 | Mem:0.00M, Peak:0.00M | Scene, ViewLayer | Synchronizing object | FacesLabel
Fra:82 Mem:12.19M (Peak 53.05M) | Time:00:00.00 | Mem:0.00M, Peak:0.00M | Scene, ViewLayer | Synchronizing object | Sheet
Fra:82 Mem:12.24M (Peak 53.05M) | Time:00:00.00 | Mem:0.00M, Peak:0.00M | Scene, ViewLayer | Synchronizing object | GlassSphere
Fra:82 Mem:12.62M (Peak 53.05M) | Time:00:00.00 | Mem:0.00M, Peak:0.00M | Scene, ViewLayer | Initializing
Fra:82 Mem:10.71M (Peak 53.05M) | Time:00:00.00 | Mem:0.00M, Peak:0.00M | Scene, ViewLayer | Waiting for render to start
Fra:82 Mem:10.71M (Peak 53.05M) | Time:00:00.00 | Mem:0.00M, Peak:0.00M | Scene, ViewLayer | Updating Scene
Fra:82 Mem:10.71M (Peak 53.05M) | Time:00:00.00 | Mem:0.00M, Peak:0.00M | Scene, ViewLayer | Updating Shaders
Fra:82 Mem:10.71M (Peak 53.05M) | Time:00:00.00 | Mem:0.00M, Peak:0.00M | Scene, ViewLayer | Loading render kernels (may take a few minutes the first time)
Fra:82 Mem:10.79M (Peak 53.05M) | Time:00:00.00 | Mem:0.00M, Peak:0.00M | Scene, ViewLayer | Updating Procedurals
Fra:82 Mem:10.79M (Peak 53.05M) | Time:00:00.00 | Mem:0.00M, Peak:0.00M | Scene, ViewLayer | Updating Background
Fra:82 Mem:10.79M (Peak 53.05M) | Time:00:00.00 | Mem:0.00M, Peak:0.00M | Scene, ViewLayer | Updating Camera
Fra:82 Mem:10.79M (Peak 53.05M) | Time:00:00.00 | Mem:0.00M, Peak:0.00M | Scene, ViewLayer | Updating Meshes Flags
Fra:82 Mem:10.79M (Peak 53.05M) | Time:00:00.00 | Mem:0.00M, Peak:0.00M | Scene, ViewLayer | Updating Objects
Fra:82 Mem:10.79M (Peak 53.05M) | Time:00:00.00 | Mem:0.00M, Peak:0.00M | Scene, ViewLayer | Updating Objects | Copying Transformations to device
Fra:82 Mem:10.80M (Peak 53.05M) | Time:00:00.00 | Mem:0.01M, Peak:0.01M | Scene, ViewLayer | Updating Particle Systems
Fra:82 Mem:10.80M (Peak 53.05M) | Time:00:00.00 | Mem:0.01M, Peak:0.01M | Scene, ViewLayer | Updating Particle Systems | Copying Particles to device
Fra:82 Mem:10.80M (Peak 53.05M) | Time:00:00.00 | Mem:0.01M, Peak:0.01M | Scene, ViewLayer | Updating Meshes
Fra:82 Mem:10.80M (Peak 53.05M) | Time:00:00.00 | Mem:0.01M, Peak:0.01M | Scene, ViewLayer | Updating Objects | Applying Static Transformations
Fra:82 Mem:10.80M (Peak 53.05M) | Time:00:00.00 | Mem:0.01M, Peak:0.01M | Scene, ViewLayer | Updating Mesh | Computing attributes
Fra:82 Mem:10.84M (Peak 53.05M) | Time:00:00.00 | Mem:0.01M, Peak:0.01M | Scene, ViewLayer | Updating Mesh | Copying Attributes to device
Fra:82 Mem:10.84M (Peak 53.05M) | Time:00:00.00 | Mem:0.05M, Peak:0.05M | Scene, ViewLayer | Updating Scene BVH | Building
Fra:82 Mem:10.84M (Peak 53.05M) | Time:00:00.00 | Mem:0.05M, Peak:0.05M | Scene, ViewLayer | Updating Scene BVH | Building BVH
Fra:82 Mem:10.84M (Peak 53.05M) | Time:00:00.00 | Mem:0.21M, Peak:0.21M | Scene, ViewLayer | Updating Scene BVH | Building BVH 0%
Fra:82 Mem:10.84M (Peak 53.05M) | Time:00:00.00 | Mem:0.41M, Peak:0.57M | Scene, ViewLayer | Updating Scene BVH | Copying BVH to device
Fra:82 Mem:10.84M (Peak 53.05M) | Time:00:00.00 | Mem:0.41M, Peak:0.57M | Scene, ViewLayer | Updating Mesh | Computing normals
Fra:82 Mem:11.01M (Peak 53.05M) | Time:00:00.00 | Mem:0.41M, Peak:0.57M | Scene, ViewLayer | Updating Mesh | Copying Mesh to device
Fra:82 Mem:11.01M (Peak 53.05M) | Time:00:00.00 | Mem:0.58M, Peak:0.58M | Scene, ViewLayer | Updating Objects Flags
Fra:82 Mem:11.01M (Peak 53.05M) | Time:00:00.00 | Mem:0.58M, Peak:0.58M | Scene, ViewLayer | Updating Primitive Offsets
Fra:82 Mem:11.01M (Peak 53.05M) | Time:00:00.00 | Mem:0.58M, Peak:0.58M | Scene, ViewLayer | Updating Images
Fra:82 Mem:11.01M (Peak 53.05M) | Time:00:00.00 | Mem:0.58M, Peak:0.58M | Scene, ViewLayer | Updating Camera Volume
Fra:82 Mem:11.01M (Peak 53.05M) | Time:00:00.00 | Mem:0.58M, Peak:0.58M | Scene, ViewLayer | Updating Lookup Tables
Fra:82 Mem:11.01M (Peak 53.05M) | Time:00:00.00 | Mem:0.66M, Peak:0.66M | Scene, ViewLayer | Updating Lights
Fra:82 Mem:11.02M (Peak 53.05M) | Time:00:00.00 | Mem:0.66M, Peak:0.66M | Scene, ViewLayer | Updating Lights | Computing tree
Fra:82 Mem:11.48M (Peak 53.05M) | Time:00:00.01 | Mem:1.13M, Peak:1.13M | Scene, ViewLayer | Updating Integrator
Fra:82 Mem:11.48M (Peak 53.05M) | Time:00:00.01 | Mem:1.13M, Peak:1.13M | Scene, ViewLayer | Updating Film
Fra:82 Mem:11.48M (Peak 53.05M) | Time:00:00.01 | Mem:1.04M, Peak:1.13M | Scene, ViewLayer | Updating Lookup Tables
Fra:82 Mem:11.48M (Peak 53.05M) | Time:00:00.01 | Mem:1.13M, Peak:1.13M | Scene, ViewLayer | Updating Baking
Fra:82 Mem:11.48M (Peak 53.05M) | Time:00:00.01 | Mem:1.13M, Peak:1.13M | Scene, ViewLayer | Updating Device | Writing constant memory
Fra:82 Mem:11.48M (Peak 53.05M) | Time:00:00.02 | Mem:1.13M, Peak:1.13M | Scene, ViewLayer | Sample 0/32
Fra:82 Mem:29.32M (Peak 53.05M) | Time:00:00.21 | Remaining:00:06.02 | Mem:18.93M, Peak:18.93M | Scene, ViewLayer | Sample 1/32
Fra:82 Mem:37.23M (Peak 53.05M) | Time:00:06.31 | Mem:18.93M, Peak:18.93M | Scene, ViewLayer | Sample 32/32
Fra:82 Mem:37.23M (Peak 53.05M) | Time:00:06.31 | Mem:18.93M, Peak:18.93M | Scene, ViewLayer | Finished
Saved: '/home/runner/work/chaosim/chaosim/outputs/renders/paper_to_cloth_frames/frame_0082.png'
Time: 00:06.36 (Saving: 00:00.05)

Fra:83 Mem:12.19M (Peak 53.05M) | Time:00:00.00 | Mem:0.00M, Peak:0.00M | Scene, ViewLayer | Synchronizing object | ClothKey
Fra:83 Mem:12.19M (Peak 53.05M) | Time:00:00.00 | Mem:0.00M, Peak:0.00M | Scene, ViewLayer | Synchronizing object | ClothRim
Fra:83 Mem:12.19M (Peak 53.05M) | Time:00:00.00 | Mem:0.00M, Peak:0.00M | Scene, ViewLayer | Synchronizing object | Rod
Fra:83 Mem:12.19M (Peak 53.05M) | Time:00:00.00 | Mem:0.00M, Peak:0.00M | Scene, ViewLayer | Synchronizing object | GlassSphere
Fra:83 Mem:12.19M (Peak 53.05M) | Time:00:00.00 | Mem:0.00M, Peak:0.00M | Scene, ViewLayer | Synchronizing object | FacesLabel
Fra:83 Mem:12.62M (Peak 53.05M) | Time:00:00.00 | Mem:0.00M, Peak:0.00M | Scene, ViewLayer | Initializing
Fra:83 Mem:10.71M (Peak 53.05M) | Time:00:00.00 | Mem:0.00M, Peak:0.00M | Scene, ViewLayer | Waiting for render to start
Fra:83 Mem:10.71M (Peak 53.05M) | Time:00:00.00 | Mem:0.00M, Peak:0.00M | Scene, ViewLayer | Updating Scene
Fra:83 Mem:10.71M (Peak 53.05M) | Time:00:00.00 | Mem:0.00M, Peak:0.00M | Scene, ViewLayer | Updating Shaders
Fra:83 Mem:10.71M (Peak 53.05M) | Time:00:00.00 | Mem:0.00M, Peak:0.00M | Scene, ViewLayer | Loading render kernels (may take a few minutes the first time)
Fra:83 Mem:10.79M (Peak 53.05M) | Time:00:00.00 | Mem:0.00M, Peak:0.00M | Scene, ViewLayer | Updating Procedurals
Fra:83 Mem:10.79M (Peak 53.05M) | Time:00:00.00 | Mem:0.00M, Peak:0.00M | Scene, ViewLayer | Updating Background
Fra:83 Mem:10.79M (Peak 53.05M) | Time:00:00.00 | Mem:0.00M, Peak:0.00M | Scene, ViewLayer | Updating Camera
Fra:83 Mem:10.79M (Peak 53.05M) | Time:00:00.00 | Mem:0.00M, Peak:0.00M | Scene, ViewLayer | Updating Meshes Flags
Fra:83 Mem:10.79M (Peak 53.05M) | Time:00:00.00 | Mem:0.00M, Peak:0.00M | Scene, ViewLayer | Updating Objects
Fra:83 Mem:10.79M (Peak 53.05M) | Time:00:00.00 | Mem:0.00M, Peak:0.00M | Scene, ViewLayer | Updating Objects | Copying Transformations to device
Fra:83 Mem:10.80M (Peak 53.05M) | Time:00:00.00 | Mem:0.01M, Peak:0.01M | Scene, ViewLayer | Updating Particle Systems
Fra:83 Mem:10.80M (Peak 53.05M) | Time:00:00.00 | Mem:0.01M, Peak:0.01M | Scene, ViewLayer | Updating Particle Systems | Copying Particles to device
Fra:83 Mem:10.80M (Peak 53.05M) | Time:00:00.00 | Mem:0.01M, Peak:0.01M | Scene, ViewLayer | Updating Meshes
Fra:83 Mem:10.80M (Peak 53.05M) | Time:00:00.00 | Mem:0.01M, Peak:0.01M | Scene, ViewLayer | Updating Objects | Applying Static Transformations
Fra:83 Mem:10.80M (Peak 53.05M) | Time:00:00.00 | Mem:0.01M, Peak:0.01M | Scene, ViewLayer | Updating Mesh | Computing attributes
Fra:83 Mem:10.84M (Peak 53.05M) | Time:00:00.00 | Mem:0.01M, Peak:0.01M | Scene, ViewLayer | Updating Mesh | Copying Attributes to device
Fra:83 Mem:10.84M (Peak 53.05M) | Time:00:00.00 | Mem:0.05M, Peak:0.05M | Scene, ViewLayer | Updating Scene BVH | Building
Fra:83 Mem:10.84M (Peak 53.05M) | Time:00:00.00 | Mem:0.05M, Peak:0.05M | Scene, ViewLayer | Updating Scene BVH | Building BVH
Fra:83 Mem:10.84M (Peak 53.05M) | Time:00:00.00 | Mem:0.21M, Peak:0.21M | Scene, ViewLayer | Updating Scene BVH | Building BVH 0%
Fra:83 Mem:10.84M (Peak 53.05M) | Time:00:00.00 | Mem:0.39M, Peak:0.56M | Scene, ViewLayer | Updating Scene BVH | Copying BVH to device
Fra:83 Mem:10.84M (Peak 53.05M) | Time:00:00.00 | Mem:0.39M, Peak:0.56M | Scene, ViewLayer | Updating Mesh | Computing normals
Fra:83 Mem:11.01M (Peak 53.05M) | Time:00:00.00 | Mem:0.39M, Peak:0.56M | Scene, ViewLayer | Updating Mesh | Copying Mesh to device
Fra:83 Mem:11.01M (Peak 53.05M) | Time:00:00.00 | Mem:0.57M, Peak:0.57M | Scene, ViewLayer | Updating Objects Flags
Fra:83 Mem:11.01M (Peak 53.05M) | Time:00:00.00 | Mem:0.57M, Peak:0.57M | Scene, ViewLayer | Updating Primitive Offsets
Fra:83 Mem:11.01M (Peak 53.05M) | Time:00:00.00 | Mem:0.57M, Peak:0.57M | Scene, ViewLayer | Updating Images
Fra:83 Mem:11.01M (Peak 53.05M) | Time:00:00.00 | Mem:0.57M, Peak:0.57M | Scene, ViewLayer | Updating Camera Volume
Fra:83 Mem:11.01M (Peak 53.05M) | Time:00:00.00 | Mem:0.57M, Peak:0.57M | Scene, ViewLayer | Updating Lookup Tables
Fra:83 Mem:11.01M (Peak 53.05M) | Time:00:00.00 | Mem:0.65M, Peak:0.65M | Scene, ViewLayer | Updating Lights
Fra:83 Mem:11.02M (Peak 53.05M) | Time:00:00.00 | Mem:0.65M, Peak:0.65M | Scene, ViewLayer | Updating Lights | Computing tree
Fra:83 Mem:11.48M (Peak 53.05M) | Time:00:00.02 | Mem:1.11M, Peak:1.11M | Scene, ViewLayer | Updating Integrator
Fra:83 Mem:11.48M (Peak 53.05M) | Time:00:00.02 | Mem:1.11M, Peak:1.11M | Scene, ViewLayer | Updating Film
Fra:83 Mem:11.48M (Peak 53.05M) | Time:00:00.02 | Mem:1.03M, Peak:1.11M | Scene, ViewLayer | Updating Lookup Tables
Fra:83 Mem:11.48M (Peak 53.05M) | Time:00:00.02 | Mem:1.11M, Peak:1.11M | Scene, ViewLayer | Updating Baking
Fra:83 Mem:11.48M (Peak 53.05M) | Time:00:00.02 | Mem:1.11M, Peak:1.11M | Scene, ViewLayer | Updating Device | Writing constant memory
Fra:83 Mem:11.48M (Peak 53.05M) | Time:00:00.02 | Mem:1.11M, Peak:1.11M | Scene, ViewLayer | Sample 0/32
Fra:83 Mem:29.32M (Peak 53.05M) | Time:00:00.21 | Remaining:00:05.99 | Mem:18.91M, Peak:18.91M | Scene, ViewLayer | Sample 1/32
Fra:83 Mem:37.23M (Peak 53.05M) | Time:00:06.31 | Mem:18.91M, Peak:18.91M | Scene, ViewLayer | Sample 32/32
Fra:83 Mem:37.23M (Peak 53.05M) | Time:00:06.31 | Mem:18.91M, Peak:18.91M | Scene, ViewLayer | Finished
Saved: '/home/runner/work/chaosim/chaosim/outputs/renders/paper_to_cloth_frames/frame_0083.png'
Time: 00:06.36 (Saving: 00:00.05)

Fra:84 Mem:12.19M (Peak 53.05M) | Time:00:00.00 | Mem:0.00M, Peak:0.00M | Scene, ViewLayer | Synchronizing object | ClothKey
Fra:84 Mem:12.19M (Peak 53.05M) | Time:00:00.00 | Mem:0.00M, Peak:0.00M | Scene, ViewLayer | Synchronizing object | Rod
Fra:84 Mem:12.19M (Peak 53.05M) | Time:00:00.00 | Mem:0.00M, Peak:0.00M | Scene, ViewLayer | Synchronizing object | FacesLabel
Fra:84 Mem:12.19M (Peak 53.05M) | Time:00:00.00 | Mem:0.00M, Peak:0.00M | Scene, ViewLayer | Synchronizing object | GlassSphere
Fra:84 Mem:12.62M (Peak 53.05M) | Time:00:00.00 | Mem:0.00M, Peak:0.00M | Scene, ViewLayer | Initializing
Fra:84 Mem:10.71M (Peak 53.05M) | Time:00:00.00 | Mem:0.00M, Peak:0.00M | Scene, ViewLayer | Waiting for render to start
Fra:84 Mem:10.71M (Peak 53.05M) | Time:00:00.00 | Mem:0.00M, Peak:0.00M | Scene, ViewLayer | Updating Scene
Fra:84 Mem:10.71M (Peak 53.05M) | Time:00:00.00 | Mem:0.00M, Peak:0.00M | Scene, ViewLayer | Updating Shaders
Fra:84 Mem:10.71M (Peak 53.05M) | Time:00:00.00 | Mem:0.00M, Peak:0.00M | Scene, ViewLayer | Loading render kernels (may take a few minutes the first time)
Fra:84 Mem:10.79M (Peak 53.05M) | Time:00:00.00 | Mem:0.00M, Peak:0.00M | Scene, ViewLayer | Updating Procedurals
Fra:84 Mem:10.79M (Peak 53.05M) | Time:00:00.00 | Mem:0.00M, Peak:0.00M | Scene, ViewLayer | Updating Background
Fra:84 Mem:10.79M (Peak 53.05M) | Time:00:00.00 | Mem:0.00M, Peak:0.00M | Scene, ViewLayer | Updating Camera
Fra:84 Mem:10.79M (Peak 53.05M) | Time:00:00.00 | Mem:0.00M, Peak:0.00M | Scene, ViewLayer | Updating Meshes Flags
Fra:84 Mem:10.79M (Peak 53.05M) | Time:00:00.00 | Mem:0.00M, Peak:0.00M | Scene, ViewLayer | Updating Objects
Fra:84 Mem:10.79M (Peak 53.05M) | Time:00:00.00 | Mem:0.00M, Peak:0.00M | Scene, ViewLayer | Updating Objects | Copying Transformations to device
Fra:84 Mem:10.80M (Peak 53.05M) | Time:00:00.00 | Mem:0.01M, Peak:0.01M | Scene, ViewLayer | Updating Particle Systems
Fra:84 Mem:10.80M (Peak 53.05M) | Time:00:00.00 | Mem:0.01M, Peak:0.01M | Scene, ViewLayer | Updating Particle Systems | Copying Particles to device
Fra:84 Mem:10.80M (Peak 53.05M) | Time:00:00.00 | Mem:0.01M, Peak:0.01M | Scene, ViewLayer | Updating Meshes
Fra:84 Mem:10.80M (Peak 53.05M) | Time:00:00.00 | Mem:0.01M, Peak:0.01M | Scene, ViewLayer | Updating Objects | Applying Static Transformations
Fra:84 Mem:10.80M (Peak 53.05M) | Time:00:00.00 | Mem:0.01M, Peak:0.01M | Scene, ViewLayer | Updating Mesh | Computing attributes
Fra:84 Mem:10.84M (Peak 53.05M) | Time:00:00.00 | Mem:0.01M, Peak:0.01M | Scene, ViewLayer | Updating Mesh | Copying Attributes to device
Fra:84 Mem:10.84M (Peak 53.05M) | Time:00:00.00 | Mem:0.05M, Peak:0.05M | Scene, ViewLayer | Updating Scene BVH | Building
Fra:84 Mem:10.84M (Peak 53.05M) | Time:00:00.00 | Mem:0.05M, Peak:0.05M | Scene, ViewLayer | Updating Scene BVH | Building BVH
Fra:84 Mem:10.84M (Peak 53.05M) | Time:00:00.00 | Mem:0.21M, Peak:0.21M | Scene, ViewLayer | Updating Scene BVH | Building BVH 0%
Fra:84 Mem:10.84M (Peak 53.05M) | Time:00:00.00 | Mem:0.41M, Peak:0.57M | Scene, ViewLayer | Updating Scene BVH | Copying BVH to device
Fra:84 Mem:10.84M (Peak 53.05M) | Time:00:00.00 | Mem:0.41M, Peak:0.57M | Scene, ViewLayer | Updating Mesh | Computing normals
Fra:84 Mem:11.01M (Peak 53.05M) | Time:00:00.00 | Mem:0.41M, Peak:0.57M | Scene, ViewLayer | Updating Mesh | Copying Mesh to device
Fra:84 Mem:11.01M (Peak 53.05M) | Time:00:00.00 | Mem:0.58M, Peak:0.58M | Scene, ViewLayer | Updating Objects Flags
Fra:84 Mem:11.01M (Peak 53.05M) | Time:00:00.00 | Mem:0.58M, Peak:0.58M | Scene, ViewLayer | Updating Primitive Offsets
Fra:84 Mem:11.01M (Peak 53.05M) | Time:00:00.00 | Mem:0.58M, Peak:0.58M | Scene, ViewLayer | Updating Images
Fra:84 Mem:11.01M (Peak 53.05M) | Time:00:00.00 | Mem:0.58M, Peak:0.58M | Scene, ViewLayer | Updating Camera Volume
Fra:84 Mem:11.01M (Peak 53.05M) | Time:00:00.00 | Mem:0.58M, Peak:0.58M | Scene, ViewLayer | Updating Lookup Tables
Fra:84 Mem:11.01M (Peak 53.05M) | Time:00:00.00 | Mem:0.66M, Peak:0.66M | Scene, ViewLayer | Updating Lights
Fra:84 Mem:11.02M (Peak 53.05M) | Time:00:00.00 | Mem:0.66M, Peak:0.66M | Scene, ViewLayer | Updating Lights | Computing tree
Fra:84 Mem:11.48M (Peak 53.05M) | Time:00:00.02 | Mem:1.13M, Peak:1.13M | Scene, ViewLayer | Updating Integrator
Fra:84 Mem:11.48M (Peak 53.05M) | Time:00:00.02 | Mem:1.13M, Peak:1.13M | Scene, ViewLayer | Updating Film
Fra:84 Mem:11.48M (Peak 53.05M) | Time:00:00.02 | Mem:1.04M, Peak:1.13M | Scene, ViewLayer | Updating Lookup Tables
Fra:84 Mem:11.48M (Peak 53.05M) | Time:00:00.02 | Mem:1.13M, Peak:1.13M | Scene, ViewLayer | Updating Baking
Fra:84 Mem:11.48M (Peak 53.05M) | Time:00:00.02 | Mem:1.13M, Peak:1.13M | Scene, ViewLayer | Updating Device | Writing constant memory
Fra:84 Mem:11.48M (Peak 53.05M) | Time:00:00.02 | Mem:1.13M, Peak:1.13M | Scene, ViewLayer | Sample 0/32
Fra:84 Mem:29.32M (Peak 53.05M) | Time:00:00.21 | Remaining:00:05.94 | Mem:18.93M, Peak:18.93M | Scene, ViewLayer | Sample 1/32
Fra:84 Mem:37.23M (Peak 53.05M) | Time:00:06.23 | Mem:18.93M, Peak:18.93M | Scene, ViewLayer | Sample 32/32
Fra:84 Mem:37.23M (Peak 53.05M) | Time:00:06.23 | Mem:18.93M, Peak:18.93M | Scene, ViewLayer | Finished
Saved: '/home/runner/work/chaosim/chaosim/outputs/renders/paper_to_cloth_frames/frame_0084.png'
Time: 00:06.28 (Saving: 00:00.05)

Fra:85 Mem:12.19M (Peak 53.05M) | Time:00:00.00 | Mem:0.00M, Peak:0.00M | Scene, ViewLayer | Synchronizing object | ClothKey
Fra:85 Mem:12.19M (Peak 53.05M) | Time:00:00.00 | Mem:0.00M, Peak:0.00M | Scene, ViewLayer | Synchronizing object | Rod
Fra:85 Mem:12.19M (Peak 53.05M) | Time:00:00.00 | Mem:0.00M, Peak:0.00M | Scene, ViewLayer | Synchronizing object | Sheet
Fra:85 Mem:12.19M (Peak 53.05M) | Time:00:00.00 | Mem:0.00M, Peak:0.00M | Scene, ViewLayer | Synchronizing object | GlassSphere
Fra:85 Mem:12.62M (Peak 53.05M) | Time:00:00.00 | Mem:0.00M, Peak:0.00M | Scene, ViewLayer | Initializing
Fra:85 Mem:10.71M (Peak 53.05M) | Time:00:00.00 | Mem:0.00M, Peak:0.00M | Scene, ViewLayer | Waiting for render to start
Fra:85 Mem:10.71M (Peak 53.05M) | Time:00:00.00 | Mem:0.00M, Peak:0.00M | Scene, ViewLayer | Updating Scene
Fra:85 Mem:10.71M (Peak 53.05M) | Time:00:00.00 | Mem:0.00M, Peak:0.00M | Scene, ViewLayer | Updating Shaders
Fra:85 Mem:10.71M (Peak 53.05M) | Time:00:00.00 | Mem:0.00M, Peak:0.00M | Scene, ViewLayer | Loading render kernels (may take a few minutes the first time)
Fra:85 Mem:10.79M (Peak 53.05M) | Time:00:00.00 | Mem:0.00M, Peak:0.00M | Scene, ViewLayer | Updating Procedurals
Fra:85 Mem:10.79M (Peak 53.05M) | Time:00:00.00 | Mem:0.00M, Peak:0.00M | Scene, ViewLayer | Updating Background
Fra:85 Mem:10.79M (Peak 53.05M) | Time:00:00.00 | Mem:0.00M, Peak:0.00M | Scene, ViewLayer | Updating Camera
Fra:85 Mem:10.79M (Peak 53.05M) | Time:00:00.00 | Mem:0.00M, Peak:0.00M | Scene, ViewLayer | Updating Meshes Flags
Fra:85 Mem:10.79M (Peak 53.05M) | Time:00:00.00 | Mem:0.00M, Peak:0.00M | Scene, ViewLayer | Updating Objects
Fra:85 Mem:10.79M (Peak 53.05M) | Time:00:00.00 | Mem:0.00M, Peak:0.00M | Scene, ViewLayer | Updating Objects | Copying Transformations to device
Fra:85 Mem:10.80M (Peak 53.05M) | Time:00:00.00 | Mem:0.01M, Peak:0.01M | Scene, ViewLayer | Updating Particle Systems
Fra:85 Mem:10.80M (Peak 53.05M) | Time:00:00.00 | Mem:0.01M, Peak:0.01M | Scene, ViewLayer | Updating Particle Systems | Copying Particles to device
Fra:85 Mem:10.80M (Peak 53.05M) | Time:00:00.00 | Mem:0.01M, Peak:0.01M | Scene, ViewLayer | Updating Meshes
Fra:85 Mem:10.80M (Peak 53.05M) | Time:00:00.00 | Mem:0.01M, Peak:0.01M | Scene, ViewLayer | Updating Objects | Applying Static Transformations
Fra:85 Mem:10.80M (Peak 53.05M) | Time:00:00.00 | Mem:0.01M, Peak:0.01M | Scene, ViewLayer | Updating Mesh | Computing attributes
Fra:85 Mem:10.84M (Peak 53.05M) | Time:00:00.00 | Mem:0.01M, Peak:0.01M | Scene, ViewLayer | Updating Mesh | Copying Attributes to device
Fra:85 Mem:10.84M (Peak 53.05M) | Time:00:00.00 | Mem:0.05M, Peak:0.05M | Scene, ViewLayer | Updating Scene BVH | Building
Fra:85 Mem:10.84M (Peak 53.05M) | Time:00:00.00 | Mem:0.05M, Peak:0.05M | Scene, ViewLayer | Updating Scene BVH | Building BVH
Fra:85 Mem:10.84M (Peak 53.05M) | Time:00:00.00 | Mem:0.21M, Peak:0.21M | Scene, ViewLayer | Updating Scene BVH | Building BVH 0%
Fra:85 Mem:10.84M (Peak 53.05M) | Time:00:00.00 | Mem:0.41M, Peak:0.57M | Scene, ViewLayer | Updating Scene BVH | Copying BVH to device
Fra:85 Mem:10.84M (Peak 53.05M) | Time:00:00.00 | Mem:0.41M, Peak:0.57M | Scene, ViewLayer | Updating Mesh | Computing normals
Fra:85 Mem:11.01M (Peak 53.05M) | Time:00:00.00 | Mem:0.41M, Peak:0.57M | Scene, ViewLayer | Updating Mesh | Copying Mesh to device
Fra:85 Mem:11.01M (Peak 53.05M) | Time:00:00.00 | Mem:0.58M, Peak:0.58M | Scene, ViewLayer | Updating Objects Flags
Fra:85 Mem:11.01M (Peak 53.05M) | Time:00:00.00 | Mem:0.58M, Peak:0.58M | Scene, ViewLayer | Updating Primitive Offsets
Fra:85 Mem:11.01M (Peak 53.05M) | Time:00:00.00 | Mem:0.58M, Peak:0.58M | Scene, ViewLayer | Updating Images
Fra:85 Mem:11.01M (Peak 53.05M) | Time:00:00.00 | Mem:0.58M, Peak:0.58M | Scene, ViewLayer | Updating Camera Volume
Fra:85 Mem:11.01M (Peak 53.05M) | Time:00:00.00 | Mem:0.58M, Peak:0.58M | Scene, ViewLayer | Updating Lookup Tables
Fra:85 Mem:11.01M (Peak 53.05M) | Time:00:00.00 | Mem:0.66M, Peak:0.66M | Scene, ViewLayer | Updating Lights
Fra:85 Mem:11.02M (Peak 53.05M) | Time:00:00.00 | Mem:0.66M, Peak:0.66M | Scene, ViewLayer | Updating Lights | Computing tree
Fra:85 Mem:11.48M (Peak 53.05M) | Time:00:00.02 | Mem:1.13M, Peak:1.13M | Scene, ViewLayer | Updating Integrator
Fra:85 Mem:11.48M (Peak 53.05M) | Time:00:00.02 | Mem:1.13M, Peak:1.13M | Scene, ViewLayer | Updating Film
Fra:85 Mem:11.48M (Peak 53.05M) | Time:00:00.02 | Mem:1.04M, Peak:1.13M | Scene, ViewLayer | Updating Lookup Tables
Fra:85 Mem:11.48M (Peak 53.05M) | Time:00:00.02 | Mem:1.13M, Peak:1.13M | Scene, ViewLayer | Updating Baking
Fra:85 Mem:11.48M (Peak 53.05M) | Time:00:00.02 | Mem:1.13M, Peak:1.13M | Scene, ViewLayer | Updating Device | Writing constant memory
Fra:85 Mem:11.48M (Peak 53.05M) | Time:00:00.02 | Mem:1.13M, Peak:1.13M | Scene, ViewLayer | Sample 0/32
Fra:85 Mem:29.32M (Peak 53.05M) | Time:00:00.20 | Remaining:00:05.79 | Mem:18.93M, Peak:18.93M | Scene, ViewLayer | Sample 1/32
Fra:85 Mem:37.23M (Peak 53.05M) | Time:00:06.17 | Mem:18.93M, Peak:18.93M | Scene, ViewLayer | Sample 32/32
Fra:85 Mem:37.23M (Peak 53.05M) | Time:00:06.17 | Mem:18.93M, Peak:18.93M | Scene, ViewLayer | Finished
Saved: '/home/runner/work/chaosim/chaosim/outputs/renders/paper_to_cloth_frames/frame_0085.png'
Time: 00:06.23 (Saving: 00:00.05)

Fra:86 Mem:12.19M (Peak 53.05M) | Time:00:00.00 | Mem:0.00M, Peak:0.00M | Scene, ViewLayer | Synchronizing object | ClothKey
Fra:86 Mem:12.19M (Peak 53.05M) | Time:00:00.00 | Mem:0.00M, Peak:0.00M | Scene, ViewLayer | Synchronizing object | ClothRim
Fra:86 Mem:12.19M (Peak 53.05M) | Time:00:00.00 | Mem:0.00M, Peak:0.00M | Scene, ViewLayer | Synchronizing object | FacesLabel
Fra:86 Mem:12.19M (Peak 53.05M) | Time:00:00.00 | Mem:0.00M, Peak:0.00M | Scene, ViewLayer | Synchronizing object | Sheet
Fra:86 Mem:12.32M (Peak 53.05M) | Time:00:00.00 | Mem:0.00M, Peak:0.00M | Scene, ViewLayer | Synchronizing object | GlassSphere
Fra:86 Mem:12.62M (Peak 53.05M) | Time:00:00.00 | Mem:0.00M, Peak:0.00M | Scene, ViewLayer | Initializing
Fra:86 Mem:10.71M (Peak 53.05M) | Time:00:00.00 | Mem:0.00M, Peak:0.00M | Scene, ViewLayer | Waiting for render to start
Fra:86 Mem:10.71M (Peak 53.05M) | Time:00:00.00 | Mem:0.00M, Peak:0.00M | Scene, ViewLayer | Updating Scene
Fra:86 Mem:10.71M (Peak 53.05M) | Time:00:00.00 | Mem:0.00M, Peak:0.00M | Scene, ViewLayer | Updating Shaders
Fra:86 Mem:10.71M (Peak 53.05M) | Time:00:00.00 | Mem:0.00M, Peak:0.00M | Scene, ViewLayer | Loading render kernels (may take a few minutes the first time)
Fra:86 Mem:10.79M (Peak 53.05M) | Time:00:00.00 | Mem:0.00M, Peak:0.00M | Scene, ViewLayer | Updating Procedurals
Fra:86 Mem:10.79M (Peak 53.05M) | Time:00:00.00 | Mem:0.00M, Peak:0.00M | Scene, ViewLayer | Updating Background
Fra:86 Mem:10.79M (Peak 53.05M) | Time:00:00.00 | Mem:0.00M, Peak:0.00M | Scene, ViewLayer | Updating Camera
Fra:86 Mem:10.79M (Peak 53.05M) | Time:00:00.00 | Mem:0.00M, Peak:0.00M | Scene, ViewLayer | Updating Meshes Flags
Fra:86 Mem:10.79M (Peak 53.05M) | Time:00:00.00 | Mem:0.00M, Peak:0.00M | Scene, ViewLayer | Updating Objects
Fra:86 Mem:10.79M (Peak 53.05M) | Time:00:00.00 | Mem:0.00M, Peak:0.00M | Scene, ViewLayer | Updating Objects | Copying Transformations to device
Fra:86 Mem:10.80M (Peak 53.05M) | Time:00:00.00 | Mem:0.01M, Peak:0.01M | Scene, ViewLayer | Updating Particle Systems
Fra:86 Mem:10.80M (Peak 53.05M) | Time:00:00.00 | Mem:0.01M, Peak:0.01M | Scene, ViewLayer | Updating Particle Systems | Copying Particles to device
Fra:86 Mem:10.80M (Peak 53.05M) | Time:00:00.00 | Mem:0.01M, Peak:0.01M | Scene, ViewLayer | Updating Meshes
Fra:86 Mem:10.80M (Peak 53.05M) | Time:00:00.00 | Mem:0.01M, Peak:0.01M | Scene, ViewLayer | Updating Objects | Applying Static Transformations
Fra:86 Mem:10.80M (Peak 53.05M) | Time:00:00.00 | Mem:0.01M, Peak:0.01M | Scene, ViewLayer | Updating Mesh | Computing attributes
Fra:86 Mem:10.84M (Peak 53.05M) | Time:00:00.00 | Mem:0.01M, Peak:0.01M | Scene, ViewLayer | Updating Mesh | Copying Attributes to device
Fra:86 Mem:10.84M (Peak 53.05M) | Time:00:00.00 | Mem:0.05M, Peak:0.05M | Scene, ViewLayer | Updating Scene BVH | Building
Fra:86 Mem:10.84M (Peak 53.05M) | Time:00:00.00 | Mem:0.05M, Peak:0.05M | Scene, ViewLayer | Updating Scene BVH | Building BVH
Fra:86 Mem:10.84M (Peak 53.05M) | Time:00:00.00 | Mem:0.21M, Peak:0.21M | Scene, ViewLayer | Updating Scene BVH | Building BVH 0%
Fra:86 Mem:10.84M (Peak 53.05M) | Time:00:00.00 | Mem:0.39M, Peak:0.56M | Scene, ViewLayer | Updating Scene BVH | Copying BVH to device
Fra:86 Mem:10.84M (Peak 53.05M) | Time:00:00.00 | Mem:0.39M, Peak:0.56M | Scene, ViewLayer | Updating Mesh | Computing normals
Fra:86 Mem:11.01M (Peak 53.05M) | Time:00:00.00 | Mem:0.39M, Peak:0.56M | Scene, ViewLayer | Updating Mesh | Copying Mesh to device
Fra:86 Mem:11.01M (Peak 53.05M) | Time:00:00.00 | Mem:0.57M, Peak:0.57M | Scene, ViewLayer | Updating Objects Flags
Fra:86 Mem:11.01M (Peak 53.05M) | Time:00:00.00 | Mem:0.57M, Peak:0.57M | Scene, ViewLayer | Updating Primitive Offsets
Fra:86 Mem:11.01M (Peak 53.05M) | Time:00:00.00 | Mem:0.57M, Peak:0.57M | Scene, ViewLayer | Updating Images
Fra:86 Mem:11.01M (Peak 53.05M) | Time:00:00.00 | Mem:0.57M, Peak:0.57M | Scene, ViewLayer | Updating Camera Volume
Fra:86 Mem:11.01M (Peak 53.05M) | Time:00:00.00 | Mem:0.57M, Peak:0.57M | Scene, ViewLayer | Updating Lookup Tables
Fra:86 Mem:11.01M (Peak 53.05M) | Time:00:00.00 | Mem:0.65M, Peak:0.65M | Scene, ViewLayer | Updating Lights
Fra:86 Mem:11.02M (Peak 53.05M) | Time:00:00.00 | Mem:0.65M, Peak:0.65M | Scene, ViewLayer | Updating Lights | Computing tree
Fra:86 Mem:11.48M (Peak 53.05M) | Time:00:00.02 | Mem:1.11M, Peak:1.11M | Scene, ViewLayer | Updating Integrator
Fra:86 Mem:11.48M (Peak 53.05M) | Time:00:00.02 | Mem:1.11M, Peak:1.11M | Scene, ViewLayer | Updating Film
Fra:86 Mem:11.48M (Peak 53.05M) | Time:00:00.02 | Mem:1.03M, Peak:1.11M | Scene, ViewLayer | Updating Lookup Tables
Fra:86 Mem:11.48M (Peak 53.05M) | Time:00:00.02 | Mem:1.11M, Peak:1.11M | Scene, ViewLayer | Updating Baking
Fra:86 Mem:11.48M (Peak 53.05M) | Time:00:00.02 | Mem:1.11M, Peak:1.11M | Scene, ViewLayer | Updating Device | Writing constant memory
Fra:86 Mem:11.48M (Peak 53.05M) | Time:00:00.02 | Mem:1.11M, Peak:1.11M | Scene, ViewLayer | Sample 0/32
Fra:86 Mem:29.32M (Peak 53.05M) | Time:00:00.20 | Remaining:00:05.78 | Mem:18.91M, Peak:18.91M | Scene, ViewLayer | Sample 1/32
Fra:86 Mem:37.23M (Peak 53.05M) | Time:00:06.10 | Mem:18.91M, Peak:18.91M | Scene, ViewLayer | Sample 32/32
Fra:86 Mem:37.23M (Peak 53.05M) | Time:00:06.10 | Mem:18.91M, Peak:18.91M | Scene, ViewLayer | Finished
Saved: '/home/runner/work/chaosim/chaosim/outputs/renders/paper_to_cloth_frames/frame_0086.png'
Time: 00:06.15 (Saving: 00:00.05)

Fra:87 Mem:12.19M (Peak 53.05M) | Time:00:00.00 | Mem:0.00M, Peak:0.00M | Scene, ViewLayer | Synchronizing object | ClothKey
Fra:87 Mem:12.19M (Peak 53.05M) | Time:00:00.00 | Mem:0.00M, Peak:0.00M | Scene, ViewLayer | Synchronizing object | Rod
Fra:87 Mem:12.19M (Peak 53.05M) | Time:00:00.00 | Mem:0.00M, Peak:0.00M | Scene, ViewLayer | Synchronizing object | FacesLabel
Fra:87 Mem:12.22M (Peak 53.05M) | Time:00:00.00 | Mem:0.00M, Peak:0.00M | Scene, ViewLayer | Synchronizing object | Sheet
Fra:87 Mem:12.22M (Peak 53.05M) | Time:00:00.00 | Mem:0.00M, Peak:0.00M | Scene, ViewLayer | Synchronizing object | GlassSphere
Fra:87 Mem:12.62M (Peak 53.05M) | Time:00:00.00 | Mem:0.00M, Peak:0.00M | Scene, ViewLayer | Initializing
Fra:87 Mem:10.71M (Peak 53.05M) | Time:00:00.00 | Mem:0.00M, Peak:0.00M | Scene, ViewLayer | Waiting for render to start
Fra:87 Mem:10.71M (Peak 53.05M) | Time:00:00.00 | Mem:0.00M, Peak:0.00M | Scene, ViewLayer | Updating Scene
Fra:87 Mem:10.71M (Peak 53.05M) | Time:00:00.00 | Mem:0.00M, Peak:0.00M | Scene, ViewLayer | Updating Shaders
Fra:87 Mem:10.71M (Peak 53.05M) | Time:00:00.00 | Mem:0.00M, Peak:0.00M | Scene, ViewLayer | Loading render kernels (may take a few minutes the first time)
Fra:87 Mem:10.79M (Peak 53.05M) | Time:00:00.00 | Mem:0.00M, Peak:0.00M | Scene, ViewLayer | Updating Procedurals
Fra:87 Mem:10.79M (Peak 53.05M) | Time:00:00.00 | Mem:0.00M, Peak:0.00M | Scene, ViewLayer | Updating Background
Fra:87 Mem:10.79M (Peak 53.05M) | Time:00:00.00 | Mem:0.00M, Peak:0.00M | Scene, ViewLayer | Updating Camera
Fra:87 Mem:10.79M (Peak 53.05M) | Time:00:00.00 | Mem:0.00M, Peak:0.00M | Scene, ViewLayer | Updating Meshes Flags
Fra:87 Mem:10.79M (Peak 53.05M) | Time:00:00.00 | Mem:0.00M, Peak:0.00M | Scene, ViewLayer | Updating Objects
Fra:87 Mem:10.79M (Peak 53.05M) | Time:00:00.00 | Mem:0.00M, Peak:0.00M | Scene, ViewLayer | Updating Objects | Copying Transformations to device
Fra:87 Mem:10.80M (Peak 53.05M) | Time:00:00.00 | Mem:0.01M, Peak:0.01M | Scene, ViewLayer | Updating Particle Systems
Fra:87 Mem:10.80M (Peak 53.05M) | Time:00:00.00 | Mem:0.01M, Peak:0.01M | Scene, ViewLayer | Updating Particle Systems | Copying Particles to device
Fra:87 Mem:10.80M (Peak 53.05M) | Time:00:00.00 | Mem:0.01M, Peak:0.01M | Scene, ViewLayer | Updating Meshes
Fra:87 Mem:10.80M (Peak 53.05M) | Time:00:00.00 | Mem:0.01M, Peak:0.01M | Scene, ViewLayer | Updating Objects | Applying Static Transformations
Fra:87 Mem:10.80M (Peak 53.05M) | Time:00:00.00 | Mem:0.01M, Peak:0.01M | Scene, ViewLayer | Updating Mesh | Computing attributes
Fra:87 Mem:10.84M (Peak 53.05M) | Time:00:00.00 | Mem:0.01M, Peak:0.01M | Scene, ViewLayer | Updating Mesh | Copying Attributes to device
Fra:87 Mem:10.84M (Peak 53.05M) | Time:00:00.00 | Mem:0.05M, Peak:0.05M | Scene, ViewLayer | Updating Scene BVH | Building
Fra:87 Mem:10.84M (Peak 53.05M) | Time:00:00.00 | Mem:0.05M, Peak:0.05M | Scene, ViewLayer | Updating Scene BVH | Building BVH
Fra:87 Mem:10.84M (Peak 53.05M) | Time:00:00.00 | Mem:0.21M, Peak:0.21M | Scene, ViewLayer | Updating Scene BVH | Building BVH 0%
Fra:87 Mem:10.84M (Peak 53.05M) | Time:00:00.00 | Mem:0.41M, Peak:0.57M | Scene, ViewLayer | Updating Scene BVH | Copying BVH to device
Fra:87 Mem:10.84M (Peak 53.05M) | Time:00:00.00 | Mem:0.41M, Peak:0.57M | Scene, ViewLayer | Updating Mesh | Computing normals
Fra:87 Mem:11.01M (Peak 53.05M) | Time:00:00.00 | Mem:0.41M, Peak:0.57M | Scene, ViewLayer | Updating Mesh | Copying Mesh to device
Fra:87 Mem:11.01M (Peak 53.05M) | Time:00:00.00 | Mem:0.58M, Peak:0.58M | Scene, ViewLayer | Updating Objects Flags
Fra:87 Mem:11.01M (Peak 53.05M) | Time:00:00.00 | Mem:0.58M, Peak:0.58M | Scene, ViewLayer | Updating Primitive Offsets
Fra:87 Mem:11.01M (Peak 53.05M) | Time:00:00.00 | Mem:0.58M, Peak:0.58M | Scene, ViewLayer | Updating Images
Fra:87 Mem:11.01M (Peak 53.05M) | Time:00:00.00 | Mem:0.58M, Peak:0.58M | Scene, ViewLayer | Updating Camera Volume
Fra:87 Mem:11.01M (Peak 53.05M) | Time:00:00.00 | Mem:0.58M, Peak:0.58M | Scene, ViewLayer | Updating Lookup Tables
Fra:87 Mem:11.01M (Peak 53.05M) | Time:00:00.00 | Mem:0.66M, Peak:0.66M | Scene, ViewLayer | Updating Lights
Fra:87 Mem:11.02M (Peak 53.05M) | Time:00:00.00 | Mem:0.66M, Peak:0.66M | Scene, ViewLayer | Updating Lights | Computing tree
Fra:87 Mem:11.48M (Peak 53.05M) | Time:00:00.02 | Mem:1.13M, Peak:1.13M | Scene, ViewLayer | Updating Integrator
Fra:87 Mem:11.48M (Peak 53.05M) | Time:00:00.02 | Mem:1.13M, Peak:1.13M | Scene, ViewLayer | Updating Film
Fra:87 Mem:11.48M (Peak 53.05M) | Time:00:00.02 | Mem:1.04M, Peak:1.13M | Scene, ViewLayer | Updating Lookup Tables
Fra:87 Mem:11.48M (Peak 53.05M) | Time:00:00.02 | Mem:1.13M, Peak:1.13M | Scene, ViewLayer | Updating Baking
Fra:87 Mem:11.48M (Peak 53.05M) | Time:00:00.02 | Mem:1.13M, Peak:1.13M | Scene, ViewLayer | Updating Device | Writing constant memory
Fra:87 Mem:11.48M (Peak 53.05M) | Time:00:00.02 | Mem:1.13M, Peak:1.13M | Scene, ViewLayer | Sample 0/32
Fra:87 Mem:29.32M (Peak 53.05M) | Time:00:00.20 | Remaining:00:05.85 | Mem:18.93M, Peak:18.93M | Scene, ViewLayer | Sample 1/32
Fra:87 Mem:37.23M (Peak 53.05M) | Time:00:06.05 | Mem:18.93M, Peak:18.93M | Scene, ViewLayer | Sample 32/32
Fra:87 Mem:37.23M (Peak 53.05M) | Time:00:06.05 | Mem:18.93M, Peak:18.93M | Scene, ViewLayer | Finished
Saved: '/home/runner/work/chaosim/chaosim/outputs/renders/paper_to_cloth_frames/frame_0087.png'
Time: 00:06.10 (Saving: 00:00.05)

Fra:88 Mem:12.19M (Peak 53.05M) | Time:00:00.00 | Mem:0.00M, Peak:0.00M | Scene, ViewLayer | Synchronizing object | ClothKey
Fra:88 Mem:12.19M (Peak 53.05M) | Time:00:00.00 | Mem:0.00M, Peak:0.00M | Scene, ViewLayer | Synchronizing object | ClothRim
Fra:88 Mem:12.19M (Peak 53.05M) | Time:00:00.00 | Mem:0.00M, Peak:0.00M | Scene, ViewLayer | Synchronizing object | Sheet
Fra:88 Mem:12.19M (Peak 53.05M) | Time:00:00.00 | Mem:0.00M, Peak:0.00M | Scene, ViewLayer | Synchronizing object | FacesLabel
Fra:88 Mem:12.22M (Peak 53.05M) | Time:00:00.00 | Mem:0.00M, Peak:0.00M | Scene, ViewLayer | Synchronizing object | GlassSphere
Fra:88 Mem:12.62M (Peak 53.05M) | Time:00:00.00 | Mem:0.00M, Peak:0.00M | Scene, ViewLayer | Initializing
Fra:88 Mem:10.71M (Peak 53.05M) | Time:00:00.00 | Mem:0.00M, Peak:0.00M | Scene, ViewLayer | Waiting for render to start
Fra:88 Mem:10.71M (Peak 53.05M) | Time:00:00.00 | Mem:0.00M, Peak:0.00M | Scene, ViewLayer | Updating Scene
Fra:88 Mem:10.71M (Peak 53.05M) | Time:00:00.00 | Mem:0.00M, Peak:0.00M | Scene, ViewLayer | Updating Shaders
Fra:88 Mem:10.71M (Peak 53.05M) | Time:00:00.00 | Mem:0.00M, Peak:0.00M | Scene, ViewLayer | Loading render kernels (may take a few minutes the first time)
Fra:88 Mem:10.79M (Peak 53.05M) | Time:00:00.00 | Mem:0.00M, Peak:0.00M | Scene, ViewLayer | Updating Procedurals
Fra:88 Mem:10.79M (Peak 53.05M) | Time:00:00.00 | Mem:0.00M, Peak:0.00M | Scene, ViewLayer | Updating Background
Fra:88 Mem:10.79M (Peak 53.05M) | Time:00:00.00 | Mem:0.00M, Peak:0.00M | Scene, ViewLayer | Updating Camera
Fra:88 Mem:10.79M (Peak 53.05M) | Time:00:00.00 | Mem:0.00M, Peak:0.00M | Scene, ViewLayer | Updating Meshes Flags
Fra:88 Mem:10.79M (Peak 53.05M) | Time:00:00.00 | Mem:0.00M, Peak:0.00M | Scene, ViewLayer | Updating Objects
Fra:88 Mem:10.79M (Peak 53.05M) | Time:00:00.00 | Mem:0.00M, Peak:0.00M | Scene, ViewLayer | Updating Objects | Copying Transformations to device
Fra:88 Mem:10.80M (Peak 53.05M) | Time:00:00.00 | Mem:0.01M, Peak:0.01M | Scene, ViewLayer | Updating Particle Systems
Fra:88 Mem:10.80M (Peak 53.05M) | Time:00:00.00 | Mem:0.01M, Peak:0.01M | Scene, ViewLayer | Updating Particle Systems | Copying Particles to device
Fra:88 Mem:10.80M (Peak 53.05M) | Time:00:00.00 | Mem:0.01M, Peak:0.01M | Scene, ViewLayer | Updating Meshes
Fra:88 Mem:10.80M (Peak 53.05M) | Time:00:00.00 | Mem:0.01M, Peak:0.01M | Scene, ViewLayer | Updating Objects | Applying Static Transformations
Fra:88 Mem:10.80M (Peak 53.05M) | Time:00:00.00 | Mem:0.01M, Peak:0.01M | Scene, ViewLayer | Updating Mesh | Computing attributes
Fra:88 Mem:10.84M (Peak 53.05M) | Time:00:00.00 | Mem:0.01M, Peak:0.01M | Scene, ViewLayer | Updating Mesh | Copying Attributes to device
Fra:88 Mem:10.84M (Peak 53.05M) | Time:00:00.00 | Mem:0.05M, Peak:0.05M | Scene, ViewLayer | Updating Scene BVH | Building
Fra:88 Mem:10.84M (Peak 53.05M) | Time:00:00.00 | Mem:0.05M, Peak:0.05M | Scene, ViewLayer | Updating Scene BVH | Building BVH
Fra:88 Mem:10.84M (Peak 53.05M) | Time:00:00.00 | Mem:0.21M, Peak:0.21M | Scene, ViewLayer | Updating Scene BVH | Building BVH 0%
Fra:88 Mem:10.84M (Peak 53.05M) | Time:00:00.00 | Mem:0.41M, Peak:0.57M | Scene, ViewLayer | Updating Scene BVH | Copying BVH to device
Fra:88 Mem:10.84M (Peak 53.05M) | Time:00:00.00 | Mem:0.41M, Peak:0.57M | Scene, ViewLayer | Updating Mesh | Computing normals
Fra:88 Mem:11.01M (Peak 53.05M) | Time:00:00.00 | Mem:0.41M, Peak:0.57M | Scene, ViewLayer | Updating Mesh | Copying Mesh to device
Fra:88 Mem:11.01M (Peak 53.05M) | Time:00:00.00 | Mem:0.58M, Peak:0.58M | Scene, ViewLayer | Updating Objects Flags
Fra:88 Mem:11.01M (Peak 53.05M) | Time:00:00.00 | Mem:0.58M, Peak:0.58M | Scene, ViewLayer | Updating Primitive Offsets
Fra:88 Mem:11.01M (Peak 53.05M) | Time:00:00.00 | Mem:0.58M, Peak:0.58M | Scene, ViewLayer | Updating Images
Fra:88 Mem:11.01M (Peak 53.05M) | Time:00:00.00 | Mem:0.58M, Peak:0.58M | Scene, ViewLayer | Updating Camera Volume
Fra:88 Mem:11.01M (Peak 53.05M) | Time:00:00.00 | Mem:0.58M, Peak:0.58M | Scene, ViewLayer | Updating Lookup Tables
Fra:88 Mem:11.01M (Peak 53.05M) | Time:00:00.00 | Mem:0.66M, Peak:0.66M | Scene, ViewLayer | Updating Lights
Fra:88 Mem:11.02M (Peak 53.05M) | Time:00:00.00 | Mem:0.66M, Peak:0.66M | Scene, ViewLayer | Updating Lights | Computing tree
Fra:88 Mem:11.48M (Peak 53.05M) | Time:00:00.01 | Mem:1.13M, Peak:1.13M | Scene, ViewLayer | Updating Integrator
Fra:88 Mem:11.48M (Peak 53.05M) | Time:00:00.01 | Mem:1.13M, Peak:1.13M | Scene, ViewLayer | Updating Film
Fra:88 Mem:11.48M (Peak 53.05M) | Time:00:00.01 | Mem:1.04M, Peak:1.13M | Scene, ViewLayer | Updating Lookup Tables
Fra:88 Mem:11.48M (Peak 53.05M) | Time:00:00.01 | Mem:1.13M, Peak:1.13M | Scene, ViewLayer | Updating Baking
Fra:88 Mem:11.48M (Peak 53.05M) | Time:00:00.01 | Mem:1.13M, Peak:1.13M | Scene, ViewLayer | Updating Device | Writing constant memory
Fra:88 Mem:11.48M (Peak 53.05M) | Time:00:00.01 | Mem:1.13M, Peak:1.13M | Scene, ViewLayer | Sample 0/32
Fra:88 Mem:29.32M (Peak 53.05M) | Time:00:00.20 | Remaining:00:05.71 | Mem:18.93M, Peak:18.93M | Scene, ViewLayer | Sample 1/32
Fra:88 Mem:37.23M (Peak 53.05M) | Time:00:06.06 | Mem:18.93M, Peak:18.93M | Scene, ViewLayer | Sample 32/32
Fra:88 Mem:37.23M (Peak 53.05M) | Time:00:06.06 | Mem:18.93M, Peak:18.93M | Scene, ViewLayer | Finished
Saved: '/home/runner/work/chaosim/chaosim/outputs/renders/paper_to_cloth_frames/frame_0088.png'
Time: 00:06.11 (Saving: 00:00.05)

Fra:89 Mem:12.19M (Peak 53.05M) | Time:00:00.00 | Mem:0.00M, Peak:0.00M | Scene, ViewLayer | Synchronizing object | ClothKey
Fra:89 Mem:12.19M (Peak 53.05M) | Time:00:00.00 | Mem:0.00M, Peak:0.00M | Scene, ViewLayer | Synchronizing object | Rod
Fra:89 Mem:12.19M (Peak 53.05M) | Time:00:00.00 | Mem:0.00M, Peak:0.00M | Scene, ViewLayer | Synchronizing object | FacesLabel
Fra:89 Mem:12.22M (Peak 53.05M) | Time:00:00.00 | Mem:0.00M, Peak:0.00M | Scene, ViewLayer | Synchronizing object | Sheet
Fra:89 Mem:12.23M (Peak 53.05M) | Time:00:00.00 | Mem:0.00M, Peak:0.00M | Scene, ViewLayer | Synchronizing object | GlassSphere
Fra:89 Mem:12.62M (Peak 53.05M) | Time:00:00.00 | Mem:0.00M, Peak:0.00M | Scene, ViewLayer | Initializing
Fra:89 Mem:10.71M (Peak 53.05M) | Time:00:00.00 | Mem:0.00M, Peak:0.00M | Scene, ViewLayer | Waiting for render to start
Fra:89 Mem:10.71M (Peak 53.05M) | Time:00:00.00 | Mem:0.00M, Peak:0.00M | Scene, ViewLayer | Updating Scene
Fra:89 Mem:10.71M (Peak 53.05M) | Time:00:00.00 | Mem:0.00M, Peak:0.00M | Scene, ViewLayer | Updating Shaders
Fra:89 Mem:10.71M (Peak 53.05M) | Time:00:00.00 | Mem:0.00M, Peak:0.00M | Scene, ViewLayer | Loading render kernels (may take a few minutes the first time)
Fra:89 Mem:10.79M (Peak 53.05M) | Time:00:00.00 | Mem:0.00M, Peak:0.00M | Scene, ViewLayer | Updating Procedurals
Fra:89 Mem:10.79M (Peak 53.05M) | Time:00:00.00 | Mem:0.00M, Peak:0.00M | Scene, ViewLayer | Updating Background
Fra:89 Mem:10.79M (Peak 53.05M) | Time:00:00.00 | Mem:0.00M, Peak:0.00M | Scene, ViewLayer | Updating Camera
Fra:89 Mem:10.79M (Peak 53.05M) | Time:00:00.00 | Mem:0.00M, Peak:0.00M | Scene, ViewLayer | Updating Meshes Flags
Fra:89 Mem:10.79M (Peak 53.05M) | Time:00:00.00 | Mem:0.00M, Peak:0.00M | Scene, ViewLayer | Updating Objects
Fra:89 Mem:10.79M (Peak 53.05M) | Time:00:00.00 | Mem:0.00M, Peak:0.00M | Scene, ViewLayer | Updating Objects | Copying Transformations to device
Fra:89 Mem:10.80M (Peak 53.05M) | Time:00:00.00 | Mem:0.01M, Peak:0.01M | Scene, ViewLayer | Updating Particle Systems
Fra:89 Mem:10.80M (Peak 53.05M) | Time:00:00.00 | Mem:0.01M, Peak:0.01M | Scene, ViewLayer | Updating Particle Systems | Copying Particles to device
Fra:89 Mem:10.80M (Peak 53.05M) | Time:00:00.00 | Mem:0.01M, Peak:0.01M | Scene, ViewLayer | Updating Meshes
Fra:89 Mem:10.80M (Peak 53.05M) | Time:00:00.00 | Mem:0.01M, Peak:0.01M | Scene, ViewLayer | Updating Objects | Applying Static Transformations
Fra:89 Mem:10.80M (Peak 53.05M) | Time:00:00.00 | Mem:0.01M, Peak:0.01M | Scene, ViewLayer | Updating Mesh | Computing attributes
Fra:89 Mem:10.84M (Peak 53.05M) | Time:00:00.00 | Mem:0.01M, Peak:0.01M | Scene, ViewLayer | Updating Mesh | Copying Attributes to device
Fra:89 Mem:10.84M (Peak 53.05M) | Time:00:00.00 | Mem:0.05M, Peak:0.05M | Scene, ViewLayer | Updating Scene BVH | Building
Fra:89 Mem:10.84M (Peak 53.05M) | Time:00:00.00 | Mem:0.05M, Peak:0.05M | Scene, ViewLayer | Updating Scene BVH | Building BVH
Fra:89 Mem:10.84M (Peak 53.05M) | Time:00:00.00 | Mem:0.21M, Peak:0.21M | Scene, ViewLayer | Updating Scene BVH | Building BVH 0%
Fra:89 Mem:10.84M (Peak 53.05M) | Time:00:00.00 | Mem:0.41M, Peak:0.57M | Scene, ViewLayer | Updating Scene BVH | Copying BVH to device
Fra:89 Mem:10.84M (Peak 53.05M) | Time:00:00.00 | Mem:0.41M, Peak:0.57M | Scene, ViewLayer | Updating Mesh | Computing normals
Fra:89 Mem:11.01M (Peak 53.05M) | Time:00:00.00 | Mem:0.41M, Peak:0.57M | Scene, ViewLayer | Updating Mesh | Copying Mesh to device
Fra:89 Mem:11.01M (Peak 53.05M) | Time:00:00.00 | Mem:0.58M, Peak:0.58M | Scene, ViewLayer | Updating Objects Flags
Fra:89 Mem:11.01M (Peak 53.05M) | Time:00:00.00 | Mem:0.58M, Peak:0.58M | Scene, ViewLayer | Updating Primitive Offsets
Fra:89 Mem:11.01M (Peak 53.05M) | Time:00:00.00 | Mem:0.58M, Peak:0.58M | Scene, ViewLayer | Updating Images
Fra:89 Mem:11.01M (Peak 53.05M) | Time:00:00.00 | Mem:0.58M, Peak:0.58M | Scene, ViewLayer | Updating Camera Volume
Fra:89 Mem:11.01M (Peak 53.05M) | Time:00:00.00 | Mem:0.58M, Peak:0.58M | Scene, ViewLayer | Updating Lookup Tables
Fra:89 Mem:11.01M (Peak 53.05M) | Time:00:00.00 | Mem:0.66M, Peak:0.66M | Scene, ViewLayer | Updating Lights
Fra:89 Mem:11.02M (Peak 53.05M) | Time:00:00.00 | Mem:0.66M, Peak:0.66M | Scene, ViewLayer | Updating Lights | Computing tree
Fra:89 Mem:11.48M (Peak 53.05M) | Time:00:00.02 | Mem:1.13M, Peak:1.13M | Scene, ViewLayer | Updating Integrator
Fra:89 Mem:11.48M (Peak 53.05M) | Time:00:00.02 | Mem:1.13M, Peak:1.13M | Scene, ViewLayer | Updating Film
Fra:89 Mem:11.48M (Peak 53.05M) | Time:00:00.02 | Mem:1.04M, Peak:1.13M | Scene, ViewLayer | Updating Lookup Tables
Fra:89 Mem:11.48M (Peak 53.05M) | Time:00:00.02 | Mem:1.13M, Peak:1.13M | Scene, ViewLayer | Updating Baking
Fra:89 Mem:11.48M (Peak 53.05M) | Time:00:00.02 | Mem:1.13M, Peak:1.13M | Scene, ViewLayer | Updating Device | Writing constant memory
Fra:89 Mem:11.48M (Peak 53.05M) | Time:00:00.02 | Mem:1.13M, Peak:1.13M | Scene, ViewLayer | Sample 0/32
Fra:89 Mem:29.32M (Peak 53.05M) | Time:00:00.20 | Remaining:00:05.71 | Mem:18.93M, Peak:18.93M | Scene, ViewLayer | Sample 1/32
Fra:89 Mem:37.23M (Peak 53.05M) | Time:00:06.03 | Mem:18.93M, Peak:18.93M | Scene, ViewLayer | Sample 32/32
Fra:89 Mem:37.23M (Peak 53.05M) | Time:00:06.03 | Mem:18.93M, Peak:18.93M | Scene, ViewLayer | Finished
Saved: '/home/runner/work/chaosim/chaosim/outputs/renders/paper_to_cloth_frames/frame_0089.png'
Time: 00:06.08 (Saving: 00:00.05)

Fra:90 Mem:12.19M (Peak 53.05M) | Time:00:00.00 | Mem:0.00M, Peak:0.00M | Scene, ViewLayer | Synchronizing object | ClothKey
Fra:90 Mem:12.19M (Peak 53.05M) | Time:00:00.00 | Mem:0.00M, Peak:0.00M | Scene, ViewLayer | Synchronizing object | ClothRim
Fra:90 Mem:12.19M (Peak 53.05M) | Time:00:00.00 | Mem:0.00M, Peak:0.00M | Scene, ViewLayer | Synchronizing object | Rod
Fra:90 Mem:12.19M (Peak 53.05M) | Time:00:00.00 | Mem:0.00M, Peak:0.00M | Scene, ViewLayer | Synchronizing object | GlassSphere
Fra:90 Mem:12.62M (Peak 53.05M) | Time:00:00.00 | Mem:0.00M, Peak:0.00M | Scene, ViewLayer | Initializing
Fra:90 Mem:10.71M (Peak 53.05M) | Time:00:00.00 | Mem:0.00M, Peak:0.00M | Scene, ViewLayer | Waiting for render to start
Fra:90 Mem:10.71M (Peak 53.05M) | Time:00:00.00 | Mem:0.00M, Peak:0.00M | Scene, ViewLayer | Updating Scene
Fra:90 Mem:10.71M (Peak 53.05M) | Time:00:00.00 | Mem:0.00M, Peak:0.00M | Scene, ViewLayer | Updating Shaders
Fra:90 Mem:10.71M (Peak 53.05M) | Time:00:00.00 | Mem:0.00M, Peak:0.00M | Scene, ViewLayer | Loading render kernels (may take a few minutes the first time)
Fra:90 Mem:10.79M (Peak 53.05M) | Time:00:00.00 | Mem:0.00M, Peak:0.00M | Scene, ViewLayer | Updating Procedurals
Fra:90 Mem:10.79M (Peak 53.05M) | Time:00:00.00 | Mem:0.00M, Peak:0.00M | Scene, ViewLayer | Updating Background
Fra:90 Mem:10.79M (Peak 53.05M) | Time:00:00.00 | Mem:0.00M, Peak:0.00M | Scene, ViewLayer | Updating Camera
Fra:90 Mem:10.79M (Peak 53.05M) | Time:00:00.00 | Mem:0.00M, Peak:0.00M | Scene, ViewLayer | Updating Meshes Flags
Fra:90 Mem:10.79M (Peak 53.05M) | Time:00:00.00 | Mem:0.00M, Peak:0.00M | Scene, ViewLayer | Updating Objects
Fra:90 Mem:10.79M (Peak 53.05M) | Time:00:00.00 | Mem:0.00M, Peak:0.00M | Scene, ViewLayer | Updating Objects | Copying Transformations to device
Fra:90 Mem:10.80M (Peak 53.05M) | Time:00:00.00 | Mem:0.01M, Peak:0.01M | Scene, ViewLayer | Updating Particle Systems
Fra:90 Mem:10.80M (Peak 53.05M) | Time:00:00.00 | Mem:0.01M, Peak:0.01M | Scene, ViewLayer | Updating Particle Systems | Copying Particles to device
Fra:90 Mem:10.80M (Peak 53.05M) | Time:00:00.00 | Mem:0.01M, Peak:0.01M | Scene, ViewLayer | Updating Meshes
Fra:90 Mem:10.80M (Peak 53.05M) | Time:00:00.00 | Mem:0.01M, Peak:0.01M | Scene, ViewLayer | Updating Objects | Applying Static Transformations
Fra:90 Mem:10.80M (Peak 53.05M) | Time:00:00.00 | Mem:0.01M, Peak:0.01M | Scene, ViewLayer | Updating Mesh | Computing attributes
Fra:90 Mem:10.84M (Peak 53.05M) | Time:00:00.00 | Mem:0.01M, Peak:0.01M | Scene, ViewLayer | Updating Mesh | Copying Attributes to device
Fra:90 Mem:10.84M (Peak 53.05M) | Time:00:00.00 | Mem:0.05M, Peak:0.05M | Scene, ViewLayer | Updating Scene BVH | Building
Fra:90 Mem:10.84M (Peak 53.05M) | Time:00:00.00 | Mem:0.05M, Peak:0.05M | Scene, ViewLayer | Updating Scene BVH | Building BVH
Fra:90 Mem:10.84M (Peak 53.05M) | Time:00:00.00 | Mem:0.21M, Peak:0.21M | Scene, ViewLayer | Updating Scene BVH | Building BVH 0%
Fra:90 Mem:10.84M (Peak 53.05M) | Time:00:00.00 | Mem:0.41M, Peak:0.57M | Scene, ViewLayer | Updating Scene BVH | Copying BVH to device
Fra:90 Mem:10.84M (Peak 53.05M) | Time:00:00.00 | Mem:0.41M, Peak:0.57M | Scene, ViewLayer | Updating Mesh | Computing normals
Fra:90 Mem:11.01M (Peak 53.05M) | Time:00:00.00 | Mem:0.41M, Peak:0.57M | Scene, ViewLayer | Updating Mesh | Copying Mesh to device
Fra:90 Mem:11.01M (Peak 53.05M) | Time:00:00.00 | Mem:0.58M, Peak:0.58M | Scene, ViewLayer | Updating Objects Flags
Fra:90 Mem:11.01M (Peak 53.05M) | Time:00:00.00 | Mem:0.58M, Peak:0.58M | Scene, ViewLayer | Updating Primitive Offsets
Fra:90 Mem:11.01M (Peak 53.05M) | Time:00:00.00 | Mem:0.58M, Peak:0.58M | Scene, ViewLayer | Updating Images
Fra:90 Mem:11.01M (Peak 53.05M) | Time:00:00.00 | Mem:0.58M, Peak:0.58M | Scene, ViewLayer | Updating Camera Volume
Fra:90 Mem:11.01M (Peak 53.05M) | Time:00:00.00 | Mem:0.58M, Peak:0.58M | Scene, ViewLayer | Updating Lookup Tables
Fra:90 Mem:11.01M (Peak 53.05M) | Time:00:00.00 | Mem:0.66M, Peak:0.66M | Scene, ViewLayer | Updating Lights
Fra:90 Mem:11.02M (Peak 53.05M) | Time:00:00.00 | Mem:0.66M, Peak:0.66M | Scene, ViewLayer | Updating Lights | Computing tree
Fra:90 Mem:11.48M (Peak 53.05M) | Time:00:00.02 | Mem:1.13M, Peak:1.13M | Scene, ViewLayer | Updating Integrator
Fra:90 Mem:11.48M (Peak 53.05M) | Time:00:00.02 | Mem:1.13M, Peak:1.13M | Scene, ViewLayer | Updating Film
Fra:90 Mem:11.48M (Peak 53.05M) | Time:00:00.02 | Mem:1.04M, Peak:1.13M | Scene, ViewLayer | Updating Lookup Tables
Fra:90 Mem:11.48M (Peak 53.05M) | Time:00:00.02 | Mem:1.13M, Peak:1.13M | Scene, ViewLayer | Updating Baking
Fra:90 Mem:11.48M (Peak 53.05M) | Time:00:00.02 | Mem:1.13M, Peak:1.13M | Scene, ViewLayer | Updating Device | Writing constant memory
Fra:90 Mem:11.48M (Peak 53.05M) | Time:00:00.02 | Mem:1.13M, Peak:1.13M | Scene, ViewLayer | Sample 0/32
Fra:90 Mem:29.32M (Peak 53.05M) | Time:00:00.20 | Remaining:00:05.62 | Mem:18.93M, Peak:18.93M | Scene, ViewLayer | Sample 1/32
Fra:90 Mem:37.23M (Peak 53.05M) | Time:00:05.93 | Mem:18.93M, Peak:18.93M | Scene, ViewLayer | Sample 32/32
Fra:90 Mem:37.23M (Peak 53.05M) | Time:00:05.93 | Mem:18.93M, Peak:18.93M | Scene, ViewLayer | Finished
Saved: '/home/runner/work/chaosim/chaosim/outputs/renders/paper_to_cloth_frames/frame_0090.png'
Time: 00:05.98 (Saving: 00:00.05)

bake: frame 91 :: 135
bake: frame 92 :: 135
bake: frame 93 :: 135
bake: frame 94 :: 135
bake: frame 95 :: 135
bake: frame 96 :: 135
bake: frame 97 :: 135
bake: frame 98 :: 135
bake: frame 99 :: 135
bake: frame 100 :: 135
bake: frame 101 :: 135
bake: frame 102 :: 135
bake: frame 103 :: 135
bake: frame 104 :: 135
bake: frame 105 :: 135
bake: frame 106 :: 135
bake: frame 107 :: 135
bake: frame 108 :: 135
bake: frame 109 :: 135
bake: frame 110 :: 135
bake: frame 111 :: 135
bake: frame 112 :: 135
bake: frame 113 :: 135
bake: frame 114 :: 135
bake: frame 115 :: 135
bake: frame 116 :: 135
bake: frame 117 :: 135
bake: frame 118 :: 135
bake: frame 119 :: 135
bake: frame 120 :: 135
bake: frame 121 :: 135
bake: frame 122 :: 135
bake: frame 123 :: 135
bake: frame 124 :: 135
bake: frame 125 :: 135
bake: frame 126 :: 135
bake: frame 127 :: 135
bake: frame 128 :: 135
bake: frame 129 :: 135
bake: frame 130 :: 135
bake: frame 131 :: 135
bake: frame 132 :: 135
bake: frame 133 :: 135
bake: frame 134 :: 135
bake: frame 135 :: 135
Fra:91 Mem:14.51M (Peak 53.05M) | Time:00:00.00 | Mem:0.00M, Peak:0.00M | Scene, ViewLayer | Synchronizing object | ClothKey
Fra:91 Mem:14.51M (Peak 53.05M) | Time:00:00.00 | Mem:0.00M, Peak:0.00M | Scene, ViewLayer | Synchronizing object | ClothRim
Fra:91 Mem:14.51M (Peak 53.05M) | Time:00:00.00 | Mem:0.00M, Peak:0.00M | Scene, ViewLayer | Synchronizing object | GlassSphere
Fra:91 Mem:14.63M (Peak 53.05M) | Time:00:00.00 | Mem:0.00M, Peak:0.00M | Scene, ViewLayer | Synchronizing object | FacesLabel
Fra:91 Mem:15.12M (Peak 53.05M) | Time:00:00.00 | Mem:0.00M, Peak:0.00M | Scene, ViewLayer | Initializing
Fra:91 Mem:12.22M (Peak 53.05M) | Time:00:00.00 | Mem:0.00M, Peak:0.00M | Scene, ViewLayer | Waiting for render to start
Fra:91 Mem:12.22M (Peak 53.05M) | Time:00:00.00 | Mem:0.00M, Peak:0.00M | Scene, ViewLayer | Updating Scene
Fra:91 Mem:12.22M (Peak 53.05M) | Time:00:00.00 | Mem:0.00M, Peak:0.00M | Scene, ViewLayer | Updating Shaders
Fra:91 Mem:12.22M (Peak 53.05M) | Time:00:00.00 | Mem:0.00M, Peak:0.00M | Scene, ViewLayer | Loading render kernels (may take a few minutes the first time)
Fra:91 Mem:12.31M (Peak 53.05M) | Time:00:00.00 | Mem:0.00M, Peak:0.00M | Scene, ViewLayer | Updating Procedurals
Fra:91 Mem:12.31M (Peak 53.05M) | Time:00:00.00 | Mem:0.00M, Peak:0.00M | Scene, ViewLayer | Updating Background
Fra:91 Mem:12.31M (Peak 53.05M) | Time:00:00.00 | Mem:0.00M, Peak:0.00M | Scene, ViewLayer | Updating Camera
Fra:91 Mem:12.31M (Peak 53.05M) | Time:00:00.00 | Mem:0.00M, Peak:0.00M | Scene, ViewLayer | Updating Meshes Flags
Fra:91 Mem:12.31M (Peak 53.05M) | Time:00:00.00 | Mem:0.00M, Peak:0.00M | Scene, ViewLayer | Updating Objects
Fra:91 Mem:12.31M (Peak 53.05M) | Time:00:00.00 | Mem:0.00M, Peak:0.00M | Scene, ViewLayer | Updating Objects | Copying Transformations to device
Fra:91 Mem:12.31M (Peak 53.05M) | Time:00:00.00 | Mem:0.01M, Peak:0.01M | Scene, ViewLayer | Updating Particle Systems
Fra:91 Mem:12.31M (Peak 53.05M) | Time:00:00.00 | Mem:0.01M, Peak:0.01M | Scene, ViewLayer | Updating Particle Systems | Copying Particles to device
Fra:91 Mem:12.31M (Peak 53.05M) | Time:00:00.00 | Mem:0.01M, Peak:0.01M | Scene, ViewLayer | Updating Meshes
Fra:91 Mem:12.31M (Peak 53.05M) | Time:00:00.00 | Mem:0.01M, Peak:0.01M | Scene, ViewLayer | Updating Objects | Applying Static Transformations
Fra:91 Mem:12.31M (Peak 53.05M) | Time:00:00.00 | Mem:0.01M, Peak:0.01M | Scene, ViewLayer | Updating Mesh | Computing attributes
Fra:91 Mem:12.37M (Peak 53.05M) | Time:00:00.00 | Mem:0.01M, Peak:0.01M | Scene, ViewLayer | Updating Mesh | Copying Attributes to device
Fra:91 Mem:12.37M (Peak 53.05M) | Time:00:00.00 | Mem:0.06M, Peak:0.06M | Scene, ViewLayer | Updating Scene BVH | Building
Fra:91 Mem:12.37M (Peak 53.05M) | Time:00:00.00 | Mem:0.06M, Peak:0.06M | Scene, ViewLayer | Updating Scene BVH | Building BVH
Fra:91 Mem:12.37M (Peak 53.05M) | Time:00:00.00 | Mem:0.27M, Peak:0.27M | Scene, ViewLayer | Updating Scene BVH | Building BVH 0%
Fra:91 Mem:12.37M (Peak 53.05M) | Time:00:00.00 | Mem:0.50M, Peak:0.71M | Scene, ViewLayer | Updating Scene BVH | Copying BVH to device
Fra:91 Mem:12.37M (Peak 53.05M) | Time:00:00.00 | Mem:0.50M, Peak:0.71M | Scene, ViewLayer | Updating Mesh | Computing normals
Fra:91 Mem:12.59M (Peak 53.05M) | Time:00:00.00 | Mem:0.50M, Peak:0.71M | Scene, ViewLayer | Updating Mesh | Copying Mesh to device
Fra:91 Mem:12.59M (Peak 53.05M) | Time:00:00.00 | Mem:0.72M, Peak:0.72M | Scene, ViewLayer | Updating Objects Flags
Fra:91 Mem:12.59M (Peak 53.05M) | Time:00:00.00 | Mem:0.72M, Peak:0.72M | Scene, ViewLayer | Updating Primitive Offsets
Fra:91 Mem:12.59M (Peak 53.05M) | Time:00:00.00 | Mem:0.72M, Peak:0.72M | Scene, ViewLayer | Updating Images
Fra:91 Mem:12.59M (Peak 53.05M) | Time:00:00.00 | Mem:0.72M, Peak:0.72M | Scene, ViewLayer | Updating Camera Volume
Fra:91 Mem:12.59M (Peak 53.05M) | Time:00:00.00 | Mem:0.72M, Peak:0.72M | Scene, ViewLayer | Updating Lookup Tables
Fra:91 Mem:12.59M (Peak 53.05M) | Time:00:00.00 | Mem:0.80M, Peak:0.80M | Scene, ViewLayer | Updating Lights
Fra:91 Mem:12.59M (Peak 53.05M) | Time:00:00.00 | Mem:0.80M, Peak:0.80M | Scene, ViewLayer | Updating Lights | Computing tree
Fra:91 Mem:13.16M (Peak 53.05M) | Time:00:00.02 | Mem:1.37M, Peak:1.37M | Scene, ViewLayer | Updating Integrator
Fra:91 Mem:13.16M (Peak 53.05M) | Time:00:00.02 | Mem:1.37M, Peak:1.37M | Scene, ViewLayer | Updating Film
Fra:91 Mem:13.16M (Peak 53.05M) | Time:00:00.02 | Mem:1.29M, Peak:1.37M | Scene, ViewLayer | Updating Lookup Tables
Fra:91 Mem:13.16M (Peak 53.05M) | Time:00:00.02 | Mem:1.37M, Peak:1.37M | Scene, ViewLayer | Updating Baking
Fra:91 Mem:13.16M (Peak 53.05M) | Time:00:00.02 | Mem:1.37M, Peak:1.37M | Scene, ViewLayer | Updating Device | Writing constant memory
Fra:91 Mem:13.16M (Peak 53.05M) | Time:00:00.02 | Mem:1.37M, Peak:1.37M | Scene, ViewLayer | Sample 0/32
Fra:91 Mem:31.00M (Peak 53.05M) | Time:00:00.51 | Remaining:00:15.16 | Mem:19.17M, Peak:19.17M | Scene, ViewLayer | Sample 1/32
Fra:91 Mem:38.91M (Peak 54.73M) | Time:00:15.75 | Mem:19.17M, Peak:19.17M | Scene, ViewLayer | Sample 32/32
Fra:91 Mem:38.91M (Peak 54.73M) | Time:00:15.75 | Mem:19.17M, Peak:19.17M | Scene, ViewLayer | Finished
Saved: '/home/runner/work/chaosim/chaosim/outputs/renders/paper_to_cloth_frames/frame_0091.png'
Time: 00:15.80 (Saving: 00:00.05)

Fra:92 Mem:14.55M (Peak 54.73M) | Time:00:00.00 | Mem:0.00M, Peak:0.00M | Scene, ViewLayer | Synchronizing object | ClothKey
Fra:92 Mem:14.55M (Peak 54.73M) | Time:00:00.00 | Mem:0.00M, Peak:0.00M | Scene, ViewLayer | Synchronizing object | Rod
Fra:92 Mem:14.55M (Peak 54.73M) | Time:00:00.00 | Mem:0.00M, Peak:0.00M | Scene, ViewLayer | Synchronizing object | FacesLabel
Fra:92 Mem:14.55M (Peak 54.73M) | Time:00:00.00 | Mem:0.00M, Peak:0.00M | Scene, ViewLayer | Synchronizing object | Sheet
Fra:92 Mem:14.95M (Peak 54.73M) | Time:00:00.00 | Mem:0.00M, Peak:0.00M | Scene, ViewLayer | Synchronizing object | GlassSphere
Fra:92 Mem:15.12M (Peak 54.73M) | Time:00:00.00 | Mem:0.00M, Peak:0.00M | Scene, ViewLayer | Initializing
Fra:92 Mem:12.22M (Peak 54.73M) | Time:00:00.00 | Mem:0.00M, Peak:0.00M | Scene, ViewLayer | Waiting for render to start
Fra:92 Mem:12.22M (Peak 54.73M) | Time:00:00.00 | Mem:0.00M, Peak:0.00M | Scene, ViewLayer | Updating Scene
Fra:92 Mem:12.22M (Peak 54.73M) | Time:00:00.00 | Mem:0.00M, Peak:0.00M | Scene, ViewLayer | Updating Shaders
Fra:92 Mem:12.22M (Peak 54.73M) | Time:00:00.00 | Mem:0.00M, Peak:0.00M | Scene, ViewLayer | Loading render kernels (may take a few minutes the first time)
Fra:92 Mem:12.31M (Peak 54.73M) | Time:00:00.00 | Mem:0.00M, Peak:0.00M | Scene, ViewLayer | Updating Procedurals
Fra:92 Mem:12.31M (Peak 54.73M) | Time:00:00.00 | Mem:0.00M, Peak:0.00M | Scene, ViewLayer | Updating Background
Fra:92 Mem:12.31M (Peak 54.73M) | Time:00:00.00 | Mem:0.00M, Peak:0.00M | Scene, ViewLayer | Updating Camera
Fra:92 Mem:12.31M (Peak 54.73M) | Time:00:00.00 | Mem:0.00M, Peak:0.00M | Scene, ViewLayer | Updating Meshes Flags
Fra:92 Mem:12.31M (Peak 54.73M) | Time:00:00.00 | Mem:0.00M, Peak:0.00M | Scene, ViewLayer | Updating Objects
Fra:92 Mem:12.31M (Peak 54.73M) | Time:00:00.00 | Mem:0.00M, Peak:0.00M | Scene, ViewLayer | Updating Objects | Copying Transformations to device
Fra:92 Mem:12.31M (Peak 54.73M) | Time:00:00.00 | Mem:0.01M, Peak:0.01M | Scene, ViewLayer | Updating Particle Systems
Fra:92 Mem:12.31M (Peak 54.73M) | Time:00:00.00 | Mem:0.01M, Peak:0.01M | Scene, ViewLayer | Updating Particle Systems | Copying Particles to device
Fra:92 Mem:12.31M (Peak 54.73M) | Time:00:00.00 | Mem:0.01M, Peak:0.01M | Scene, ViewLayer | Updating Meshes
Fra:92 Mem:12.31M (Peak 54.73M) | Time:00:00.00 | Mem:0.01M, Peak:0.01M | Scene, ViewLayer | Updating Objects | Applying Static Transformations
Fra:92 Mem:12.31M (Peak 54.73M) | Time:00:00.00 | Mem:0.01M, Peak:0.01M | Scene, ViewLayer | Updating Mesh | Computing attributes
Fra:92 Mem:12.37M (Peak 54.73M) | Time:00:00.00 | Mem:0.01M, Peak:0.01M | Scene, ViewLayer | Updating Mesh | Copying Attributes to device
Fra:92 Mem:12.37M (Peak 54.73M) | Time:00:00.00 | Mem:0.06M, Peak:0.06M | Scene, ViewLayer | Updating Scene BVH | Building
Fra:92 Mem:12.37M (Peak 54.73M) | Time:00:00.00 | Mem:0.06M, Peak:0.06M | Scene, ViewLayer | Updating Scene BVH | Building BVH
Fra:92 Mem:12.37M (Peak 54.73M) | Time:00:00.00 | Mem:0.27M, Peak:0.27M | Scene, ViewLayer | Updating Scene BVH | Building BVH 0%
Fra:92 Mem:12.37M (Peak 54.73M) | Time:00:00.00 | Mem:0.50M, Peak:0.71M | Scene, ViewLayer | Updating Scene BVH | Copying BVH to device
Fra:92 Mem:12.37M (Peak 54.73M) | Time:00:00.00 | Mem:0.50M, Peak:0.71M | Scene, ViewLayer | Updating Mesh | Computing normals
Fra:92 Mem:12.59M (Peak 54.73M) | Time:00:00.00 | Mem:0.50M, Peak:0.71M | Scene, ViewLayer | Updating Mesh | Copying Mesh to device
Fra:92 Mem:12.59M (Peak 54.73M) | Time:00:00.00 | Mem:0.72M, Peak:0.72M | Scene, ViewLayer | Updating Objects Flags
Fra:92 Mem:12.59M (Peak 54.73M) | Time:00:00.00 | Mem:0.72M, Peak:0.72M | Scene, ViewLayer | Updating Primitive Offsets
Fra:92 Mem:12.59M (Peak 54.73M) | Time:00:00.00 | Mem:0.72M, Peak:0.72M | Scene, ViewLayer | Updating Images
Fra:92 Mem:12.59M (Peak 54.73M) | Time:00:00.00 | Mem:0.72M, Peak:0.72M | Scene, ViewLayer | Updating Camera Volume
Fra:92 Mem:12.59M (Peak 54.73M) | Time:00:00.00 | Mem:0.72M, Peak:0.72M | Scene, ViewLayer | Updating Lookup Tables
Fra:92 Mem:12.59M (Peak 54.73M) | Time:00:00.00 | Mem:0.80M, Peak:0.80M | Scene, ViewLayer | Updating Lights
Fra:92 Mem:12.59M (Peak 54.73M) | Time:00:00.00 | Mem:0.80M, Peak:0.80M | Scene, ViewLayer | Updating Lights | Computing tree
Fra:92 Mem:13.16M (Peak 54.73M) | Time:00:00.02 | Mem:1.37M, Peak:1.37M | Scene, ViewLayer | Updating Integrator
Fra:92 Mem:13.16M (Peak 54.73M) | Time:00:00.02 | Mem:1.37M, Peak:1.37M | Scene, ViewLayer | Updating Film
Fra:92 Mem:13.16M (Peak 54.73M) | Time:00:00.02 | Mem:1.29M, Peak:1.37M | Scene, ViewLayer | Updating Lookup Tables
Fra:92 Mem:13.16M (Peak 54.73M) | Time:00:00.02 | Mem:1.37M, Peak:1.37M | Scene, ViewLayer | Updating Baking
Fra:92 Mem:13.16M (Peak 54.73M) | Time:00:00.02 | Mem:1.37M, Peak:1.37M | Scene, ViewLayer | Updating Device | Writing constant memory
Fra:92 Mem:13.16M (Peak 54.73M) | Time:00:00.02 | Mem:1.37M, Peak:1.37M | Scene, ViewLayer | Sample 0/32
Fra:92 Mem:31.00M (Peak 54.73M) | Time:00:00.51 | Remaining:00:15.16 | Mem:19.17M, Peak:19.17M | Scene, ViewLayer | Sample 1/32
Fra:92 Mem:38.91M (Peak 54.73M) | Time:00:15.70 | Mem:19.17M, Peak:19.17M | Scene, ViewLayer | Sample 32/32
Fra:92 Mem:38.91M (Peak 54.73M) | Time:00:15.70 | Mem:19.17M, Peak:19.17M | Scene, ViewLayer | Finished
Saved: '/home/runner/work/chaosim/chaosim/outputs/renders/paper_to_cloth_frames/frame_0092.png'
Time: 00:15.75 (Saving: 00:00.05)

Fra:93 Mem:14.55M (Peak 54.73M) | Time:00:00.00 | Mem:0.00M, Peak:0.00M | Scene, ViewLayer | Synchronizing object | ClothKey
Fra:93 Mem:14.55M (Peak 54.73M) | Time:00:00.00 | Mem:0.00M, Peak:0.00M | Scene, ViewLayer | Synchronizing object | FacesLabel
Fra:93 Mem:14.55M (Peak 54.73M) | Time:00:00.00 | Mem:0.00M, Peak:0.00M | Scene, ViewLayer | Synchronizing object | Sheet
Fra:93 Mem:14.56M (Peak 54.73M) | Time:00:00.00 | Mem:0.00M, Peak:0.00M | Scene, ViewLayer | Synchronizing object | GlassSphere
Fra:93 Mem:15.12M (Peak 54.73M) | Time:00:00.00 | Mem:0.00M, Peak:0.00M | Scene, ViewLayer | Initializing
Fra:93 Mem:12.22M (Peak 54.73M) | Time:00:00.00 | Mem:0.00M, Peak:0.00M | Scene, ViewLayer | Waiting for render to start
Fra:93 Mem:12.22M (Peak 54.73M) | Time:00:00.00 | Mem:0.00M, Peak:0.00M | Scene, ViewLayer | Updating Scene
Fra:93 Mem:12.22M (Peak 54.73M) | Time:00:00.00 | Mem:0.00M, Peak:0.00M | Scene, ViewLayer | Updating Shaders
Fra:93 Mem:12.22M (Peak 54.73M) | Time:00:00.00 | Mem:0.00M, Peak:0.00M | Scene, ViewLayer | Loading render kernels (may take a few minutes the first time)
Fra:93 Mem:12.31M (Peak 54.73M) | Time:00:00.00 | Mem:0.00M, Peak:0.00M | Scene, ViewLayer | Updating Procedurals
Fra:93 Mem:12.31M (Peak 54.73M) | Time:00:00.00 | Mem:0.00M, Peak:0.00M | Scene, ViewLayer | Updating Background
Fra:93 Mem:12.31M (Peak 54.73M) | Time:00:00.00 | Mem:0.00M, Peak:0.00M | Scene, ViewLayer | Updating Camera
Fra:93 Mem:12.31M (Peak 54.73M) | Time:00:00.00 | Mem:0.00M, Peak:0.00M | Scene, ViewLayer | Updating Meshes Flags
Fra:93 Mem:12.31M (Peak 54.73M) | Time:00:00.00 | Mem:0.00M, Peak:0.00M | Scene, ViewLayer | Updating Objects
Fra:93 Mem:12.31M (Peak 54.73M) | Time:00:00.00 | Mem:0.00M, Peak:0.00M | Scene, ViewLayer | Updating Objects | Copying Transformations to device
Fra:93 Mem:12.31M (Peak 54.73M) | Time:00:00.00 | Mem:0.01M, Peak:0.01M | Scene, ViewLayer | Updating Particle Systems
Fra:93 Mem:12.31M (Peak 54.73M) | Time:00:00.00 | Mem:0.01M, Peak:0.01M | Scene, ViewLayer | Updating Particle Systems | Copying Particles to device
Fra:93 Mem:12.31M (Peak 54.73M) | Time:00:00.00 | Mem:0.01M, Peak:0.01M | Scene, ViewLayer | Updating Meshes
Fra:93 Mem:12.31M (Peak 54.73M) | Time:00:00.00 | Mem:0.01M, Peak:0.01M | Scene, ViewLayer | Updating Objects | Applying Static Transformations
Fra:93 Mem:12.31M (Peak 54.73M) | Time:00:00.00 | Mem:0.01M, Peak:0.01M | Scene, ViewLayer | Updating Mesh | Computing attributes
Fra:93 Mem:12.37M (Peak 54.73M) | Time:00:00.00 | Mem:0.01M, Peak:0.01M | Scene, ViewLayer | Updating Mesh | Copying Attributes to device
Fra:93 Mem:12.37M (Peak 54.73M) | Time:00:00.00 | Mem:0.06M, Peak:0.06M | Scene, ViewLayer | Updating Scene BVH | Building
Fra:93 Mem:12.37M (Peak 54.73M) | Time:00:00.00 | Mem:0.06M, Peak:0.06M | Scene, ViewLayer | Updating Scene BVH | Building BVH
Fra:93 Mem:12.37M (Peak 54.73M) | Time:00:00.00 | Mem:0.27M, Peak:0.27M | Scene, ViewLayer | Updating Scene BVH | Building BVH 0%
Fra:93 Mem:12.37M (Peak 54.73M) | Time:00:00.00 | Mem:0.50M, Peak:0.71M | Scene, ViewLayer | Updating Scene BVH | Copying BVH to device
Fra:93 Mem:12.37M (Peak 54.73M) | Time:00:00.00 | Mem:0.50M, Peak:0.71M | Scene, ViewLayer | Updating Mesh | Computing normals
Fra:93 Mem:12.59M (Peak 54.73M) | Time:00:00.00 | Mem:0.50M, Peak:0.71M | Scene, ViewLayer | Updating Mesh | Copying Mesh to device
Fra:93 Mem:12.59M (Peak 54.73M) | Time:00:00.00 | Mem:0.72M, Peak:0.72M | Scene, ViewLayer | Updating Objects Flags
Fra:93 Mem:12.59M (Peak 54.73M) | Time:00:00.00 | Mem:0.72M, Peak:0.72M | Scene, ViewLayer | Updating Primitive Offsets
Fra:93 Mem:12.59M (Peak 54.73M) | Time:00:00.00 | Mem:0.72M, Peak:0.72M | Scene, ViewLayer | Updating Images
Fra:93 Mem:12.59M (Peak 54.73M) | Time:00:00.00 | Mem:0.72M, Peak:0.72M | Scene, ViewLayer | Updating Camera Volume
Fra:93 Mem:12.59M (Peak 54.73M) | Time:00:00.00 | Mem:0.72M, Peak:0.72M | Scene, ViewLayer | Updating Lookup Tables
Fra:93 Mem:12.59M (Peak 54.73M) | Time:00:00.00 | Mem:0.80M, Peak:0.80M | Scene, ViewLayer | Updating Lights
Fra:93 Mem:12.59M (Peak 54.73M) | Time:00:00.00 | Mem:0.80M, Peak:0.80M | Scene, ViewLayer | Updating Lights | Computing tree
Fra:93 Mem:13.16M (Peak 54.73M) | Time:00:00.02 | Mem:1.37M, Peak:1.37M | Scene, ViewLayer | Updating Integrator
Fra:93 Mem:13.16M (Peak 54.73M) | Time:00:00.02 | Mem:1.37M, Peak:1.37M | Scene, ViewLayer | Updating Film
Fra:93 Mem:13.16M (Peak 54.73M) | Time:00:00.02 | Mem:1.29M, Peak:1.37M | Scene, ViewLayer | Updating Lookup Tables
Fra:93 Mem:13.16M (Peak 54.73M) | Time:00:00.02 | Mem:1.37M, Peak:1.37M | Scene, ViewLayer | Updating Baking
Fra:93 Mem:13.16M (Peak 54.73M) | Time:00:00.02 | Mem:1.37M, Peak:1.37M | Scene, ViewLayer | Updating Device | Writing constant memory
Fra:93 Mem:13.16M (Peak 54.73M) | Time:00:00.02 | Mem:1.37M, Peak:1.37M | Scene, ViewLayer | Sample 0/32
Fra:93 Mem:31.00M (Peak 54.73M) | Time:00:00.51 | Remaining:00:15.20 | Mem:19.17M, Peak:19.17M | Scene, ViewLayer | Sample 1/32
Fra:93 Mem:38.91M (Peak 54.73M) | Time:00:15.73 | Mem:19.17M, Peak:19.17M | Scene, ViewLayer | Sample 32/32
Fra:93 Mem:38.91M (Peak 54.73M) | Time:00:15.73 | Mem:19.17M, Peak:19.17M | Scene, ViewLayer | Finished
Saved: '/home/runner/work/chaosim/chaosim/outputs/renders/paper_to_cloth_frames/frame_0093.png'
Time: 00:15.78 (Saving: 00:00.05)

Fra:94 Mem:14.55M (Peak 54.73M) | Time:00:00.00 | Mem:0.00M, Peak:0.00M | Scene, ViewLayer | Synchronizing object | ClothKey
Fra:94 Mem:14.55M (Peak 54.73M) | Time:00:00.00 | Mem:0.00M, Peak:0.00M | Scene, ViewLayer | Synchronizing object | ClothRim
Fra:94 Mem:14.55M (Peak 54.73M) | Time:00:00.00 | Mem:0.00M, Peak:0.00M | Scene, ViewLayer | Synchronizing object | Rod
Fra:94 Mem:14.55M (Peak 54.73M) | Time:00:00.00 | Mem:0.00M, Peak:0.00M | Scene, ViewLayer | Synchronizing object | Sheet
Fra:94 Mem:14.57M (Peak 54.73M) | Time:00:00.00 | Mem:0.00M, Peak:0.00M | Scene, ViewLayer | Synchronizing object | FacesLabel
Fra:94 Mem:14.62M (Peak 54.73M) | Time:00:00.00 | Mem:0.00M, Peak:0.00M | Scene, ViewLayer | Synchronizing object | GlassSphere
Fra:94 Mem:15.12M (Peak 54.73M) | Time:00:00.00 | Mem:0.00M, Peak:0.00M | Scene, ViewLayer | Initializing
Fra:94 Mem:12.22M (Peak 54.73M) | Time:00:00.00 | Mem:0.00M, Peak:0.00M | Scene, ViewLayer | Waiting for render to start
Fra:94 Mem:12.22M (Peak 54.73M) | Time:00:00.00 | Mem:0.00M, Peak:0.00M | Scene, ViewLayer | Updating Scene
Fra:94 Mem:12.22M (Peak 54.73M) | Time:00:00.00 | Mem:0.00M, Peak:0.00M | Scene, ViewLayer | Updating Shaders
Fra:94 Mem:12.22M (Peak 54.73M) | Time:00:00.00 | Mem:0.00M, Peak:0.00M | Scene, ViewLayer | Loading render kernels (may take a few minutes the first time)
Fra:94 Mem:12.31M (Peak 54.73M) | Time:00:00.00 | Mem:0.00M, Peak:0.00M | Scene, ViewLayer | Updating Procedurals
Fra:94 Mem:12.31M (Peak 54.73M) | Time:00:00.00 | Mem:0.00M, Peak:0.00M | Scene, ViewLayer | Updating Background
Fra:94 Mem:12.31M (Peak 54.73M) | Time:00:00.00 | Mem:0.00M, Peak:0.00M | Scene, ViewLayer | Updating Camera
Fra:94 Mem:12.31M (Peak 54.73M) | Time:00:00.00 | Mem:0.00M, Peak:0.00M | Scene, ViewLayer | Updating Meshes Flags
Fra:94 Mem:12.31M (Peak 54.73M) | Time:00:00.00 | Mem:0.00M, Peak:0.00M | Scene, ViewLayer | Updating Objects
Fra:94 Mem:12.31M (Peak 54.73M) | Time:00:00.00 | Mem:0.00M, Peak:0.00M | Scene, ViewLayer | Updating Objects | Copying Transformations to device
Fra:94 Mem:12.31M (Peak 54.73M) | Time:00:00.00 | Mem:0.01M, Peak:0.01M | Scene, ViewLayer | Updating Particle Systems
Fra:94 Mem:12.31M (Peak 54.73M) | Time:00:00.00 | Mem:0.01M, Peak:0.01M | Scene, ViewLayer | Updating Particle Systems | Copying Particles to device
Fra:94 Mem:12.31M (Peak 54.73M) | Time:00:00.00 | Mem:0.01M, Peak:0.01M | Scene, ViewLayer | Updating Meshes
Fra:94 Mem:12.31M (Peak 54.73M) | Time:00:00.00 | Mem:0.01M, Peak:0.01M | Scene, ViewLayer | Updating Objects | Applying Static Transformations
Fra:94 Mem:12.31M (Peak 54.73M) | Time:00:00.00 | Mem:0.01M, Peak:0.01M | Scene, ViewLayer | Updating Mesh | Computing attributes
Fra:94 Mem:12.37M (Peak 54.73M) | Time:00:00.00 | Mem:0.01M, Peak:0.01M | Scene, ViewLayer | Updating Mesh | Copying Attributes to device
Fra:94 Mem:12.37M (Peak 54.73M) | Time:00:00.00 | Mem:0.06M, Peak:0.06M | Scene, ViewLayer | Updating Scene BVH | Building
Fra:94 Mem:12.37M (Peak 54.73M) | Time:00:00.00 | Mem:0.06M, Peak:0.06M | Scene, ViewLayer | Updating Scene BVH | Building BVH
Fra:94 Mem:12.37M (Peak 54.73M) | Time:00:00.00 | Mem:0.27M, Peak:0.27M | Scene, ViewLayer | Updating Scene BVH | Building BVH 0%
Fra:94 Mem:12.37M (Peak 54.73M) | Time:00:00.00 | Mem:0.50M, Peak:0.71M | Scene, ViewLayer | Updating Scene BVH | Copying BVH to device
Fra:94 Mem:12.37M (Peak 54.73M) | Time:00:00.00 | Mem:0.50M, Peak:0.71M | Scene, ViewLayer | Updating Mesh | Computing normals
Fra:94 Mem:12.59M (Peak 54.73M) | Time:00:00.00 | Mem:0.50M, Peak:0.71M | Scene, ViewLayer | Updating Mesh | Copying Mesh to device
Fra:94 Mem:12.59M (Peak 54.73M) | Time:00:00.00 | Mem:0.72M, Peak:0.72M | Scene, ViewLayer | Updating Objects Flags
Fra:94 Mem:12.59M (Peak 54.73M) | Time:00:00.00 | Mem:0.72M, Peak:0.72M | Scene, ViewLayer | Updating Primitive Offsets
Fra:94 Mem:12.59M (Peak 54.73M) | Time:00:00.00 | Mem:0.72M, Peak:0.72M | Scene, ViewLayer | Updating Images
Fra:94 Mem:12.59M (Peak 54.73M) | Time:00:00.00 | Mem:0.72M, Peak:0.72M | Scene, ViewLayer | Updating Camera Volume
Fra:94 Mem:12.59M (Peak 54.73M) | Time:00:00.00 | Mem:0.72M, Peak:0.72M | Scene, ViewLayer | Updating Lookup Tables
Fra:94 Mem:12.59M (Peak 54.73M) | Time:00:00.00 | Mem:0.80M, Peak:0.80M | Scene, ViewLayer | Updating Lights
Fra:94 Mem:12.59M (Peak 54.73M) | Time:00:00.00 | Mem:0.80M, Peak:0.80M | Scene, ViewLayer | Updating Lights | Computing tree
Fra:94 Mem:13.16M (Peak 54.73M) | Time:00:00.02 | Mem:1.37M, Peak:1.37M | Scene, ViewLayer | Updating Integrator
Fra:94 Mem:13.16M (Peak 54.73M) | Time:00:00.02 | Mem:1.37M, Peak:1.37M | Scene, ViewLayer | Updating Film
Fra:94 Mem:13.16M (Peak 54.73M) | Time:00:00.02 | Mem:1.29M, Peak:1.37M | Scene, ViewLayer | Updating Lookup Tables
Fra:94 Mem:13.16M (Peak 54.73M) | Time:00:00.02 | Mem:1.37M, Peak:1.37M | Scene, ViewLayer | Updating Baking
Fra:94 Mem:13.16M (Peak 54.73M) | Time:00:00.02 | Mem:1.37M, Peak:1.37M | Scene, ViewLayer | Updating Device | Writing constant memory
Fra:94 Mem:13.16M (Peak 54.73M) | Time:00:00.02 | Mem:1.37M, Peak:1.37M | Scene, ViewLayer | Sample 0/32
Fra:94 Mem:31.00M (Peak 54.73M) | Time:00:00.51 | Remaining:00:15.21 | Mem:19.17M, Peak:19.17M | Scene, ViewLayer | Sample 1/32
Fra:94 Mem:38.91M (Peak 54.73M) | Time:00:15.75 | Mem:19.17M, Peak:19.17M | Scene, ViewLayer | Sample 32/32
Fra:94 Mem:38.91M (Peak 54.73M) | Time:00:15.75 | Mem:19.17M, Peak:19.17M | Scene, ViewLayer | Finished
Saved: '/home/runner/work/chaosim/chaosim/outputs/renders/paper_to_cloth_frames/frame_0094.png'
Time: 00:15.80 (Saving: 00:00.05)

Fra:95 Mem:14.55M (Peak 54.73M) | Time:00:00.00 | Mem:0.00M, Peak:0.00M | Scene, ViewLayer | Synchronizing object | ClothKey
Fra:95 Mem:14.55M (Peak 54.73M) | Time:00:00.00 | Mem:0.00M, Peak:0.00M | Scene, ViewLayer | Synchronizing object | ClothRim
Fra:95 Mem:14.55M (Peak 54.73M) | Time:00:00.00 | Mem:0.00M, Peak:0.00M | Scene, ViewLayer | Synchronizing object | Rod
Fra:95 Mem:14.55M (Peak 54.73M) | Time:00:00.00 | Mem:0.00M, Peak:0.00M | Scene, ViewLayer | Synchronizing object | GlassSphere
Fra:95 Mem:15.12M (Peak 54.73M) | Time:00:00.00 | Mem:0.00M, Peak:0.00M | Scene, ViewLayer | Initializing
Fra:95 Mem:12.22M (Peak 54.73M) | Time:00:00.00 | Mem:0.00M, Peak:0.00M | Scene, ViewLayer | Waiting for render to start
Fra:95 Mem:12.22M (Peak 54.73M) | Time:00:00.00 | Mem:0.00M, Peak:0.00M | Scene, ViewLayer | Updating Scene
Fra:95 Mem:12.22M (Peak 54.73M) | Time:00:00.00 | Mem:0.00M, Peak:0.00M | Scene, ViewLayer | Updating Shaders
Fra:95 Mem:12.22M (Peak 54.73M) | Time:00:00.00 | Mem:0.00M, Peak:0.00M | Scene, ViewLayer | Loading render kernels (may take a few minutes the first time)
Fra:95 Mem:12.31M (Peak 54.73M) | Time:00:00.00 | Mem:0.00M, Peak:0.00M | Scene, ViewLayer | Updating Procedurals
Fra:95 Mem:12.31M (Peak 54.73M) | Time:00:00.00 | Mem:0.00M, Peak:0.00M | Scene, ViewLayer | Updating Background
Fra:95 Mem:12.31M (Peak 54.73M) | Time:00:00.00 | Mem:0.00M, Peak:0.00M | Scene, ViewLayer | Updating Camera
Fra:95 Mem:12.31M (Peak 54.73M) | Time:00:00.00 | Mem:0.00M, Peak:0.00M | Scene, ViewLayer | Updating Meshes Flags
Fra:95 Mem:12.31M (Peak 54.73M) | Time:00:00.00 | Mem:0.00M, Peak:0.00M | Scene, ViewLayer | Updating Objects
Fra:95 Mem:12.31M (Peak 54.73M) | Time:00:00.00 | Mem:0.00M, Peak:0.00M | Scene, ViewLayer | Updating Objects | Copying Transformations to device
Fra:95 Mem:12.31M (Peak 54.73M) | Time:00:00.00 | Mem:0.01M, Peak:0.01M | Scene, ViewLayer | Updating Particle Systems
Fra:95 Mem:12.31M (Peak 54.73M) | Time:00:00.00 | Mem:0.01M, Peak:0.01M | Scene, ViewLayer | Updating Particle Systems | Copying Particles to device
Fra:95 Mem:12.31M (Peak 54.73M) | Time:00:00.00 | Mem:0.01M, Peak:0.01M | Scene, ViewLayer | Updating Meshes
Fra:95 Mem:12.31M (Peak 54.73M) | Time:00:00.00 | Mem:0.01M, Peak:0.01M | Scene, ViewLayer | Updating Objects | Applying Static Transformations
Fra:95 Mem:12.31M (Peak 54.73M) | Time:00:00.00 | Mem:0.01M, Peak:0.01M | Scene, ViewLayer | Updating Mesh | Computing attributes
Fra:95 Mem:12.37M (Peak 54.73M) | Time:00:00.00 | Mem:0.01M, Peak:0.01M | Scene, ViewLayer | Updating Mesh | Copying Attributes to device
Fra:95 Mem:12.37M (Peak 54.73M) | Time:00:00.00 | Mem:0.06M, Peak:0.06M | Scene, ViewLayer | Updating Scene BVH | Building
Fra:95 Mem:12.37M (Peak 54.73M) | Time:00:00.00 | Mem:0.06M, Peak:0.06M | Scene, ViewLayer | Updating Scene BVH | Building BVH
Fra:95 Mem:12.37M (Peak 54.73M) | Time:00:00.00 | Mem:0.27M, Peak:0.27M | Scene, ViewLayer | Updating Scene BVH | Building BVH 0%
Fra:95 Mem:12.37M (Peak 54.73M) | Time:00:00.00 | Mem:0.50M, Peak:0.71M | Scene, ViewLayer | Updating Scene BVH | Copying BVH to device
Fra:95 Mem:12.37M (Peak 54.73M) | Time:00:00.00 | Mem:0.50M, Peak:0.71M | Scene, ViewLayer | Updating Mesh | Computing normals
Fra:95 Mem:12.59M (Peak 54.73M) | Time:00:00.00 | Mem:0.50M, Peak:0.71M | Scene, ViewLayer | Updating Mesh | Copying Mesh to device
Fra:95 Mem:12.59M (Peak 54.73M) | Time:00:00.00 | Mem:0.72M, Peak:0.72M | Scene, ViewLayer | Updating Objects Flags
Fra:95 Mem:12.59M (Peak 54.73M) | Time:00:00.00 | Mem:0.72M, Peak:0.72M | Scene, ViewLayer | Updating Primitive Offsets
Fra:95 Mem:12.59M (Peak 54.73M) | Time:00:00.00 | Mem:0.72M, Peak:0.72M | Scene, ViewLayer | Updating Images
Fra:95 Mem:12.59M (Peak 54.73M) | Time:00:00.00 | Mem:0.72M, Peak:0.72M | Scene, ViewLayer | Updating Camera Volume
Fra:95 Mem:12.59M (Peak 54.73M) | Time:00:00.00 | Mem:0.72M, Peak:0.72M | Scene, ViewLayer | Updating Lookup Tables
Fra:95 Mem:12.59M (Peak 54.73M) | Time:00:00.00 | Mem:0.80M, Peak:0.80M | Scene, ViewLayer | Updating Lights
Fra:95 Mem:12.59M (Peak 54.73M) | Time:00:00.00 | Mem:0.80M, Peak:0.80M | Scene, ViewLayer | Updating Lights | Computing tree
Fra:95 Mem:13.16M (Peak 54.73M) | Time:00:00.02 | Mem:1.37M, Peak:1.37M | Scene, ViewLayer | Updating Integrator
Fra:95 Mem:13.16M (Peak 54.73M) | Time:00:00.02 | Mem:1.37M, Peak:1.37M | Scene, ViewLayer | Updating Film
Fra:95 Mem:13.16M (Peak 54.73M) | Time:00:00.02 | Mem:1.29M, Peak:1.37M | Scene, ViewLayer | Updating Lookup Tables
Fra:95 Mem:13.16M (Peak 54.73M) | Time:00:00.02 | Mem:1.37M, Peak:1.37M | Scene, ViewLayer | Updating Baking
Fra:95 Mem:13.16M (Peak 54.73M) | Time:00:00.02 | Mem:1.37M, Peak:1.37M | Scene, ViewLayer | Updating Device | Writing constant memory
Fra:95 Mem:13.16M (Peak 54.73M) | Time:00:00.02 | Mem:1.37M, Peak:1.37M | Scene, ViewLayer | Sample 0/32
Fra:95 Mem:31.00M (Peak 54.73M) | Time:00:00.50 | Remaining:00:14.92 | Mem:19.17M, Peak:19.17M | Scene, ViewLayer | Sample 1/32
Fra:95 Mem:38.91M (Peak 54.73M) | Time:00:15.66 | Mem:19.17M, Peak:19.17M | Scene, ViewLayer | Sample 32/32
Fra:95 Mem:38.91M (Peak 54.73M) | Time:00:15.66 | Mem:19.17M, Peak:19.17M | Scene, ViewLayer | Finished
Saved: '/home/runner/work/chaosim/chaosim/outputs/renders/paper_to_cloth_frames/frame_0095.png'
Time: 00:15.72 (Saving: 00:00.05)

Fra:96 Mem:14.55M (Peak 54.73M) | Time:00:00.00 | Mem:0.00M, Peak:0.00M | Scene, ViewLayer | Synchronizing object | ClothKey
Fra:96 Mem:14.55M (Peak 54.73M) | Time:00:00.00 | Mem:0.00M, Peak:0.00M | Scene, ViewLayer | Synchronizing object | ClothRim
Fra:96 Mem:14.55M (Peak 54.73M) | Time:00:00.00 | Mem:0.00M, Peak:0.00M | Scene, ViewLayer | Synchronizing object | Sheet
Fra:96 Mem:14.57M (Peak 54.73M) | Time:00:00.00 | Mem:0.00M, Peak:0.00M | Scene, ViewLayer | Synchronizing object | FacesLabel
Fra:96 Mem:14.64M (Peak 54.73M) | Time:00:00.00 | Mem:0.00M, Peak:0.00M | Scene, ViewLayer | Synchronizing object | GlassSphere
Fra:96 Mem:15.12M (Peak 54.73M) | Time:00:00.00 | Mem:0.00M, Peak:0.00M | Scene, ViewLayer | Initializing
Fra:96 Mem:12.22M (Peak 54.73M) | Time:00:00.00 | Mem:0.00M, Peak:0.00M | Scene, ViewLayer | Waiting for render to start
Fra:96 Mem:12.22M (Peak 54.73M) | Time:00:00.00 | Mem:0.00M, Peak:0.00M | Scene, ViewLayer | Updating Scene
Fra:96 Mem:12.22M (Peak 54.73M) | Time:00:00.00 | Mem:0.00M, Peak:0.00M | Scene, ViewLayer | Updating Shaders
Fra:96 Mem:12.22M (Peak 54.73M) | Time:00:00.00 | Mem:0.00M, Peak:0.00M | Scene, ViewLayer | Loading render kernels (may take a few minutes the first time)
Fra:96 Mem:12.31M (Peak 54.73M) | Time:00:00.00 | Mem:0.00M, Peak:0.00M | Scene, ViewLayer | Updating Procedurals
Fra:96 Mem:12.31M (Peak 54.73M) | Time:00:00.00 | Mem:0.00M, Peak:0.00M | Scene, ViewLayer | Updating Background
Fra:96 Mem:12.31M (Peak 54.73M) | Time:00:00.00 | Mem:0.00M, Peak:0.00M | Scene, ViewLayer | Updating Camera
Fra:96 Mem:12.31M (Peak 54.73M) | Time:00:00.00 | Mem:0.00M, Peak:0.00M | Scene, ViewLayer | Updating Meshes Flags
Fra:96 Mem:12.31M (Peak 54.73M) | Time:00:00.00 | Mem:0.00M, Peak:0.00M | Scene, ViewLayer | Updating Objects
Fra:96 Mem:12.31M (Peak 54.73M) | Time:00:00.00 | Mem:0.00M, Peak:0.00M | Scene, ViewLayer | Updating Objects | Copying Transformations to device
Fra:96 Mem:12.31M (Peak 54.73M) | Time:00:00.00 | Mem:0.01M, Peak:0.01M | Scene, ViewLayer | Updating Particle Systems
Fra:96 Mem:12.31M (Peak 54.73M) | Time:00:00.00 | Mem:0.01M, Peak:0.01M | Scene, ViewLayer | Updating Particle Systems | Copying Particles to device
Fra:96 Mem:12.31M (Peak 54.73M) | Time:00:00.00 | Mem:0.01M, Peak:0.01M | Scene, ViewLayer | Updating Meshes
Fra:96 Mem:12.31M (Peak 54.73M) | Time:00:00.00 | Mem:0.01M, Peak:0.01M | Scene, ViewLayer | Updating Objects | Applying Static Transformations
Fra:96 Mem:12.31M (Peak 54.73M) | Time:00:00.00 | Mem:0.01M, Peak:0.01M | Scene, ViewLayer | Updating Mesh | Computing attributes
Fra:96 Mem:12.37M (Peak 54.73M) | Time:00:00.00 | Mem:0.01M, Peak:0.01M | Scene, ViewLayer | Updating Mesh | Copying Attributes to device
Fra:96 Mem:12.37M (Peak 54.73M) | Time:00:00.00 | Mem:0.06M, Peak:0.06M | Scene, ViewLayer | Updating Scene BVH | Building
Fra:96 Mem:12.37M (Peak 54.73M) | Time:00:00.00 | Mem:0.06M, Peak:0.06M | Scene, ViewLayer | Updating Scene BVH | Building BVH
Fra:96 Mem:12.37M (Peak 54.73M) | Time:00:00.00 | Mem:0.27M, Peak:0.27M | Scene, ViewLayer | Updating Scene BVH | Building BVH 0%
Fra:96 Mem:12.37M (Peak 54.73M) | Time:00:00.00 | Mem:0.50M, Peak:0.71M | Scene, ViewLayer | Updating Scene BVH | Copying BVH to device
Fra:96 Mem:12.37M (Peak 54.73M) | Time:00:00.00 | Mem:0.50M, Peak:0.71M | Scene, ViewLayer | Updating Mesh | Computing normals
Fra:96 Mem:12.59M (Peak 54.73M) | Time:00:00.00 | Mem:0.50M, Peak:0.71M | Scene, ViewLayer | Updating Mesh | Copying Mesh to device
Fra:96 Mem:12.59M (Peak 54.73M) | Time:00:00.00 | Mem:0.72M, Peak:0.72M | Scene, ViewLayer | Updating Objects Flags
Fra:96 Mem:12.59M (Peak 54.73M) | Time:00:00.00 | Mem:0.72M, Peak:0.72M | Scene, ViewLayer | Updating Primitive Offsets
Fra:96 Mem:12.59M (Peak 54.73M) | Time:00:00.00 | Mem:0.72M, Peak:0.72M | Scene, ViewLayer | Updating Images
Fra:96 Mem:12.59M (Peak 54.73M) | Time:00:00.00 | Mem:0.72M, Peak:0.72M | Scene, ViewLayer | Updating Camera Volume
Fra:96 Mem:12.59M (Peak 54.73M) | Time:00:00.00 | Mem:0.72M, Peak:0.72M | Scene, ViewLayer | Updating Lookup Tables
Fra:96 Mem:12.59M (Peak 54.73M) | Time:00:00.00 | Mem:0.80M, Peak:0.80M | Scene, ViewLayer | Updating Lights
Fra:96 Mem:12.59M (Peak 54.73M) | Time:00:00.00 | Mem:0.80M, Peak:0.80M | Scene, ViewLayer | Updating Lights | Computing tree
Fra:96 Mem:13.16M (Peak 54.73M) | Time:00:00.02 | Mem:1.37M, Peak:1.37M | Scene, ViewLayer | Updating Integrator
Fra:96 Mem:13.16M (Peak 54.73M) | Time:00:00.02 | Mem:1.37M, Peak:1.37M | Scene, ViewLayer | Updating Film
Fra:96 Mem:13.16M (Peak 54.73M) | Time:00:00.02 | Mem:1.29M, Peak:1.37M | Scene, ViewLayer | Updating Lookup Tables
Fra:96 Mem:13.16M (Peak 54.73M) | Time:00:00.02 | Mem:1.37M, Peak:1.37M | Scene, ViewLayer | Updating Baking
Fra:96 Mem:13.16M (Peak 54.73M) | Time:00:00.02 | Mem:1.37M, Peak:1.37M | Scene, ViewLayer | Updating Device | Writing constant memory
Fra:96 Mem:13.16M (Peak 54.73M) | Time:00:00.02 | Mem:1.37M, Peak:1.37M | Scene, ViewLayer | Sample 0/32
Fra:96 Mem:31.00M (Peak 54.73M) | Time:00:00.50 | Remaining:00:14.99 | Mem:19.17M, Peak:19.17M | Scene, ViewLayer | Sample 1/32
Fra:96 Mem:38.91M (Peak 54.73M) | Time:00:15.68 | Mem:19.17M, Peak:19.17M | Scene, ViewLayer | Sample 32/32
Fra:96 Mem:38.91M (Peak 54.73M) | Time:00:15.68 | Mem:19.17M, Peak:19.17M | Scene, ViewLayer | Finished
Saved: '/home/runner/work/chaosim/chaosim/outputs/renders/paper_to_cloth_frames/frame_0096.png'
Time: 00:15.73 (Saving: 00:00.05)

Fra:97 Mem:14.55M (Peak 54.73M) | Time:00:00.00 | Mem:0.00M, Peak:0.00M | Scene, ViewLayer | Synchronizing object | ClothKey
Fra:97 Mem:14.55M (Peak 54.73M) | Time:00:00.00 | Mem:0.00M, Peak:0.00M | Scene, ViewLayer | Synchronizing object | Rod
Fra:97 Mem:14.55M (Peak 54.73M) | Time:00:00.00 | Mem:0.00M, Peak:0.00M | Scene, ViewLayer | Synchronizing object | FacesLabel
Fra:97 Mem:14.55M (Peak 54.73M) | Time:00:00.00 | Mem:0.00M, Peak:0.00M | Scene, ViewLayer | Synchronizing object | Sheet
Fra:97 Mem:14.94M (Peak 54.73M) | Time:00:00.00 | Mem:0.00M, Peak:0.00M | Scene, ViewLayer | Synchronizing object | GlassSphere
Fra:97 Mem:15.12M (Peak 54.73M) | Time:00:00.00 | Mem:0.00M, Peak:0.00M | Scene, ViewLayer | Initializing
Fra:97 Mem:12.22M (Peak 54.73M) | Time:00:00.00 | Mem:0.00M, Peak:0.00M | Scene, ViewLayer | Waiting for render to start
Fra:97 Mem:12.22M (Peak 54.73M) | Time:00:00.00 | Mem:0.00M, Peak:0.00M | Scene, ViewLayer | Updating Scene
Fra:97 Mem:12.22M (Peak 54.73M) | Time:00:00.00 | Mem:0.00M, Peak:0.00M | Scene, ViewLayer | Updating Shaders
Fra:97 Mem:12.22M (Peak 54.73M) | Time:00:00.00 | Mem:0.00M, Peak:0.00M | Scene, ViewLayer | Loading render kernels (may take a few minutes the first time)
Fra:97 Mem:12.31M (Peak 54.73M) | Time:00:00.00 | Mem:0.00M, Peak:0.00M | Scene, ViewLayer | Updating Procedurals
Fra:97 Mem:12.31M (Peak 54.73M) | Time:00:00.00 | Mem:0.00M, Peak:0.00M | Scene, ViewLayer | Updating Background
Fra:97 Mem:12.31M (Peak 54.73M) | Time:00:00.00 | Mem:0.00M, Peak:0.00M | Scene, ViewLayer | Updating Camera
Fra:97 Mem:12.31M (Peak 54.73M) | Time:00:00.00 | Mem:0.00M, Peak:0.00M | Scene, ViewLayer | Updating Meshes Flags
Fra:97 Mem:12.31M (Peak 54.73M) | Time:00:00.00 | Mem:0.00M, Peak:0.00M | Scene, ViewLayer | Updating Objects
Fra:97 Mem:12.31M (Peak 54.73M) | Time:00:00.00 | Mem:0.00M, Peak:0.00M | Scene, ViewLayer | Updating Objects | Copying Transformations to device
Fra:97 Mem:12.31M (Peak 54.73M) | Time:00:00.00 | Mem:0.01M, Peak:0.01M | Scene, ViewLayer | Updating Particle Systems
Fra:97 Mem:12.31M (Peak 54.73M) | Time:00:00.00 | Mem:0.01M, Peak:0.01M | Scene, ViewLayer | Updating Particle Systems | Copying Particles to device
Fra:97 Mem:12.31M (Peak 54.73M) | Time:00:00.00 | Mem:0.01M, Peak:0.01M | Scene, ViewLayer | Updating Meshes
Fra:97 Mem:12.31M (Peak 54.73M) | Time:00:00.00 | Mem:0.01M, Peak:0.01M | Scene, ViewLayer | Updating Objects | Applying Static Transformations
Fra:97 Mem:12.31M (Peak 54.73M) | Time:00:00.00 | Mem:0.01M, Peak:0.01M | Scene, ViewLayer | Updating Mesh | Computing attributes
Fra:97 Mem:12.37M (Peak 54.73M) | Time:00:00.00 | Mem:0.01M, Peak:0.01M | Scene, ViewLayer | Updating Mesh | Copying Attributes to device
Fra:97 Mem:12.37M (Peak 54.73M) | Time:00:00.00 | Mem:0.06M, Peak:0.06M | Scene, ViewLayer | Updating Scene BVH | Building
Fra:97 Mem:12.37M (Peak 54.73M) | Time:00:00.00 | Mem:0.06M, Peak:0.06M | Scene, ViewLayer | Updating Scene BVH | Building BVH
Fra:97 Mem:12.37M (Peak 54.73M) | Time:00:00.00 | Mem:0.27M, Peak:0.27M | Scene, ViewLayer | Updating Scene BVH | Building BVH 0%
Fra:97 Mem:12.37M (Peak 54.73M) | Time:00:00.00 | Mem:0.50M, Peak:0.71M | Scene, ViewLayer | Updating Scene BVH | Copying BVH to device
Fra:97 Mem:12.37M (Peak 54.73M) | Time:00:00.00 | Mem:0.50M, Peak:0.71M | Scene, ViewLayer | Updating Mesh | Computing normals
Fra:97 Mem:12.59M (Peak 54.73M) | Time:00:00.00 | Mem:0.50M, Peak:0.71M | Scene, ViewLayer | Updating Mesh | Copying Mesh to device
Fra:97 Mem:12.59M (Peak 54.73M) | Time:00:00.00 | Mem:0.72M, Peak:0.72M | Scene, ViewLayer | Updating Objects Flags
Fra:97 Mem:12.59M (Peak 54.73M) | Time:00:00.00 | Mem:0.72M, Peak:0.72M | Scene, ViewLayer | Updating Primitive Offsets
Fra:97 Mem:12.59M (Peak 54.73M) | Time:00:00.00 | Mem:0.72M, Peak:0.72M | Scene, ViewLayer | Updating Images
Fra:97 Mem:12.59M (Peak 54.73M) | Time:00:00.00 | Mem:0.72M, Peak:0.72M | Scene, ViewLayer | Updating Camera Volume
Fra:97 Mem:12.59M (Peak 54.73M) | Time:00:00.00 | Mem:0.72M, Peak:0.72M | Scene, ViewLayer | Updating Lookup Tables
Fra:97 Mem:12.59M (Peak 54.73M) | Time:00:00.00 | Mem:0.80M, Peak:0.80M | Scene, ViewLayer | Updating Lights
Fra:97 Mem:12.59M (Peak 54.73M) | Time:00:00.00 | Mem:0.80M, Peak:0.80M | Scene, ViewLayer | Updating Lights | Computing tree
Fra:97 Mem:13.16M (Peak 54.73M) | Time:00:00.02 | Mem:1.37M, Peak:1.37M | Scene, ViewLayer | Updating Integrator
Fra:97 Mem:13.16M (Peak 54.73M) | Time:00:00.02 | Mem:1.37M, Peak:1.37M | Scene, ViewLayer | Updating Film
Fra:97 Mem:13.16M (Peak 54.73M) | Time:00:00.02 | Mem:1.29M, Peak:1.37M | Scene, ViewLayer | Updating Lookup Tables
Fra:97 Mem:13.16M (Peak 54.73M) | Time:00:00.02 | Mem:1.37M, Peak:1.37M | Scene, ViewLayer | Updating Baking
Fra:97 Mem:13.16M (Peak 54.73M) | Time:00:00.02 | Mem:1.37M, Peak:1.37M | Scene, ViewLayer | Updating Device | Writing constant memory
Fra:97 Mem:13.16M (Peak 54.73M) | Time:00:00.02 | Mem:1.37M, Peak:1.37M | Scene, ViewLayer | Sample 0/32
Fra:97 Mem:31.00M (Peak 54.73M) | Time:00:00.53 | Remaining:00:15.98 | Mem:19.17M, Peak:19.17M | Scene, ViewLayer | Sample 1/32
Fra:97 Mem:38.91M (Peak 54.73M) | Time:00:15.73 | Mem:19.17M, Peak:19.17M | Scene, ViewLayer | Sample 32/32
Fra:97 Mem:38.91M (Peak 54.73M) | Time:00:15.73 | Mem:19.17M, Peak:19.17M | Scene, ViewLayer | Finished
Saved: '/home/runner/work/chaosim/chaosim/outputs/renders/paper_to_cloth_frames/frame_0097.png'
Time: 00:15.78 (Saving: 00:00.05)

Fra:98 Mem:14.55M (Peak 54.73M) | Time:00:00.00 | Mem:0.00M, Peak:0.00M | Scene, ViewLayer | Synchronizing object | ClothKey
Fra:98 Mem:14.55M (Peak 54.73M) | Time:00:00.00 | Mem:0.00M, Peak:0.00M | Scene, ViewLayer | Synchronizing object | ClothRim
Fra:98 Mem:14.55M (Peak 54.73M) | Time:00:00.00 | Mem:0.00M, Peak:0.00M | Scene, ViewLayer | Synchronizing object | Rod
Fra:98 Mem:14.55M (Peak 54.73M) | Time:00:00.00 | Mem:0.00M, Peak:0.00M | Scene, ViewLayer | Synchronizing object | GlassSphere
Fra:98 Mem:15.12M (Peak 54.73M) | Time:00:00.00 | Mem:0.00M, Peak:0.00M | Scene, ViewLayer | Initializing
Fra:98 Mem:12.22M (Peak 54.73M) | Time:00:00.00 | Mem:0.00M, Peak:0.00M | Scene, ViewLayer | Waiting for render to start
Fra:98 Mem:12.22M (Peak 54.73M) | Time:00:00.00 | Mem:0.00M, Peak:0.00M | Scene, ViewLayer | Updating Scene
Fra:98 Mem:12.22M (Peak 54.73M) | Time:00:00.00 | Mem:0.00M, Peak:0.00M | Scene, ViewLayer | Updating Shaders
Fra:98 Mem:12.22M (Peak 54.73M) | Time:00:00.00 | Mem:0.00M, Peak:0.00M | Scene, ViewLayer | Loading render kernels (may take a few minutes the first time)
Fra:98 Mem:12.31M (Peak 54.73M) | Time:00:00.00 | Mem:0.00M, Peak:0.00M | Scene, ViewLayer | Updating Procedurals
Fra:98 Mem:12.31M (Peak 54.73M) | Time:00:00.00 | Mem:0.00M, Peak:0.00M | Scene, ViewLayer | Updating Background
Fra:98 Mem:12.31M (Peak 54.73M) | Time:00:00.00 | Mem:0.00M, Peak:0.00M | Scene, ViewLayer | Updating Camera
Fra:98 Mem:12.31M (Peak 54.73M) | Time:00:00.00 | Mem:0.00M, Peak:0.00M | Scene, ViewLayer | Updating Meshes Flags
Fra:98 Mem:12.31M (Peak 54.73M) | Time:00:00.00 | Mem:0.00M, Peak:0.00M | Scene, ViewLayer | Updating Objects
Fra:98 Mem:12.31M (Peak 54.73M) | Time:00:00.00 | Mem:0.00M, Peak:0.00M | Scene, ViewLayer | Updating Objects | Copying Transformations to device
Fra:98 Mem:12.31M (Peak 54.73M) | Time:00:00.00 | Mem:0.01M, Peak:0.01M | Scene, ViewLayer | Updating Particle Systems
Fra:98 Mem:12.31M (Peak 54.73M) | Time:00:00.00 | Mem:0.01M, Peak:0.01M | Scene, ViewLayer | Updating Particle Systems | Copying Particles to device
Fra:98 Mem:12.31M (Peak 54.73M) | Time:00:00.00 | Mem:0.01M, Peak:0.01M | Scene, ViewLayer | Updating Meshes
Fra:98 Mem:12.31M (Peak 54.73M) | Time:00:00.00 | Mem:0.01M, Peak:0.01M | Scene, ViewLayer | Updating Objects | Applying Static Transformations
Fra:98 Mem:12.31M (Peak 54.73M) | Time:00:00.00 | Mem:0.01M, Peak:0.01M | Scene, ViewLayer | Updating Mesh | Computing attributes
Fra:98 Mem:12.37M (Peak 54.73M) | Time:00:00.00 | Mem:0.01M, Peak:0.01M | Scene, ViewLayer | Updating Mesh | Copying Attributes to device
Fra:98 Mem:12.37M (Peak 54.73M) | Time:00:00.00 | Mem:0.06M, Peak:0.06M | Scene, ViewLayer | Updating Scene BVH | Building
Fra:98 Mem:12.37M (Peak 54.73M) | Time:00:00.00 | Mem:0.06M, Peak:0.06M | Scene, ViewLayer | Updating Scene BVH | Building BVH
Fra:98 Mem:12.37M (Peak 54.73M) | Time:00:00.00 | Mem:0.27M, Peak:0.27M | Scene, ViewLayer | Updating Scene BVH | Building BVH 0%
Fra:98 Mem:12.37M (Peak 54.73M) | Time:00:00.00 | Mem:0.50M, Peak:0.71M | Scene, ViewLayer | Updating Scene BVH | Copying BVH to device
Fra:98 Mem:12.37M (Peak 54.73M) | Time:00:00.00 | Mem:0.50M, Peak:0.71M | Scene, ViewLayer | Updating Mesh | Computing normals
Fra:98 Mem:12.59M (Peak 54.73M) | Time:00:00.00 | Mem:0.50M, Peak:0.71M | Scene, ViewLayer | Updating Mesh | Copying Mesh to device
Fra:98 Mem:12.59M (Peak 54.73M) | Time:00:00.00 | Mem:0.72M, Peak:0.72M | Scene, ViewLayer | Updating Objects Flags
Fra:98 Mem:12.59M (Peak 54.73M) | Time:00:00.00 | Mem:0.72M, Peak:0.72M | Scene, ViewLayer | Updating Primitive Offsets
Fra:98 Mem:12.59M (Peak 54.73M) | Time:00:00.00 | Mem:0.72M, Peak:0.72M | Scene, ViewLayer | Updating Images
Fra:98 Mem:12.59M (Peak 54.73M) | Time:00:00.00 | Mem:0.72M, Peak:0.72M | Scene, ViewLayer | Updating Camera Volume
Fra:98 Mem:12.59M (Peak 54.73M) | Time:00:00.00 | Mem:0.72M, Peak:0.72M | Scene, ViewLayer | Updating Lookup Tables
Fra:98 Mem:12.59M (Peak 54.73M) | Time:00:00.00 | Mem:0.80M, Peak:0.80M | Scene, ViewLayer | Updating Lights
Fra:98 Mem:12.59M (Peak 54.73M) | Time:00:00.00 | Mem:0.80M, Peak:0.80M | Scene, ViewLayer | Updating Lights | Computing tree
Fra:98 Mem:13.16M (Peak 54.73M) | Time:00:00.02 | Mem:1.37M, Peak:1.37M | Scene, ViewLayer | Updating Integrator
Fra:98 Mem:13.16M (Peak 54.73M) | Time:00:00.02 | Mem:1.37M, Peak:1.37M | Scene, ViewLayer | Updating Film
Fra:98 Mem:13.16M (Peak 54.73M) | Time:00:00.02 | Mem:1.29M, Peak:1.37M | Scene, ViewLayer | Updating Lookup Tables
Fra:98 Mem:13.16M (Peak 54.73M) | Time:00:00.02 | Mem:1.37M, Peak:1.37M | Scene, ViewLayer | Updating Baking
Fra:98 Mem:13.16M (Peak 54.73M) | Time:00:00.02 | Mem:1.37M, Peak:1.37M | Scene, ViewLayer | Updating Device | Writing constant memory
Fra:98 Mem:13.16M (Peak 54.73M) | Time:00:00.02 | Mem:1.37M, Peak:1.37M | Scene, ViewLayer | Sample 0/32
Fra:98 Mem:31.00M (Peak 54.73M) | Time:00:00.50 | Remaining:00:14.86 | Mem:19.17M, Peak:19.17M | Scene, ViewLayer | Sample 1/32
Fra:98 Mem:38.91M (Peak 54.73M) | Time:00:15.48 | Mem:19.17M, Peak:19.17M | Scene, ViewLayer | Sample 32/32
Fra:98 Mem:38.91M (Peak 54.73M) | Time:00:15.48 | Mem:19.17M, Peak:19.17M | Scene, ViewLayer | Finished
Saved: '/home/runner/work/chaosim/chaosim/outputs/renders/paper_to_cloth_frames/frame_0098.png'
Time: 00:15.53 (Saving: 00:00.05)

Fra:99 Mem:14.55M (Peak 54.73M) | Time:00:00.00 | Mem:0.00M, Peak:0.00M | Scene, ViewLayer | Synchronizing object | ClothKey
Fra:99 Mem:14.55M (Peak 54.73M) | Time:00:00.00 | Mem:0.00M, Peak:0.00M | Scene, ViewLayer | Synchronizing object | Rod
Fra:99 Mem:14.55M (Peak 54.73M) | Time:00:00.00 | Mem:0.00M, Peak:0.00M | Scene, ViewLayer | Synchronizing object | FacesLabel
Fra:99 Mem:14.55M (Peak 54.73M) | Time:00:00.00 | Mem:0.00M, Peak:0.00M | Scene, ViewLayer | Synchronizing object | Sheet
Fra:99 Mem:14.59M (Peak 54.73M) | Time:00:00.00 | Mem:0.00M, Peak:0.00M | Scene, ViewLayer | Synchronizing object | GlassSphere
Fra:99 Mem:15.12M (Peak 54.73M) | Time:00:00.00 | Mem:0.00M, Peak:0.00M | Scene, ViewLayer | Initializing
Fra:99 Mem:12.22M (Peak 54.73M) | Time:00:00.00 | Mem:0.00M, Peak:0.00M | Scene, ViewLayer | Waiting for render to start
Fra:99 Mem:12.22M (Peak 54.73M) | Time:00:00.00 | Mem:0.00M, Peak:0.00M | Scene, ViewLayer | Updating Scene
Fra:99 Mem:12.22M (Peak 54.73M) | Time:00:00.00 | Mem:0.00M, Peak:0.00M | Scene, ViewLayer | Updating Shaders
Fra:99 Mem:12.22M (Peak 54.73M) | Time:00:00.00 | Mem:0.00M, Peak:0.00M | Scene, ViewLayer | Loading render kernels (may take a few minutes the first time)
Fra:99 Mem:12.31M (Peak 54.73M) | Time:00:00.00 | Mem:0.00M, Peak:0.00M | Scene, ViewLayer | Updating Procedurals
Fra:99 Mem:12.31M (Peak 54.73M) | Time:00:00.00 | Mem:0.00M, Peak:0.00M | Scene, ViewLayer | Updating Background
Fra:99 Mem:12.31M (Peak 54.73M) | Time:00:00.00 | Mem:0.00M, Peak:0.00M | Scene, ViewLayer | Updating Camera
Fra:99 Mem:12.31M (Peak 54.73M) | Time:00:00.00 | Mem:0.00M, Peak:0.00M | Scene, ViewLayer | Updating Meshes Flags
Fra:99 Mem:12.31M (Peak 54.73M) | Time:00:00.00 | Mem:0.00M, Peak:0.00M | Scene, ViewLayer | Updating Objects
Fra:99 Mem:12.31M (Peak 54.73M) | Time:00:00.00 | Mem:0.00M, Peak:0.00M | Scene, ViewLayer | Updating Objects | Copying Transformations to device
Fra:99 Mem:12.31M (Peak 54.73M) | Time:00:00.00 | Mem:0.01M, Peak:0.01M | Scene, ViewLayer | Updating Particle Systems
Fra:99 Mem:12.31M (Peak 54.73M) | Time:00:00.00 | Mem:0.01M, Peak:0.01M | Scene, ViewLayer | Updating Particle Systems | Copying Particles to device
Fra:99 Mem:12.31M (Peak 54.73M) | Time:00:00.00 | Mem:0.01M, Peak:0.01M | Scene, ViewLayer | Updating Meshes
Fra:99 Mem:12.31M (Peak 54.73M) | Time:00:00.00 | Mem:0.01M, Peak:0.01M | Scene, ViewLayer | Updating Objects | Applying Static Transformations
Fra:99 Mem:12.31M (Peak 54.73M) | Time:00:00.00 | Mem:0.01M, Peak:0.01M | Scene, ViewLayer | Updating Mesh | Computing attributes
Fra:99 Mem:12.37M (Peak 54.73M) | Time:00:00.00 | Mem:0.01M, Peak:0.01M | Scene, ViewLayer | Updating Mesh | Copying Attributes to device
Fra:99 Mem:12.37M (Peak 54.73M) | Time:00:00.00 | Mem:0.06M, Peak:0.06M | Scene, ViewLayer | Updating Scene BVH | Building
Fra:99 Mem:12.37M (Peak 54.73M) | Time:00:00.00 | Mem:0.06M, Peak:0.06M | Scene, ViewLayer | Updating Scene BVH | Building BVH
Fra:99 Mem:12.37M (Peak 54.73M) | Time:00:00.00 | Mem:0.27M, Peak:0.27M | Scene, ViewLayer | Updating Scene BVH | Building BVH 0%
Fra:99 Mem:12.37M (Peak 54.73M) | Time:00:00.00 | Mem:0.50M, Peak:0.71M | Scene, ViewLayer | Updating Scene BVH | Copying BVH to device
Fra:99 Mem:12.37M (Peak 54.73M) | Time:00:00.00 | Mem:0.50M, Peak:0.71M | Scene, ViewLayer | Updating Mesh | Computing normals
Fra:99 Mem:12.59M (Peak 54.73M) | Time:00:00.00 | Mem:0.50M, Peak:0.71M | Scene, ViewLayer | Updating Mesh | Copying Mesh to device
Fra:99 Mem:12.59M (Peak 54.73M) | Time:00:00.00 | Mem:0.72M, Peak:0.72M | Scene, ViewLayer | Updating Objects Flags
Fra:99 Mem:12.59M (Peak 54.73M) | Time:00:00.00 | Mem:0.72M, Peak:0.72M | Scene, ViewLayer | Updating Primitive Offsets
Fra:99 Mem:12.59M (Peak 54.73M) | Time:00:00.00 | Mem:0.72M, Peak:0.72M | Scene, ViewLayer | Updating Images
Fra:99 Mem:12.59M (Peak 54.73M) | Time:00:00.00 | Mem:0.72M, Peak:0.72M | Scene, ViewLayer | Updating Camera Volume
Fra:99 Mem:12.59M (Peak 54.73M) | Time:00:00.00 | Mem:0.72M, Peak:0.72M | Scene, ViewLayer | Updating Lookup Tables
Fra:99 Mem:12.59M (Peak 54.73M) | Time:00:00.00 | Mem:0.80M, Peak:0.80M | Scene, ViewLayer | Updating Lights
Fra:99 Mem:12.59M (Peak 54.73M) | Time:00:00.00 | Mem:0.80M, Peak:0.80M | Scene, ViewLayer | Updating Lights | Computing tree
Fra:99 Mem:13.16M (Peak 54.73M) | Time:00:00.02 | Mem:1.37M, Peak:1.37M | Scene, ViewLayer | Updating Integrator
Fra:99 Mem:13.16M (Peak 54.73M) | Time:00:00.02 | Mem:1.37M, Peak:1.37M | Scene, ViewLayer | Updating Film
Fra:99 Mem:13.16M (Peak 54.73M) | Time:00:00.02 | Mem:1.29M, Peak:1.37M | Scene, ViewLayer | Updating Lookup Tables
Fra:99 Mem:13.16M (Peak 54.73M) | Time:00:00.02 | Mem:1.37M, Peak:1.37M | Scene, ViewLayer | Updating Baking
Fra:99 Mem:13.16M (Peak 54.73M) | Time:00:00.02 | Mem:1.37M, Peak:1.37M | Scene, ViewLayer | Updating Device | Writing constant memory
Fra:99 Mem:13.16M (Peak 54.73M) | Time:00:00.02 | Mem:1.37M, Peak:1.37M | Scene, ViewLayer | Sample 0/32
Fra:99 Mem:31.00M (Peak 54.73M) | Time:00:00.51 | Remaining:00:15.19 | Mem:19.17M, Peak:19.17M | Scene, ViewLayer | Sample 1/32
Fra:99 Mem:38.91M (Peak 54.73M) | Time:00:15.67 | Mem:19.17M, Peak:19.17M | Scene, ViewLayer | Sample 32/32
Fra:99 Mem:38.91M (Peak 54.73M) | Time:00:15.67 | Mem:19.17M, Peak:19.17M | Scene, ViewLayer | Finished
Saved: '/home/runner/work/chaosim/chaosim/outputs/renders/paper_to_cloth_frames/frame_0099.png'
Time: 00:15.73 (Saving: 00:00.05)

Fra:100 Mem:14.54M (Peak 54.73M) | Time:00:00.00 | Mem:0.00M, Peak:0.00M | Scene, ViewLayer | Synchronizing object | ClothKey
Fra:100 Mem:14.55M (Peak 54.73M) | Time:00:00.00 | Mem:0.00M, Peak:0.00M | Scene, ViewLayer | Synchronizing object | ClothRim
Fra:100 Mem:14.55M (Peak 54.73M) | Time:00:00.00 | Mem:0.00M, Peak:0.00M | Scene, ViewLayer | Synchronizing object | Rod
Fra:100 Mem:14.55M (Peak 54.73M) | Time:00:00.00 | Mem:0.00M, Peak:0.00M | Scene, ViewLayer | Synchronizing object | Sheet
Fra:100 Mem:14.61M (Peak 54.73M) | Time:00:00.00 | Mem:0.00M, Peak:0.00M | Scene, ViewLayer | Synchronizing object | FacesLabel
Fra:100 Mem:14.63M (Peak 54.73M) | Time:00:00.00 | Mem:0.00M, Peak:0.00M | Scene, ViewLayer | Synchronizing object | GlassSphere
Fra:100 Mem:15.12M (Peak 54.73M) | Time:00:00.00 | Mem:0.00M, Peak:0.00M | Scene, ViewLayer | Initializing
Fra:100 Mem:12.22M (Peak 54.73M) | Time:00:00.00 | Mem:0.00M, Peak:0.00M | Scene, ViewLayer | Waiting for render to start
Fra:100 Mem:12.22M (Peak 54.73M) | Time:00:00.00 | Mem:0.00M, Peak:0.00M | Scene, ViewLayer | Updating Scene
Fra:100 Mem:12.22M (Peak 54.73M) | Time:00:00.00 | Mem:0.00M, Peak:0.00M | Scene, ViewLayer | Updating Shaders
Fra:100 Mem:12.22M (Peak 54.73M) | Time:00:00.00 | Mem:0.00M, Peak:0.00M | Scene, ViewLayer | Loading render kernels (may take a few minutes the first time)
Fra:100 Mem:12.31M (Peak 54.73M) | Time:00:00.00 | Mem:0.00M, Peak:0.00M | Scene, ViewLayer | Updating Procedurals
Fra:100 Mem:12.31M (Peak 54.73M) | Time:00:00.00 | Mem:0.00M, Peak:0.00M | Scene, ViewLayer | Updating Background
Fra:100 Mem:12.31M (Peak 54.73M) | Time:00:00.00 | Mem:0.00M, Peak:0.00M | Scene, ViewLayer | Updating Camera
Fra:100 Mem:12.31M (Peak 54.73M) | Time:00:00.00 | Mem:0.00M, Peak:0.00M | Scene, ViewLayer | Updating Meshes Flags
Fra:100 Mem:12.31M (Peak 54.73M) | Time:00:00.00 | Mem:0.00M, Peak:0.00M | Scene, ViewLayer | Updating Objects
Fra:100 Mem:12.31M (Peak 54.73M) | Time:00:00.00 | Mem:0.00M, Peak:0.00M | Scene, ViewLayer | Updating Objects | Copying Transformations to device
Fra:100 Mem:12.31M (Peak 54.73M) | Time:00:00.00 | Mem:0.01M, Peak:0.01M | Scene, ViewLayer | Updating Particle Systems
Fra:100 Mem:12.31M (Peak 54.73M) | Time:00:00.00 | Mem:0.01M, Peak:0.01M | Scene, ViewLayer | Updating Particle Systems | Copying Particles to device
Fra:100 Mem:12.31M (Peak 54.73M) | Time:00:00.00 | Mem:0.01M, Peak:0.01M | Scene, ViewLayer | Updating Meshes
Fra:100 Mem:12.31M (Peak 54.73M) | Time:00:00.00 | Mem:0.01M, Peak:0.01M | Scene, ViewLayer | Updating Objects | Applying Static Transformations
Fra:100 Mem:12.31M (Peak 54.73M) | Time:00:00.00 | Mem:0.01M, Peak:0.01M | Scene, ViewLayer | Updating Mesh | Computing attributes
Fra:100 Mem:12.37M (Peak 54.73M) | Time:00:00.00 | Mem:0.01M, Peak:0.01M | Scene, ViewLayer | Updating Mesh | Copying Attributes to device
Fra:100 Mem:12.37M (Peak 54.73M) | Time:00:00.00 | Mem:0.06M, Peak:0.06M | Scene, ViewLayer | Updating Scene BVH | Building
Fra:100 Mem:12.37M (Peak 54.73M) | Time:00:00.00 | Mem:0.06M, Peak:0.06M | Scene, ViewLayer | Updating Scene BVH | Building BVH
Fra:100 Mem:12.37M (Peak 54.73M) | Time:00:00.00 | Mem:0.27M, Peak:0.27M | Scene, ViewLayer | Updating Scene BVH | Building BVH 0%
Fra:100 Mem:12.37M (Peak 54.73M) | Time:00:00.00 | Mem:0.50M, Peak:0.71M | Scene, ViewLayer | Updating Scene BVH | Copying BVH to device
Fra:100 Mem:12.37M (Peak 54.73M) | Time:00:00.00 | Mem:0.50M, Peak:0.71M | Scene, ViewLayer | Updating Mesh | Computing normals
Fra:100 Mem:12.59M (Peak 54.73M) | Time:00:00.00 | Mem:0.50M, Peak:0.71M | Scene, ViewLayer | Updating Mesh | Copying Mesh to device
Fra:100 Mem:12.59M (Peak 54.73M) | Time:00:00.00 | Mem:0.72M, Peak:0.72M | Scene, ViewLayer | Updating Objects Flags
Fra:100 Mem:12.59M (Peak 54.73M) | Time:00:00.00 | Mem:0.72M, Peak:0.72M | Scene, ViewLayer | Updating Primitive Offsets
Fra:100 Mem:12.59M (Peak 54.73M) | Time:00:00.00 | Mem:0.72M, Peak:0.72M | Scene, ViewLayer | Updating Images
Fra:100 Mem:12.59M (Peak 54.73M) | Time:00:00.00 | Mem:0.72M, Peak:0.72M | Scene, ViewLayer | Updating Camera Volume
Fra:100 Mem:12.59M (Peak 54.73M) | Time:00:00.00 | Mem:0.72M, Peak:0.72M | Scene, ViewLayer | Updating Lookup Tables
Fra:100 Mem:12.59M (Peak 54.73M) | Time:00:00.00 | Mem:0.80M, Peak:0.80M | Scene, ViewLayer | Updating Lights
Fra:100 Mem:12.59M (Peak 54.73M) | Time:00:00.00 | Mem:0.80M, Peak:0.80M | Scene, ViewLayer | Updating Lights | Computing tree
Fra:100 Mem:13.16M (Peak 54.73M) | Time:00:00.02 | Mem:1.37M, Peak:1.37M | Scene, ViewLayer | Updating Integrator
Fra:100 Mem:13.16M (Peak 54.73M) | Time:00:00.02 | Mem:1.37M, Peak:1.37M | Scene, ViewLayer | Updating Film
Fra:100 Mem:13.16M (Peak 54.73M) | Time:00:00.02 | Mem:1.29M, Peak:1.37M | Scene, ViewLayer | Updating Lookup Tables
Fra:100 Mem:13.16M (Peak 54.73M) | Time:00:00.02 | Mem:1.37M, Peak:1.37M | Scene, ViewLayer | Updating Baking
Fra:100 Mem:13.16M (Peak 54.73M) | Time:00:00.02 | Mem:1.37M, Peak:1.37M | Scene, ViewLayer | Updating Device | Writing constant memory
Fra:100 Mem:13.16M (Peak 54.73M) | Time:00:00.02 | Mem:1.37M, Peak:1.37M | Scene, ViewLayer | Sample 0/32
Fra:100 Mem:31.00M (Peak 54.73M) | Time:00:00.52 | Remaining:00:15.42 | Mem:19.17M, Peak:19.17M | Scene, ViewLayer | Sample 1/32
Fra:100 Mem:38.91M (Peak 54.73M) | Time:00:16.06 | Mem:19.17M, Peak:19.17M | Scene, ViewLayer | Sample 32/32
Fra:100 Mem:38.91M (Peak 54.73M) | Time:00:16.06 | Mem:19.17M, Peak:19.17M | Scene, ViewLayer | Finished
Saved: '/home/runner/work/chaosim/chaosim/outputs/renders/paper_to_cloth_frames/frame_0100.png'
Time: 00:16.11 (Saving: 00:00.05)

Fra:101 Mem:14.55M (Peak 54.73M) | Time:00:00.00 | Mem:0.00M, Peak:0.00M | Scene, ViewLayer | Synchronizing object | ClothKey
Fra:101 Mem:14.55M (Peak 54.73M) | Time:00:00.00 | Mem:0.00M, Peak:0.00M | Scene, ViewLayer | Synchronizing object | ClothRim
Fra:101 Mem:14.55M (Peak 54.73M) | Time:00:00.00 | Mem:0.00M, Peak:0.00M | Scene, ViewLayer | Synchronizing object | FacesLabel
Fra:101 Mem:14.55M (Peak 54.73M) | Time:00:00.00 | Mem:0.00M, Peak:0.00M | Scene, ViewLayer | Synchronizing object | Sheet
Fra:101 Mem:14.60M (Peak 54.73M) | Time:00:00.00 | Mem:0.00M, Peak:0.00M | Scene, ViewLayer | Synchronizing object | GlassSphere
Fra:101 Mem:15.12M (Peak 54.73M) | Time:00:00.00 | Mem:0.00M, Peak:0.00M | Scene, ViewLayer | Initializing
Fra:101 Mem:12.22M (Peak 54.73M) | Time:00:00.00 | Mem:0.00M, Peak:0.00M | Scene, ViewLayer | Waiting for render to start
Fra:101 Mem:12.22M (Peak 54.73M) | Time:00:00.00 | Mem:0.00M, Peak:0.00M | Scene, ViewLayer | Updating Scene
Fra:101 Mem:12.22M (Peak 54.73M) | Time:00:00.00 | Mem:0.00M, Peak:0.00M | Scene, ViewLayer | Updating Shaders
Fra:101 Mem:12.22M (Peak 54.73M) | Time:00:00.00 | Mem:0.00M, Peak:0.00M | Scene, ViewLayer | Loading render kernels (may take a few minutes the first time)
Fra:101 Mem:12.31M (Peak 54.73M) | Time:00:00.00 | Mem:0.00M, Peak:0.00M | Scene, ViewLayer | Updating Procedurals
Fra:101 Mem:12.31M (Peak 54.73M) | Time:00:00.00 | Mem:0.00M, Peak:0.00M | Scene, ViewLayer | Updating Background
Fra:101 Mem:12.31M (Peak 54.73M) | Time:00:00.00 | Mem:0.00M, Peak:0.00M | Scene, ViewLayer | Updating Camera
Fra:101 Mem:12.31M (Peak 54.73M) | Time:00:00.00 | Mem:0.00M, Peak:0.00M | Scene, ViewLayer | Updating Meshes Flags
Fra:101 Mem:12.31M (Peak 54.73M) | Time:00:00.00 | Mem:0.00M, Peak:0.00M | Scene, ViewLayer | Updating Objects
Fra:101 Mem:12.31M (Peak 54.73M) | Time:00:00.00 | Mem:0.00M, Peak:0.00M | Scene, ViewLayer | Updating Objects | Copying Transformations to device
Fra:101 Mem:12.31M (Peak 54.73M) | Time:00:00.00 | Mem:0.01M, Peak:0.01M | Scene, ViewLayer | Updating Particle Systems
Fra:101 Mem:12.31M (Peak 54.73M) | Time:00:00.00 | Mem:0.01M, Peak:0.01M | Scene, ViewLayer | Updating Particle Systems | Copying Particles to device
Fra:101 Mem:12.31M (Peak 54.73M) | Time:00:00.00 | Mem:0.01M, Peak:0.01M | Scene, ViewLayer | Updating Meshes
Fra:101 Mem:12.31M (Peak 54.73M) | Time:00:00.00 | Mem:0.01M, Peak:0.01M | Scene, ViewLayer | Updating Objects | Applying Static Transformations
Fra:101 Mem:12.31M (Peak 54.73M) | Time:00:00.00 | Mem:0.01M, Peak:0.01M | Scene, ViewLayer | Updating Mesh | Computing attributes
Fra:101 Mem:12.37M (Peak 54.73M) | Time:00:00.00 | Mem:0.01M, Peak:0.01M | Scene, ViewLayer | Updating Mesh | Copying Attributes to device
Fra:101 Mem:12.37M (Peak 54.73M) | Time:00:00.00 | Mem:0.06M, Peak:0.06M | Scene, ViewLayer | Updating Scene BVH | Building
Fra:101 Mem:12.37M (Peak 54.73M) | Time:00:00.00 | Mem:0.06M, Peak:0.06M | Scene, ViewLayer | Updating Scene BVH | Building BVH
Fra:101 Mem:12.37M (Peak 54.73M) | Time:00:00.00 | Mem:0.27M, Peak:0.27M | Scene, ViewLayer | Updating Scene BVH | Building BVH 0%
Fra:101 Mem:12.37M (Peak 54.73M) | Time:00:00.00 | Mem:0.50M, Peak:0.71M | Scene, ViewLayer | Updating Scene BVH | Copying BVH to device
Fra:101 Mem:12.37M (Peak 54.73M) | Time:00:00.00 | Mem:0.50M, Peak:0.71M | Scene, ViewLayer | Updating Mesh | Computing normals
Fra:101 Mem:12.59M (Peak 54.73M) | Time:00:00.00 | Mem:0.50M, Peak:0.71M | Scene, ViewLayer | Updating Mesh | Copying Mesh to device
Fra:101 Mem:12.59M (Peak 54.73M) | Time:00:00.00 | Mem:0.72M, Peak:0.72M | Scene, ViewLayer | Updating Objects Flags
Fra:101 Mem:12.59M (Peak 54.73M) | Time:00:00.00 | Mem:0.72M, Peak:0.72M | Scene, ViewLayer | Updating Primitive Offsets
Fra:101 Mem:12.59M (Peak 54.73M) | Time:00:00.00 | Mem:0.72M, Peak:0.72M | Scene, ViewLayer | Updating Images
Fra:101 Mem:12.59M (Peak 54.73M) | Time:00:00.00 | Mem:0.72M, Peak:0.72M | Scene, ViewLayer | Updating Camera Volume
Fra:101 Mem:12.59M (Peak 54.73M) | Time:00:00.00 | Mem:0.72M, Peak:0.72M | Scene, ViewLayer | Updating Lookup Tables
Fra:101 Mem:12.59M (Peak 54.73M) | Time:00:00.00 | Mem:0.80M, Peak:0.80M | Scene, ViewLayer | Updating Lights
Fra:101 Mem:12.59M (Peak 54.73M) | Time:00:00.00 | Mem:0.80M, Peak:0.80M | Scene, ViewLayer | Updating Lights | Computing tree
Fra:101 Mem:13.16M (Peak 54.73M) | Time:00:00.02 | Mem:1.37M, Peak:1.37M | Scene, ViewLayer | Updating Integrator
Fra:101 Mem:13.16M (Peak 54.73M) | Time:00:00.02 | Mem:1.37M, Peak:1.37M | Scene, ViewLayer | Updating Film
Fra:101 Mem:13.16M (Peak 54.73M) | Time:00:00.02 | Mem:1.29M, Peak:1.37M | Scene, ViewLayer | Updating Lookup Tables
Fra:101 Mem:13.16M (Peak 54.73M) | Time:00:00.02 | Mem:1.37M, Peak:1.37M | Scene, ViewLayer | Updating Baking
Fra:101 Mem:13.16M (Peak 54.73M) | Time:00:00.02 | Mem:1.37M, Peak:1.37M | Scene, ViewLayer | Updating Device | Writing constant memory
Fra:101 Mem:13.16M (Peak 54.73M) | Time:00:00.02 | Mem:1.37M, Peak:1.37M | Scene, ViewLayer | Sample 0/32
Fra:101 Mem:31.00M (Peak 54.73M) | Time:00:00.52 | Remaining:00:15.37 | Mem:19.17M, Peak:19.17M | Scene, ViewLayer | Sample 1/32
Fra:101 Mem:38.91M (Peak 54.73M) | Time:00:15.99 | Mem:19.17M, Peak:19.17M | Scene, ViewLayer | Sample 32/32
Fra:101 Mem:38.91M (Peak 54.73M) | Time:00:15.99 | Mem:19.17M, Peak:19.17M | Scene, ViewLayer | Finished
Saved: '/home/runner/work/chaosim/chaosim/outputs/renders/paper_to_cloth_frames/frame_0101.png'
Time: 00:16.04 (Saving: 00:00.05)

Fra:102 Mem:14.55M (Peak 54.73M) | Time:00:00.00 | Mem:0.00M, Peak:0.00M | Scene, ViewLayer | Synchronizing object | ClothKey
Fra:102 Mem:14.55M (Peak 54.73M) | Time:00:00.00 | Mem:0.00M, Peak:0.00M | Scene, ViewLayer | Synchronizing object | ClothRim
Fra:102 Mem:14.55M (Peak 54.73M) | Time:00:00.00 | Mem:0.00M, Peak:0.00M | Scene, ViewLayer | Synchronizing object | FacesLabel
Fra:102 Mem:14.55M (Peak 54.73M) | Time:00:00.00 | Mem:0.00M, Peak:0.00M | Scene, ViewLayer | Synchronizing object | Sheet
Fra:102 Mem:14.55M (Peak 54.73M) | Time:00:00.00 | Mem:0.00M, Peak:0.00M | Scene, ViewLayer | Synchronizing object | GlassSphere
Fra:102 Mem:15.12M (Peak 54.73M) | Time:00:00.00 | Mem:0.00M, Peak:0.00M | Scene, ViewLayer | Initializing
Fra:102 Mem:12.22M (Peak 54.73M) | Time:00:00.00 | Mem:0.00M, Peak:0.00M | Scene, ViewLayer | Waiting for render to start
Fra:102 Mem:12.22M (Peak 54.73M) | Time:00:00.00 | Mem:0.00M, Peak:0.00M | Scene, ViewLayer | Updating Scene
Fra:102 Mem:12.22M (Peak 54.73M) | Time:00:00.00 | Mem:0.00M, Peak:0.00M | Scene, ViewLayer | Updating Shaders
Fra:102 Mem:12.22M (Peak 54.73M) | Time:00:00.00 | Mem:0.00M, Peak:0.00M | Scene, ViewLayer | Loading render kernels (may take a few minutes the first time)
Fra:102 Mem:12.31M (Peak 54.73M) | Time:00:00.00 | Mem:0.00M, Peak:0.00M | Scene, ViewLayer | Updating Procedurals
Fra:102 Mem:12.31M (Peak 54.73M) | Time:00:00.00 | Mem:0.00M, Peak:0.00M | Scene, ViewLayer | Updating Background
Fra:102 Mem:12.31M (Peak 54.73M) | Time:00:00.00 | Mem:0.00M, Peak:0.00M | Scene, ViewLayer | Updating Camera
Fra:102 Mem:12.31M (Peak 54.73M) | Time:00:00.00 | Mem:0.00M, Peak:0.00M | Scene, ViewLayer | Updating Meshes Flags
Fra:102 Mem:12.31M (Peak 54.73M) | Time:00:00.00 | Mem:0.00M, Peak:0.00M | Scene, ViewLayer | Updating Objects
Fra:102 Mem:12.31M (Peak 54.73M) | Time:00:00.00 | Mem:0.00M, Peak:0.00M | Scene, ViewLayer | Updating Objects | Copying Transformations to device
Fra:102 Mem:12.31M (Peak 54.73M) | Time:00:00.00 | Mem:0.01M, Peak:0.01M | Scene, ViewLayer | Updating Particle Systems
Fra:102 Mem:12.31M (Peak 54.73M) | Time:00:00.00 | Mem:0.01M, Peak:0.01M | Scene, ViewLayer | Updating Particle Systems | Copying Particles to device
Fra:102 Mem:12.31M (Peak 54.73M) | Time:00:00.00 | Mem:0.01M, Peak:0.01M | Scene, ViewLayer | Updating Meshes
Fra:102 Mem:12.31M (Peak 54.73M) | Time:00:00.00 | Mem:0.01M, Peak:0.01M | Scene, ViewLayer | Updating Objects | Applying Static Transformations
Fra:102 Mem:12.31M (Peak 54.73M) | Time:00:00.00 | Mem:0.01M, Peak:0.01M | Scene, ViewLayer | Updating Mesh | Computing attributes
Fra:102 Mem:12.37M (Peak 54.73M) | Time:00:00.00 | Mem:0.01M, Peak:0.01M | Scene, ViewLayer | Updating Mesh | Copying Attributes to device
Fra:102 Mem:12.37M (Peak 54.73M) | Time:00:00.00 | Mem:0.06M, Peak:0.06M | Scene, ViewLayer | Updating Scene BVH | Building
Fra:102 Mem:12.37M (Peak 54.73M) | Time:00:00.00 | Mem:0.06M, Peak:0.06M | Scene, ViewLayer | Updating Scene BVH | Building BVH
Fra:102 Mem:12.37M (Peak 54.73M) | Time:00:00.00 | Mem:0.27M, Peak:0.27M | Scene, ViewLayer | Updating Scene BVH | Building BVH 0%
Fra:102 Mem:12.37M (Peak 54.73M) | Time:00:00.00 | Mem:0.50M, Peak:0.71M | Scene, ViewLayer | Updating Scene BVH | Copying BVH to device
Fra:102 Mem:12.37M (Peak 54.73M) | Time:00:00.00 | Mem:0.50M, Peak:0.71M | Scene, ViewLayer | Updating Mesh | Computing normals
Fra:102 Mem:12.59M (Peak 54.73M) | Time:00:00.00 | Mem:0.50M, Peak:0.71M | Scene, ViewLayer | Updating Mesh | Copying Mesh to device
Fra:102 Mem:12.59M (Peak 54.73M) | Time:00:00.00 | Mem:0.72M, Peak:0.72M | Scene, ViewLayer | Updating Objects Flags
Fra:102 Mem:12.59M (Peak 54.73M) | Time:00:00.00 | Mem:0.72M, Peak:0.72M | Scene, ViewLayer | Updating Primitive Offsets
Fra:102 Mem:12.59M (Peak 54.73M) | Time:00:00.00 | Mem:0.72M, Peak:0.72M | Scene, ViewLayer | Updating Images
Fra:102 Mem:12.59M (Peak 54.73M) | Time:00:00.00 | Mem:0.72M, Peak:0.72M | Scene, ViewLayer | Updating Camera Volume
Fra:102 Mem:12.59M (Peak 54.73M) | Time:00:00.00 | Mem:0.72M, Peak:0.72M | Scene, ViewLayer | Updating Lookup Tables
Fra:102 Mem:12.59M (Peak 54.73M) | Time:00:00.00 | Mem:0.80M, Peak:0.80M | Scene, ViewLayer | Updating Lights
Fra:102 Mem:12.59M (Peak 54.73M) | Time:00:00.00 | Mem:0.80M, Peak:0.80M | Scene, ViewLayer | Updating Lights | Computing tree
Fra:102 Mem:13.16M (Peak 54.73M) | Time:00:00.02 | Mem:1.37M, Peak:1.37M | Scene, ViewLayer | Updating Integrator
Fra:102 Mem:13.16M (Peak 54.73M) | Time:00:00.02 | Mem:1.37M, Peak:1.37M | Scene, ViewLayer | Updating Film
Fra:102 Mem:13.16M (Peak 54.73M) | Time:00:00.02 | Mem:1.29M, Peak:1.37M | Scene, ViewLayer | Updating Lookup Tables
Fra:102 Mem:13.16M (Peak 54.73M) | Time:00:00.02 | Mem:1.37M, Peak:1.37M | Scene, ViewLayer | Updating Baking
Fra:102 Mem:13.16M (Peak 54.73M) | Time:00:00.02 | Mem:1.37M, Peak:1.37M | Scene, ViewLayer | Updating Device | Writing constant memory
Fra:102 Mem:13.16M (Peak 54.73M) | Time:00:00.02 | Mem:1.37M, Peak:1.37M | Scene, ViewLayer | Sample 0/32
Fra:102 Mem:31.00M (Peak 54.73M) | Time:00:00.52 | Remaining:00:15.46 | Mem:19.17M, Peak:19.17M | Scene, ViewLayer | Sample 1/32
Fra:102 Mem:38.91M (Peak 54.73M) | Time:00:15.96 | Mem:19.17M, Peak:19.17M | Scene, ViewLayer | Sample 32/32
Fra:102 Mem:38.91M (Peak 54.73M) | Time:00:15.96 | Mem:19.17M, Peak:19.17M | Scene, ViewLayer | Finished
Saved: '/home/runner/work/chaosim/chaosim/outputs/renders/paper_to_cloth_frames/frame_0102.png'
Time: 00:16.01 (Saving: 00:00.05)

Fra:103 Mem:14.55M (Peak 54.73M) | Time:00:00.00 | Mem:0.00M, Peak:0.00M | Scene, ViewLayer | Synchronizing object | ClothKey
Fra:103 Mem:14.55M (Peak 54.73M) | Time:00:00.00 | Mem:0.00M, Peak:0.00M | Scene, ViewLayer | Synchronizing object | ClothRim
Fra:103 Mem:14.55M (Peak 54.73M) | Time:00:00.00 | Mem:0.00M, Peak:0.00M | Scene, ViewLayer | Synchronizing object | Rod
Fra:103 Mem:14.55M (Peak 54.73M) | Time:00:00.00 | Mem:0.00M, Peak:0.00M | Scene, ViewLayer | Synchronizing object | Sheet
Fra:103 Mem:14.57M (Peak 54.73M) | Time:00:00.00 | Mem:0.00M, Peak:0.00M | Scene, ViewLayer | Synchronizing object | FacesLabel
Fra:103 Mem:14.61M (Peak 54.73M) | Time:00:00.00 | Mem:0.00M, Peak:0.00M | Scene, ViewLayer | Synchronizing object | GlassSphere
Fra:103 Mem:15.12M (Peak 54.73M) | Time:00:00.00 | Mem:0.00M, Peak:0.00M | Scene, ViewLayer | Initializing
Fra:103 Mem:12.22M (Peak 54.73M) | Time:00:00.00 | Mem:0.00M, Peak:0.00M | Scene, ViewLayer | Waiting for render to start
Fra:103 Mem:12.22M (Peak 54.73M) | Time:00:00.00 | Mem:0.00M, Peak:0.00M | Scene, ViewLayer | Updating Scene
Fra:103 Mem:12.22M (Peak 54.73M) | Time:00:00.00 | Mem:0.00M, Peak:0.00M | Scene, ViewLayer | Updating Shaders
Fra:103 Mem:12.22M (Peak 54.73M) | Time:00:00.00 | Mem:0.00M, Peak:0.00M | Scene, ViewLayer | Loading render kernels (may take a few minutes the first time)
Fra:103 Mem:12.31M (Peak 54.73M) | Time:00:00.00 | Mem:0.00M, Peak:0.00M | Scene, ViewLayer | Updating Procedurals
Fra:103 Mem:12.31M (Peak 54.73M) | Time:00:00.00 | Mem:0.00M, Peak:0.00M | Scene, ViewLayer | Updating Background
Fra:103 Mem:12.31M (Peak 54.73M) | Time:00:00.00 | Mem:0.00M, Peak:0.00M | Scene, ViewLayer | Updating Camera
Fra:103 Mem:12.31M (Peak 54.73M) | Time:00:00.00 | Mem:0.00M, Peak:0.00M | Scene, ViewLayer | Updating Meshes Flags
Fra:103 Mem:12.31M (Peak 54.73M) | Time:00:00.00 | Mem:0.00M, Peak:0.00M | Scene, ViewLayer | Updating Objects
Fra:103 Mem:12.31M (Peak 54.73M) | Time:00:00.00 | Mem:0.00M, Peak:0.00M | Scene, ViewLayer | Updating Objects | Copying Transformations to device
Fra:103 Mem:12.31M (Peak 54.73M) | Time:00:00.00 | Mem:0.01M, Peak:0.01M | Scene, ViewLayer | Updating Particle Systems
Fra:103 Mem:12.31M (Peak 54.73M) | Time:00:00.00 | Mem:0.01M, Peak:0.01M | Scene, ViewLayer | Updating Particle Systems | Copying Particles to device
Fra:103 Mem:12.31M (Peak 54.73M) | Time:00:00.00 | Mem:0.01M, Peak:0.01M | Scene, ViewLayer | Updating Meshes
Fra:103 Mem:12.31M (Peak 54.73M) | Time:00:00.00 | Mem:0.01M, Peak:0.01M | Scene, ViewLayer | Updating Objects | Applying Static Transformations
Fra:103 Mem:12.31M (Peak 54.73M) | Time:00:00.00 | Mem:0.01M, Peak:0.01M | Scene, ViewLayer | Updating Mesh | Computing attributes
Fra:103 Mem:12.37M (Peak 54.73M) | Time:00:00.00 | Mem:0.01M, Peak:0.01M | Scene, ViewLayer | Updating Mesh | Copying Attributes to device
Fra:103 Mem:12.37M (Peak 54.73M) | Time:00:00.00 | Mem:0.06M, Peak:0.06M | Scene, ViewLayer | Updating Scene BVH | Building
Fra:103 Mem:12.37M (Peak 54.73M) | Time:00:00.00 | Mem:0.06M, Peak:0.06M | Scene, ViewLayer | Updating Scene BVH | Building BVH
Fra:103 Mem:12.37M (Peak 54.73M) | Time:00:00.00 | Mem:0.27M, Peak:0.27M | Scene, ViewLayer | Updating Scene BVH | Building BVH 0%
Fra:103 Mem:12.37M (Peak 54.73M) | Time:00:00.00 | Mem:0.50M, Peak:0.71M | Scene, ViewLayer | Updating Scene BVH | Copying BVH to device
Fra:103 Mem:12.37M (Peak 54.73M) | Time:00:00.00 | Mem:0.50M, Peak:0.71M | Scene, ViewLayer | Updating Mesh | Computing normals
Fra:103 Mem:12.59M (Peak 54.73M) | Time:00:00.00 | Mem:0.50M, Peak:0.71M | Scene, ViewLayer | Updating Mesh | Copying Mesh to device
Fra:103 Mem:12.59M (Peak 54.73M) | Time:00:00.00 | Mem:0.72M, Peak:0.72M | Scene, ViewLayer | Updating Objects Flags
Fra:103 Mem:12.59M (Peak 54.73M) | Time:00:00.00 | Mem:0.72M, Peak:0.72M | Scene, ViewLayer | Updating Primitive Offsets
Fra:103 Mem:12.59M (Peak 54.73M) | Time:00:00.00 | Mem:0.72M, Peak:0.72M | Scene, ViewLayer | Updating Images
Fra:103 Mem:12.59M (Peak 54.73M) | Time:00:00.00 | Mem:0.72M, Peak:0.72M | Scene, ViewLayer | Updating Camera Volume
Fra:103 Mem:12.59M (Peak 54.73M) | Time:00:00.00 | Mem:0.72M, Peak:0.72M | Scene, ViewLayer | Updating Lookup Tables
Fra:103 Mem:12.59M (Peak 54.73M) | Time:00:00.00 | Mem:0.80M, Peak:0.80M | Scene, ViewLayer | Updating Lights
Fra:103 Mem:12.59M (Peak 54.73M) | Time:00:00.00 | Mem:0.80M, Peak:0.80M | Scene, ViewLayer | Updating Lights | Computing tree
Fra:103 Mem:13.16M (Peak 54.73M) | Time:00:00.02 | Mem:1.37M, Peak:1.37M | Scene, ViewLayer | Updating Integrator
Fra:103 Mem:13.16M (Peak 54.73M) | Time:00:00.02 | Mem:1.37M, Peak:1.37M | Scene, ViewLayer | Updating Film
Fra:103 Mem:13.16M (Peak 54.73M) | Time:00:00.02 | Mem:1.29M, Peak:1.37M | Scene, ViewLayer | Updating Lookup Tables
Fra:103 Mem:13.16M (Peak 54.73M) | Time:00:00.02 | Mem:1.37M, Peak:1.37M | Scene, ViewLayer | Updating Baking
Fra:103 Mem:13.16M (Peak 54.73M) | Time:00:00.02 | Mem:1.37M, Peak:1.37M | Scene, ViewLayer | Updating Device | Writing constant memory
Fra:103 Mem:13.16M (Peak 54.73M) | Time:00:00.02 | Mem:1.37M, Peak:1.37M | Scene, ViewLayer | Sample 0/32
Fra:103 Mem:31.00M (Peak 54.73M) | Time:00:00.52 | Remaining:00:15.52 | Mem:19.17M, Peak:19.17M | Scene, ViewLayer | Sample 1/32
Fra:103 Mem:38.91M (Peak 54.73M) | Time:00:16.09 | Mem:19.17M, Peak:19.17M | Scene, ViewLayer | Sample 32/32
Fra:103 Mem:38.91M (Peak 54.73M) | Time:00:16.09 | Mem:19.17M, Peak:19.17M | Scene, ViewLayer | Finished
Saved: '/home/runner/work/chaosim/chaosim/outputs/renders/paper_to_cloth_frames/frame_0103.png'
Time: 00:16.15 (Saving: 00:00.05)

Fra:104 Mem:14.55M (Peak 54.73M) | Time:00:00.00 | Mem:0.00M, Peak:0.00M | Scene, ViewLayer | Synchronizing object | ClothKey
Fra:104 Mem:14.55M (Peak 54.73M) | Time:00:00.00 | Mem:0.00M, Peak:0.00M | Scene, ViewLayer | Synchronizing object | ClothRim
Fra:104 Mem:14.55M (Peak 54.73M) | Time:00:00.00 | Mem:0.00M, Peak:0.00M | Scene, ViewLayer | Synchronizing object | FacesLabel
Fra:104 Mem:14.58M (Peak 54.73M) | Time:00:00.00 | Mem:0.00M, Peak:0.00M | Scene, ViewLayer | Synchronizing object | Sheet
Fra:104 Mem:14.74M (Peak 54.73M) | Time:00:00.00 | Mem:0.00M, Peak:0.00M | Scene, ViewLayer | Synchronizing object | GlassSphere
Fra:104 Mem:15.12M (Peak 54.73M) | Time:00:00.00 | Mem:0.00M, Peak:0.00M | Scene, ViewLayer | Initializing
Fra:104 Mem:12.22M (Peak 54.73M) | Time:00:00.00 | Mem:0.00M, Peak:0.00M | Scene, ViewLayer | Waiting for render to start
Fra:104 Mem:12.22M (Peak 54.73M) | Time:00:00.00 | Mem:0.00M, Peak:0.00M | Scene, ViewLayer | Updating Scene
Fra:104 Mem:12.22M (Peak 54.73M) | Time:00:00.00 | Mem:0.00M, Peak:0.00M | Scene, ViewLayer | Updating Shaders
Fra:104 Mem:12.22M (Peak 54.73M) | Time:00:00.00 | Mem:0.00M, Peak:0.00M | Scene, ViewLayer | Loading render kernels (may take a few minutes the first time)
Fra:104 Mem:12.31M (Peak 54.73M) | Time:00:00.00 | Mem:0.00M, Peak:0.00M | Scene, ViewLayer | Updating Procedurals
Fra:104 Mem:12.31M (Peak 54.73M) | Time:00:00.00 | Mem:0.00M, Peak:0.00M | Scene, ViewLayer | Updating Background
Fra:104 Mem:12.31M (Peak 54.73M) | Time:00:00.00 | Mem:0.00M, Peak:0.00M | Scene, ViewLayer | Updating Camera
Fra:104 Mem:12.31M (Peak 54.73M) | Time:00:00.00 | Mem:0.00M, Peak:0.00M | Scene, ViewLayer | Updating Meshes Flags
Fra:104 Mem:12.31M (Peak 54.73M) | Time:00:00.00 | Mem:0.00M, Peak:0.00M | Scene, ViewLayer | Updating Objects
Fra:104 Mem:12.31M (Peak 54.73M) | Time:00:00.00 | Mem:0.00M, Peak:0.00M | Scene, ViewLayer | Updating Objects | Copying Transformations to device
Fra:104 Mem:12.31M (Peak 54.73M) | Time:00:00.00 | Mem:0.01M, Peak:0.01M | Scene, ViewLayer | Updating Particle Systems
Fra:104 Mem:12.31M (Peak 54.73M) | Time:00:00.00 | Mem:0.01M, Peak:0.01M | Scene, ViewLayer | Updating Particle Systems | Copying Particles to device
Fra:104 Mem:12.31M (Peak 54.73M) | Time:00:00.00 | Mem:0.01M, Peak:0.01M | Scene, ViewLayer | Updating Meshes
Fra:104 Mem:12.31M (Peak 54.73M) | Time:00:00.00 | Mem:0.01M, Peak:0.01M | Scene, ViewLayer | Updating Objects | Applying Static Transformations
Fra:104 Mem:12.31M (Peak 54.73M) | Time:00:00.00 | Mem:0.01M, Peak:0.01M | Scene, ViewLayer | Updating Mesh | Computing attributes
Fra:104 Mem:12.37M (Peak 54.73M) | Time:00:00.00 | Mem:0.01M, Peak:0.01M | Scene, ViewLayer | Updating Mesh | Copying Attributes to device
Fra:104 Mem:12.37M (Peak 54.73M) | Time:00:00.00 | Mem:0.06M, Peak:0.06M | Scene, ViewLayer | Updating Scene BVH | Building
Fra:104 Mem:12.37M (Peak 54.73M) | Time:00:00.00 | Mem:0.06M, Peak:0.06M | Scene, ViewLayer | Updating Scene BVH | Building BVH
Fra:104 Mem:12.37M (Peak 54.73M) | Time:00:00.00 | Mem:0.27M, Peak:0.27M | Scene, ViewLayer | Updating Scene BVH | Building BVH 0%
Fra:104 Mem:12.37M (Peak 54.73M) | Time:00:00.00 | Mem:0.50M, Peak:0.71M | Scene, ViewLayer | Updating Scene BVH | Copying BVH to device
Fra:104 Mem:12.37M (Peak 54.73M) | Time:00:00.00 | Mem:0.50M, Peak:0.71M | Scene, ViewLayer | Updating Mesh | Computing normals
Fra:104 Mem:12.59M (Peak 54.73M) | Time:00:00.00 | Mem:0.50M, Peak:0.71M | Scene, ViewLayer | Updating Mesh | Copying Mesh to device
Fra:104 Mem:12.59M (Peak 54.73M) | Time:00:00.00 | Mem:0.72M, Peak:0.72M | Scene, ViewLayer | Updating Objects Flags
Fra:104 Mem:12.59M (Peak 54.73M) | Time:00:00.00 | Mem:0.72M, Peak:0.72M | Scene, ViewLayer | Updating Primitive Offsets
Fra:104 Mem:12.59M (Peak 54.73M) | Time:00:00.00 | Mem:0.72M, Peak:0.72M | Scene, ViewLayer | Updating Images
Fra:104 Mem:12.59M (Peak 54.73M) | Time:00:00.00 | Mem:0.72M, Peak:0.72M | Scene, ViewLayer | Updating Camera Volume
Fra:104 Mem:12.59M (Peak 54.73M) | Time:00:00.00 | Mem:0.72M, Peak:0.72M | Scene, ViewLayer | Updating Lookup Tables
Fra:104 Mem:12.59M (Peak 54.73M) | Time:00:00.00 | Mem:0.80M, Peak:0.80M | Scene, ViewLayer | Updating Lights
Fra:104 Mem:12.59M (Peak 54.73M) | Time:00:00.00 | Mem:0.80M, Peak:0.80M | Scene, ViewLayer | Updating Lights | Computing tree
Fra:104 Mem:13.16M (Peak 54.73M) | Time:00:00.02 | Mem:1.37M, Peak:1.37M | Scene, ViewLayer | Updating Integrator
Fra:104 Mem:13.16M (Peak 54.73M) | Time:00:00.02 | Mem:1.37M, Peak:1.37M | Scene, ViewLayer | Updating Film
Fra:104 Mem:13.16M (Peak 54.73M) | Time:00:00.02 | Mem:1.29M, Peak:1.37M | Scene, ViewLayer | Updating Lookup Tables
Fra:104 Mem:13.16M (Peak 54.73M) | Time:00:00.02 | Mem:1.37M, Peak:1.37M | Scene, ViewLayer | Updating Baking
Fra:104 Mem:13.16M (Peak 54.73M) | Time:00:00.02 | Mem:1.37M, Peak:1.37M | Scene, ViewLayer | Updating Device | Writing constant memory
Fra:104 Mem:13.16M (Peak 54.73M) | Time:00:00.02 | Mem:1.37M, Peak:1.37M | Scene, ViewLayer | Sample 0/32
Fra:104 Mem:31.00M (Peak 54.73M) | Time:00:00.53 | Remaining:00:15.86 | Mem:19.17M, Peak:19.17M | Scene, ViewLayer | Sample 1/32
Fra:104 Mem:38.91M (Peak 54.73M) | Time:00:16.32 | Mem:19.17M, Peak:19.17M | Scene, ViewLayer | Sample 32/32
Fra:104 Mem:38.91M (Peak 54.73M) | Time:00:16.32 | Mem:19.17M, Peak:19.17M | Scene, ViewLayer | Finished
Saved: '/home/runner/work/chaosim/chaosim/outputs/renders/paper_to_cloth_frames/frame_0104.png'
Time: 00:16.38 (Saving: 00:00.05)

Fra:105 Mem:14.55M (Peak 54.73M) | Time:00:00.00 | Mem:0.00M, Peak:0.00M | Scene, ViewLayer | Synchronizing object | ClothKey
Fra:105 Mem:14.55M (Peak 54.73M) | Time:00:00.00 | Mem:0.00M, Peak:0.00M | Scene, ViewLayer | Synchronizing object | Rod
Fra:105 Mem:14.55M (Peak 54.73M) | Time:00:00.00 | Mem:0.00M, Peak:0.00M | Scene, ViewLayer | Synchronizing object | FacesLabel
Fra:105 Mem:14.55M (Peak 54.73M) | Time:00:00.00 | Mem:0.00M, Peak:0.00M | Scene, ViewLayer | Synchronizing object | Sheet
Fra:105 Mem:14.59M (Peak 54.73M) | Time:00:00.00 | Mem:0.00M, Peak:0.00M | Scene, ViewLayer | Synchronizing object | GlassSphere
Fra:105 Mem:15.12M (Peak 54.73M) | Time:00:00.00 | Mem:0.00M, Peak:0.00M | Scene, ViewLayer | Initializing
Fra:105 Mem:12.22M (Peak 54.73M) | Time:00:00.00 | Mem:0.00M, Peak:0.00M | Scene, ViewLayer | Waiting for render to start
Fra:105 Mem:12.22M (Peak 54.73M) | Time:00:00.00 | Mem:0.00M, Peak:0.00M | Scene, ViewLayer | Updating Scene
Fra:105 Mem:12.22M (Peak 54.73M) | Time:00:00.00 | Mem:0.00M, Peak:0.00M | Scene, ViewLayer | Updating Shaders
Fra:105 Mem:12.22M (Peak 54.73M) | Time:00:00.00 | Mem:0.00M, Peak:0.00M | Scene, ViewLayer | Loading render kernels (may take a few minutes the first time)
Fra:105 Mem:12.31M (Peak 54.73M) | Time:00:00.00 | Mem:0.00M, Peak:0.00M | Scene, ViewLayer | Updating Procedurals
Fra:105 Mem:12.31M (Peak 54.73M) | Time:00:00.00 | Mem:0.00M, Peak:0.00M | Scene, ViewLayer | Updating Background
Fra:105 Mem:12.31M (Peak 54.73M) | Time:00:00.00 | Mem:0.00M, Peak:0.00M | Scene, ViewLayer | Updating Camera
Fra:105 Mem:12.31M (Peak 54.73M) | Time:00:00.00 | Mem:0.00M, Peak:0.00M | Scene, ViewLayer | Updating Meshes Flags
Fra:105 Mem:12.31M (Peak 54.73M) | Time:00:00.00 | Mem:0.00M, Peak:0.00M | Scene, ViewLayer | Updating Objects
Fra:105 Mem:12.31M (Peak 54.73M) | Time:00:00.00 | Mem:0.00M, Peak:0.00M | Scene, ViewLayer | Updating Objects | Copying Transformations to device
Fra:105 Mem:12.31M (Peak 54.73M) | Time:00:00.00 | Mem:0.01M, Peak:0.01M | Scene, ViewLayer | Updating Particle Systems
Fra:105 Mem:12.31M (Peak 54.73M) | Time:00:00.00 | Mem:0.01M, Peak:0.01M | Scene, ViewLayer | Updating Particle Systems | Copying Particles to device
Fra:105 Mem:12.31M (Peak 54.73M) | Time:00:00.00 | Mem:0.01M, Peak:0.01M | Scene, ViewLayer | Updating Meshes
Fra:105 Mem:12.31M (Peak 54.73M) | Time:00:00.00 | Mem:0.01M, Peak:0.01M | Scene, ViewLayer | Updating Objects | Applying Static Transformations
Fra:105 Mem:12.31M (Peak 54.73M) | Time:00:00.00 | Mem:0.01M, Peak:0.01M | Scene, ViewLayer | Updating Mesh | Computing attributes
Fra:105 Mem:12.37M (Peak 54.73M) | Time:00:00.00 | Mem:0.01M, Peak:0.01M | Scene, ViewLayer | Updating Mesh | Copying Attributes to device
Fra:105 Mem:12.37M (Peak 54.73M) | Time:00:00.00 | Mem:0.06M, Peak:0.06M | Scene, ViewLayer | Updating Scene BVH | Building
Fra:105 Mem:12.37M (Peak 54.73M) | Time:00:00.00 | Mem:0.06M, Peak:0.06M | Scene, ViewLayer | Updating Scene BVH | Building BVH
Fra:105 Mem:12.37M (Peak 54.73M) | Time:00:00.00 | Mem:0.27M, Peak:0.27M | Scene, ViewLayer | Updating Scene BVH | Building BVH 0%
Fra:105 Mem:12.37M (Peak 54.73M) | Time:00:00.00 | Mem:0.50M, Peak:0.71M | Scene, ViewLayer | Updating Scene BVH | Copying BVH to device
Fra:105 Mem:12.37M (Peak 54.73M) | Time:00:00.00 | Mem:0.50M, Peak:0.71M | Scene, ViewLayer | Updating Mesh | Computing normals
Fra:105 Mem:12.59M (Peak 54.73M) | Time:00:00.00 | Mem:0.50M, Peak:0.71M | Scene, ViewLayer | Updating Mesh | Copying Mesh to device
Fra:105 Mem:12.59M (Peak 54.73M) | Time:00:00.00 | Mem:0.72M, Peak:0.72M | Scene, ViewLayer | Updating Objects Flags
Fra:105 Mem:12.59M (Peak 54.73M) | Time:00:00.00 | Mem:0.72M, Peak:0.72M | Scene, ViewLayer | Updating Primitive Offsets
Fra:105 Mem:12.59M (Peak 54.73M) | Time:00:00.00 | Mem:0.72M, Peak:0.72M | Scene, ViewLayer | Updating Images
Fra:105 Mem:12.59M (Peak 54.73M) | Time:00:00.00 | Mem:0.72M, Peak:0.72M | Scene, ViewLayer | Updating Camera Volume
Fra:105 Mem:12.59M (Peak 54.73M) | Time:00:00.00 | Mem:0.72M, Peak:0.72M | Scene, ViewLayer | Updating Lookup Tables
Fra:105 Mem:12.59M (Peak 54.73M) | Time:00:00.00 | Mem:0.80M, Peak:0.80M | Scene, ViewLayer | Updating Lights
Fra:105 Mem:12.59M (Peak 54.73M) | Time:00:00.00 | Mem:0.80M, Peak:0.80M | Scene, ViewLayer | Updating Lights | Computing tree
Fra:105 Mem:13.16M (Peak 54.73M) | Time:00:00.02 | Mem:1.37M, Peak:1.37M | Scene, ViewLayer | Updating Integrator
Fra:105 Mem:13.16M (Peak 54.73M) | Time:00:00.02 | Mem:1.37M, Peak:1.37M | Scene, ViewLayer | Updating Film
Fra:105 Mem:13.16M (Peak 54.73M) | Time:00:00.02 | Mem:1.29M, Peak:1.37M | Scene, ViewLayer | Updating Lookup Tables
Fra:105 Mem:13.16M (Peak 54.73M) | Time:00:00.02 | Mem:1.37M, Peak:1.37M | Scene, ViewLayer | Updating Baking
Fra:105 Mem:13.16M (Peak 54.73M) | Time:00:00.02 | Mem:1.37M, Peak:1.37M | Scene, ViewLayer | Updating Device | Writing constant memory
Fra:105 Mem:13.16M (Peak 54.73M) | Time:00:00.02 | Mem:1.37M, Peak:1.37M | Scene, ViewLayer | Sample 0/32
Fra:105 Mem:31.00M (Peak 54.73M) | Time:00:00.53 | Remaining:00:15.82 | Mem:19.17M, Peak:19.17M | Scene, ViewLayer | Sample 1/32
Fra:105 Mem:38.91M (Peak 54.73M) | Time:00:16.19 | Mem:19.17M, Peak:19.17M | Scene, ViewLayer | Sample 32/32
Fra:105 Mem:38.91M (Peak 54.73M) | Time:00:16.19 | Mem:19.17M, Peak:19.17M | Scene, ViewLayer | Finished
Saved: '/home/runner/work/chaosim/chaosim/outputs/renders/paper_to_cloth_frames/frame_0105.png'
Time: 00:16.24 (Saving: 00:00.05)

Fra:106 Mem:14.55M (Peak 54.73M) | Time:00:00.00 | Mem:0.00M, Peak:0.00M | Scene, ViewLayer | Synchronizing object | ClothKey
Fra:106 Mem:14.55M (Peak 54.73M) | Time:00:00.00 | Mem:0.00M, Peak:0.00M | Scene, ViewLayer | Synchronizing object | Rod
Fra:106 Mem:14.55M (Peak 54.73M) | Time:00:00.00 | Mem:0.00M, Peak:0.00M | Scene, ViewLayer | Synchronizing object | Sheet
Fra:106 Mem:14.55M (Peak 54.73M) | Time:00:00.00 | Mem:0.00M, Peak:0.00M | Scene, ViewLayer | Synchronizing object | GlassSphere
Fra:106 Mem:15.12M (Peak 54.73M) | Time:00:00.00 | Mem:0.00M, Peak:0.00M | Scene, ViewLayer | Initializing
Fra:106 Mem:12.22M (Peak 54.73M) | Time:00:00.00 | Mem:0.00M, Peak:0.00M | Scene, ViewLayer | Waiting for render to start
Fra:106 Mem:12.22M (Peak 54.73M) | Time:00:00.00 | Mem:0.00M, Peak:0.00M | Scene, ViewLayer | Updating Scene
Fra:106 Mem:12.22M (Peak 54.73M) | Time:00:00.00 | Mem:0.00M, Peak:0.00M | Scene, ViewLayer | Updating Shaders
Fra:106 Mem:12.22M (Peak 54.73M) | Time:00:00.00 | Mem:0.00M, Peak:0.00M | Scene, ViewLayer | Loading render kernels (may take a few minutes the first time)
Fra:106 Mem:12.31M (Peak 54.73M) | Time:00:00.00 | Mem:0.00M, Peak:0.00M | Scene, ViewLayer | Updating Procedurals
Fra:106 Mem:12.31M (Peak 54.73M) | Time:00:00.00 | Mem:0.00M, Peak:0.00M | Scene, ViewLayer | Updating Background
Fra:106 Mem:12.31M (Peak 54.73M) | Time:00:00.00 | Mem:0.00M, Peak:0.00M | Scene, ViewLayer | Updating Camera
Fra:106 Mem:12.31M (Peak 54.73M) | Time:00:00.00 | Mem:0.00M, Peak:0.00M | Scene, ViewLayer | Updating Meshes Flags
Fra:106 Mem:12.31M (Peak 54.73M) | Time:00:00.00 | Mem:0.00M, Peak:0.00M | Scene, ViewLayer | Updating Objects
Fra:106 Mem:12.31M (Peak 54.73M) | Time:00:00.00 | Mem:0.00M, Peak:0.00M | Scene, ViewLayer | Updating Objects | Copying Transformations to device
Fra:106 Mem:12.31M (Peak 54.73M) | Time:00:00.00 | Mem:0.01M, Peak:0.01M | Scene, ViewLayer | Updating Particle Systems
Fra:106 Mem:12.31M (Peak 54.73M) | Time:00:00.00 | Mem:0.01M, Peak:0.01M | Scene, ViewLayer | Updating Particle Systems | Copying Particles to device
Fra:106 Mem:12.31M (Peak 54.73M) | Time:00:00.00 | Mem:0.01M, Peak:0.01M | Scene, ViewLayer | Updating Meshes
Fra:106 Mem:12.31M (Peak 54.73M) | Time:00:00.00 | Mem:0.01M, Peak:0.01M | Scene, ViewLayer | Updating Objects | Applying Static Transformations
Fra:106 Mem:12.31M (Peak 54.73M) | Time:00:00.00 | Mem:0.01M, Peak:0.01M | Scene, ViewLayer | Updating Mesh | Computing attributes
Fra:106 Mem:12.37M (Peak 54.73M) | Time:00:00.00 | Mem:0.01M, Peak:0.01M | Scene, ViewLayer | Updating Mesh | Copying Attributes to device
Fra:106 Mem:12.37M (Peak 54.73M) | Time:00:00.00 | Mem:0.06M, Peak:0.06M | Scene, ViewLayer | Updating Scene BVH | Building
Fra:106 Mem:12.37M (Peak 54.73M) | Time:00:00.00 | Mem:0.06M, Peak:0.06M | Scene, ViewLayer | Updating Scene BVH | Building BVH
Fra:106 Mem:12.37M (Peak 54.73M) | Time:00:00.00 | Mem:0.27M, Peak:0.27M | Scene, ViewLayer | Updating Scene BVH | Building BVH 0%
Fra:106 Mem:12.37M (Peak 54.73M) | Time:00:00.00 | Mem:0.50M, Peak:0.71M | Scene, ViewLayer | Updating Scene BVH | Copying BVH to device
Fra:106 Mem:12.37M (Peak 54.73M) | Time:00:00.00 | Mem:0.50M, Peak:0.71M | Scene, ViewLayer | Updating Mesh | Computing normals
Fra:106 Mem:12.59M (Peak 54.73M) | Time:00:00.00 | Mem:0.50M, Peak:0.71M | Scene, ViewLayer | Updating Mesh | Copying Mesh to device
Fra:106 Mem:12.59M (Peak 54.73M) | Time:00:00.00 | Mem:0.72M, Peak:0.72M | Scene, ViewLayer | Updating Objects Flags
Fra:106 Mem:12.59M (Peak 54.73M) | Time:00:00.00 | Mem:0.72M, Peak:0.72M | Scene, ViewLayer | Updating Primitive Offsets
Fra:106 Mem:12.59M (Peak 54.73M) | Time:00:00.00 | Mem:0.72M, Peak:0.72M | Scene, ViewLayer | Updating Images
Fra:106 Mem:12.59M (Peak 54.73M) | Time:00:00.00 | Mem:0.72M, Peak:0.72M | Scene, ViewLayer | Updating Camera Volume
Fra:106 Mem:12.59M (Peak 54.73M) | Time:00:00.00 | Mem:0.72M, Peak:0.72M | Scene, ViewLayer | Updating Lookup Tables
Fra:106 Mem:12.59M (Peak 54.73M) | Time:00:00.00 | Mem:0.80M, Peak:0.80M | Scene, ViewLayer | Updating Lights
Fra:106 Mem:12.59M (Peak 54.73M) | Time:00:00.00 | Mem:0.80M, Peak:0.80M | Scene, ViewLayer | Updating Lights | Computing tree
Fra:106 Mem:13.16M (Peak 54.73M) | Time:00:00.02 | Mem:1.37M, Peak:1.37M | Scene, ViewLayer | Updating Integrator
Fra:106 Mem:13.16M (Peak 54.73M) | Time:00:00.02 | Mem:1.37M, Peak:1.37M | Scene, ViewLayer | Updating Film
Fra:106 Mem:13.16M (Peak 54.73M) | Time:00:00.02 | Mem:1.29M, Peak:1.37M | Scene, ViewLayer | Updating Lookup Tables
Fra:106 Mem:13.16M (Peak 54.73M) | Time:00:00.02 | Mem:1.37M, Peak:1.37M | Scene, ViewLayer | Updating Baking
Fra:106 Mem:13.16M (Peak 54.73M) | Time:00:00.02 | Mem:1.37M, Peak:1.37M | Scene, ViewLayer | Updating Device | Writing constant memory
Fra:106 Mem:13.16M (Peak 54.73M) | Time:00:00.02 | Mem:1.37M, Peak:1.37M | Scene, ViewLayer | Sample 0/32
Fra:106 Mem:31.00M (Peak 54.73M) | Time:00:00.52 | Remaining:00:15.37 | Mem:19.17M, Peak:19.17M | Scene, ViewLayer | Sample 1/32
Fra:106 Mem:38.91M (Peak 54.73M) | Time:00:15.76 | Mem:19.17M, Peak:19.17M | Scene, ViewLayer | Sample 32/32
Fra:106 Mem:38.91M (Peak 54.73M) | Time:00:15.76 | Mem:19.17M, Peak:19.17M | Scene, ViewLayer | Finished
Saved: '/home/runner/work/chaosim/chaosim/outputs/renders/paper_to_cloth_frames/frame_0106.png'
Time: 00:15.81 (Saving: 00:00.05)

Fra:107 Mem:14.55M (Peak 54.73M) | Time:00:00.00 | Mem:0.00M, Peak:0.00M | Scene, ViewLayer | Synchronizing object | ClothKey
Fra:107 Mem:14.55M (Peak 54.73M) | Time:00:00.00 | Mem:0.00M, Peak:0.00M | Scene, ViewLayer | Synchronizing object | Rod
Fra:107 Mem:14.55M (Peak 54.73M) | Time:00:00.00 | Mem:0.00M, Peak:0.00M | Scene, ViewLayer | Synchronizing object | FacesLabel
Fra:107 Mem:14.59M (Peak 54.73M) | Time:00:00.00 | Mem:0.00M, Peak:0.00M | Scene, ViewLayer | Synchronizing object | GlassSphere
Fra:107 Mem:15.12M (Peak 54.73M) | Time:00:00.00 | Mem:0.00M, Peak:0.00M | Scene, ViewLayer | Initializing
Fra:107 Mem:12.22M (Peak 54.73M) | Time:00:00.00 | Mem:0.00M, Peak:0.00M | Scene, ViewLayer | Waiting for render to start
Fra:107 Mem:12.22M (Peak 54.73M) | Time:00:00.00 | Mem:0.00M, Peak:0.00M | Scene, ViewLayer | Updating Scene
Fra:107 Mem:12.22M (Peak 54.73M) | Time:00:00.00 | Mem:0.00M, Peak:0.00M | Scene, ViewLayer | Updating Shaders
Fra:107 Mem:12.22M (Peak 54.73M) | Time:00:00.00 | Mem:0.00M, Peak:0.00M | Scene, ViewLayer | Loading render kernels (may take a few minutes the first time)
Fra:107 Mem:12.31M (Peak 54.73M) | Time:00:00.00 | Mem:0.00M, Peak:0.00M | Scene, ViewLayer | Updating Procedurals
Fra:107 Mem:12.31M (Peak 54.73M) | Time:00:00.00 | Mem:0.00M, Peak:0.00M | Scene, ViewLayer | Updating Background
Fra:107 Mem:12.31M (Peak 54.73M) | Time:00:00.00 | Mem:0.00M, Peak:0.00M | Scene, ViewLayer | Updating Camera
Fra:107 Mem:12.31M (Peak 54.73M) | Time:00:00.00 | Mem:0.00M, Peak:0.00M | Scene, ViewLayer | Updating Meshes Flags
Fra:107 Mem:12.31M (Peak 54.73M) | Time:00:00.00 | Mem:0.00M, Peak:0.00M | Scene, ViewLayer | Updating Objects
Fra:107 Mem:12.31M (Peak 54.73M) | Time:00:00.00 | Mem:0.00M, Peak:0.00M | Scene, ViewLayer | Updating Objects | Copying Transformations to device
Fra:107 Mem:12.31M (Peak 54.73M) | Time:00:00.00 | Mem:0.01M, Peak:0.01M | Scene, ViewLayer | Updating Particle Systems
Fra:107 Mem:12.31M (Peak 54.73M) | Time:00:00.00 | Mem:0.01M, Peak:0.01M | Scene, ViewLayer | Updating Particle Systems | Copying Particles to device
Fra:107 Mem:12.31M (Peak 54.73M) | Time:00:00.00 | Mem:0.01M, Peak:0.01M | Scene, ViewLayer | Updating Meshes
Fra:107 Mem:12.31M (Peak 54.73M) | Time:00:00.00 | Mem:0.01M, Peak:0.01M | Scene, ViewLayer | Updating Objects | Applying Static Transformations
Fra:107 Mem:12.31M (Peak 54.73M) | Time:00:00.00 | Mem:0.01M, Peak:0.01M | Scene, ViewLayer | Updating Mesh | Computing attributes
Fra:107 Mem:12.37M (Peak 54.73M) | Time:00:00.00 | Mem:0.01M, Peak:0.01M | Scene, ViewLayer | Updating Mesh | Copying Attributes to device
Fra:107 Mem:12.37M (Peak 54.73M) | Time:00:00.00 | Mem:0.06M, Peak:0.06M | Scene, ViewLayer | Updating Scene BVH | Building
Fra:107 Mem:12.37M (Peak 54.73M) | Time:00:00.00 | Mem:0.06M, Peak:0.06M | Scene, ViewLayer | Updating Scene BVH | Building BVH
Fra:107 Mem:12.37M (Peak 54.73M) | Time:00:00.00 | Mem:0.27M, Peak:0.27M | Scene, ViewLayer | Updating Scene BVH | Building BVH 0%
Fra:107 Mem:12.37M (Peak 54.73M) | Time:00:00.00 | Mem:0.50M, Peak:0.71M | Scene, ViewLayer | Updating Scene BVH | Copying BVH to device
Fra:107 Mem:12.37M (Peak 54.73M) | Time:00:00.00 | Mem:0.50M, Peak:0.71M | Scene, ViewLayer | Updating Mesh | Computing normals
Fra:107 Mem:12.59M (Peak 54.73M) | Time:00:00.00 | Mem:0.50M, Peak:0.71M | Scene, ViewLayer | Updating Mesh | Copying Mesh to device
Fra:107 Mem:12.59M (Peak 54.73M) | Time:00:00.00 | Mem:0.72M, Peak:0.72M | Scene, ViewLayer | Updating Objects Flags
Fra:107 Mem:12.59M (Peak 54.73M) | Time:00:00.00 | Mem:0.72M, Peak:0.72M | Scene, ViewLayer | Updating Primitive Offsets
Fra:107 Mem:12.59M (Peak 54.73M) | Time:00:00.00 | Mem:0.72M, Peak:0.72M | Scene, ViewLayer | Updating Images
Fra:107 Mem:12.59M (Peak 54.73M) | Time:00:00.00 | Mem:0.72M, Peak:0.72M | Scene, ViewLayer | Updating Camera Volume
Fra:107 Mem:12.59M (Peak 54.73M) | Time:00:00.00 | Mem:0.72M, Peak:0.72M | Scene, ViewLayer | Updating Lookup Tables
Fra:107 Mem:12.59M (Peak 54.73M) | Time:00:00.00 | Mem:0.80M, Peak:0.80M | Scene, ViewLayer | Updating Lights
Fra:107 Mem:12.59M (Peak 54.73M) | Time:00:00.00 | Mem:0.80M, Peak:0.80M | Scene, ViewLayer | Updating Lights | Computing tree
Fra:107 Mem:13.16M (Peak 54.73M) | Time:00:00.02 | Mem:1.37M, Peak:1.37M | Scene, ViewLayer | Updating Integrator
Fra:107 Mem:13.16M (Peak 54.73M) | Time:00:00.02 | Mem:1.37M, Peak:1.37M | Scene, ViewLayer | Updating Film
Fra:107 Mem:13.16M (Peak 54.73M) | Time:00:00.02 | Mem:1.29M, Peak:1.37M | Scene, ViewLayer | Updating Lookup Tables
Fra:107 Mem:13.16M (Peak 54.73M) | Time:00:00.02 | Mem:1.37M, Peak:1.37M | Scene, ViewLayer | Updating Baking
Fra:107 Mem:13.16M (Peak 54.73M) | Time:00:00.02 | Mem:1.37M, Peak:1.37M | Scene, ViewLayer | Updating Device | Writing constant memory
Fra:107 Mem:13.16M (Peak 54.73M) | Time:00:00.02 | Mem:1.37M, Peak:1.37M | Scene, ViewLayer | Sample 0/32
Fra:107 Mem:31.00M (Peak 54.73M) | Time:00:00.50 | Remaining:00:14.97 | Mem:19.17M, Peak:19.17M | Scene, ViewLayer | Sample 1/32
Fra:107 Mem:38.91M (Peak 54.73M) | Time:00:15.23 | Mem:19.17M, Peak:19.17M | Scene, ViewLayer | Sample 32/32
Fra:107 Mem:38.91M (Peak 54.73M) | Time:00:15.23 | Mem:19.17M, Peak:19.17M | Scene, ViewLayer | Finished
Saved: '/home/runner/work/chaosim/chaosim/outputs/renders/paper_to_cloth_frames/frame_0107.png'
Time: 00:15.29 (Saving: 00:00.05)

Fra:108 Mem:14.55M (Peak 54.73M) | Time:00:00.00 | Mem:0.00M, Peak:0.00M | Scene, ViewLayer | Synchronizing object | ClothKey
Fra:108 Mem:14.55M (Peak 54.73M) | Time:00:00.00 | Mem:0.00M, Peak:0.00M | Scene, ViewLayer | Synchronizing object | ClothRim
Fra:108 Mem:14.55M (Peak 54.73M) | Time:00:00.00 | Mem:0.00M, Peak:0.00M | Scene, ViewLayer | Synchronizing object | Rod
Fra:108 Mem:14.55M (Peak 54.73M) | Time:00:00.00 | Mem:0.00M, Peak:0.00M | Scene, ViewLayer | Synchronizing object | FacesLabel
Fra:108 Mem:14.57M (Peak 54.73M) | Time:00:00.00 | Mem:0.00M, Peak:0.00M | Scene, ViewLayer | Synchronizing object | GlassSphere
Fra:108 Mem:15.12M (Peak 54.73M) | Time:00:00.00 | Mem:0.00M, Peak:0.00M | Scene, ViewLayer | Initializing
Fra:108 Mem:12.22M (Peak 54.73M) | Time:00:00.00 | Mem:0.00M, Peak:0.00M | Scene, ViewLayer | Waiting for render to start
Fra:108 Mem:12.22M (Peak 54.73M) | Time:00:00.00 | Mem:0.00M, Peak:0.00M | Scene, ViewLayer | Updating Scene
Fra:108 Mem:12.22M (Peak 54.73M) | Time:00:00.00 | Mem:0.00M, Peak:0.00M | Scene, ViewLayer | Updating Shaders
Fra:108 Mem:12.22M (Peak 54.73M) | Time:00:00.00 | Mem:0.00M, Peak:0.00M | Scene, ViewLayer | Loading render kernels (may take a few minutes the first time)
Fra:108 Mem:12.31M (Peak 54.73M) | Time:00:00.00 | Mem:0.00M, Peak:0.00M | Scene, ViewLayer | Updating Procedurals
Fra:108 Mem:12.31M (Peak 54.73M) | Time:00:00.00 | Mem:0.00M, Peak:0.00M | Scene, ViewLayer | Updating Background
Fra:108 Mem:12.31M (Peak 54.73M) | Time:00:00.00 | Mem:0.00M, Peak:0.00M | Scene, ViewLayer | Updating Camera
Fra:108 Mem:12.31M (Peak 54.73M) | Time:00:00.00 | Mem:0.00M, Peak:0.00M | Scene, ViewLayer | Updating Meshes Flags
Fra:108 Mem:12.31M (Peak 54.73M) | Time:00:00.00 | Mem:0.00M, Peak:0.00M | Scene, ViewLayer | Updating Objects
Fra:108 Mem:12.31M (Peak 54.73M) | Time:00:00.00 | Mem:0.00M, Peak:0.00M | Scene, ViewLayer | Updating Objects | Copying Transformations to device
Fra:108 Mem:12.31M (Peak 54.73M) | Time:00:00.00 | Mem:0.01M, Peak:0.01M | Scene, ViewLayer | Updating Particle Systems
Fra:108 Mem:12.31M (Peak 54.73M) | Time:00:00.00 | Mem:0.01M, Peak:0.01M | Scene, ViewLayer | Updating Particle Systems | Copying Particles to device
Fra:108 Mem:12.31M (Peak 54.73M) | Time:00:00.00 | Mem:0.01M, Peak:0.01M | Scene, ViewLayer | Updating Meshes
Fra:108 Mem:12.31M (Peak 54.73M) | Time:00:00.00 | Mem:0.01M, Peak:0.01M | Scene, ViewLayer | Updating Objects | Applying Static Transformations
Fra:108 Mem:12.31M (Peak 54.73M) | Time:00:00.00 | Mem:0.01M, Peak:0.01M | Scene, ViewLayer | Updating Mesh | Computing attributes
Fra:108 Mem:12.37M (Peak 54.73M) | Time:00:00.00 | Mem:0.01M, Peak:0.01M | Scene, ViewLayer | Updating Mesh | Copying Attributes to device
Fra:108 Mem:12.37M (Peak 54.73M) | Time:00:00.00 | Mem:0.06M, Peak:0.06M | Scene, ViewLayer | Updating Scene BVH | Building
Fra:108 Mem:12.37M (Peak 54.73M) | Time:00:00.00 | Mem:0.06M, Peak:0.06M | Scene, ViewLayer | Updating Scene BVH | Building BVH
Fra:108 Mem:12.37M (Peak 54.73M) | Time:00:00.00 | Mem:0.27M, Peak:0.27M | Scene, ViewLayer | Updating Scene BVH | Building BVH 0%
Fra:108 Mem:12.37M (Peak 54.73M) | Time:00:00.00 | Mem:0.50M, Peak:0.71M | Scene, ViewLayer | Updating Scene BVH | Copying BVH to device
Fra:108 Mem:12.37M (Peak 54.73M) | Time:00:00.00 | Mem:0.50M, Peak:0.71M | Scene, ViewLayer | Updating Mesh | Computing normals
Fra:108 Mem:12.59M (Peak 54.73M) | Time:00:00.00 | Mem:0.50M, Peak:0.71M | Scene, ViewLayer | Updating Mesh | Copying Mesh to device
Fra:108 Mem:12.59M (Peak 54.73M) | Time:00:00.00 | Mem:0.72M, Peak:0.72M | Scene, ViewLayer | Updating Objects Flags
Fra:108 Mem:12.59M (Peak 54.73M) | Time:00:00.00 | Mem:0.72M, Peak:0.72M | Scene, ViewLayer | Updating Primitive Offsets
Fra:108 Mem:12.59M (Peak 54.73M) | Time:00:00.00 | Mem:0.72M, Peak:0.72M | Scene, ViewLayer | Updating Images
Fra:108 Mem:12.59M (Peak 54.73M) | Time:00:00.00 | Mem:0.72M, Peak:0.72M | Scene, ViewLayer | Updating Camera Volume
Fra:108 Mem:12.59M (Peak 54.73M) | Time:00:00.00 | Mem:0.72M, Peak:0.72M | Scene, ViewLayer | Updating Lookup Tables
Fra:108 Mem:12.59M (Peak 54.73M) | Time:00:00.00 | Mem:0.80M, Peak:0.80M | Scene, ViewLayer | Updating Lights
Fra:108 Mem:12.59M (Peak 54.73M) | Time:00:00.00 | Mem:0.80M, Peak:0.80M | Scene, ViewLayer | Updating Lights | Computing tree
Fra:108 Mem:13.16M (Peak 54.73M) | Time:00:00.02 | Mem:1.37M, Peak:1.37M | Scene, ViewLayer | Updating Integrator
Fra:108 Mem:13.16M (Peak 54.73M) | Time:00:00.02 | Mem:1.37M, Peak:1.37M | Scene, ViewLayer | Updating Film
Fra:108 Mem:13.16M (Peak 54.73M) | Time:00:00.02 | Mem:1.29M, Peak:1.37M | Scene, ViewLayer | Updating Lookup Tables
Fra:108 Mem:13.16M (Peak 54.73M) | Time:00:00.02 | Mem:1.37M, Peak:1.37M | Scene, ViewLayer | Updating Baking
Fra:108 Mem:13.16M (Peak 54.73M) | Time:00:00.02 | Mem:1.37M, Peak:1.37M | Scene, ViewLayer | Updating Device | Writing constant memory
Fra:108 Mem:13.16M (Peak 54.73M) | Time:00:00.02 | Mem:1.37M, Peak:1.37M | Scene, ViewLayer | Sample 0/32
Fra:108 Mem:31.00M (Peak 54.73M) | Time:00:00.50 | Remaining:00:14.73 | Mem:19.17M, Peak:19.17M | Scene, ViewLayer | Sample 1/32
Fra:108 Mem:38.91M (Peak 54.73M) | Time:00:15.09 | Mem:19.17M, Peak:19.17M | Scene, ViewLayer | Sample 32/32
Fra:108 Mem:38.91M (Peak 54.73M) | Time:00:15.09 | Mem:19.17M, Peak:19.17M | Scene, ViewLayer | Finished
Saved: '/home/runner/work/chaosim/chaosim/outputs/renders/paper_to_cloth_frames/frame_0108.png'
Time: 00:15.14 (Saving: 00:00.05)

Fra:109 Mem:14.55M (Peak 54.73M) | Time:00:00.00 | Mem:0.00M, Peak:0.00M | Scene, ViewLayer | Synchronizing object | ClothKey
Fra:109 Mem:14.55M (Peak 54.73M) | Time:00:00.00 | Mem:0.00M, Peak:0.00M | Scene, ViewLayer | Synchronizing object | ClothRim
Fra:109 Mem:14.55M (Peak 54.73M) | Time:00:00.00 | Mem:0.00M, Peak:0.00M | Scene, ViewLayer | Synchronizing object | Rod
Fra:109 Mem:14.55M (Peak 54.73M) | Time:00:00.00 | Mem:0.00M, Peak:0.00M | Scene, ViewLayer | Synchronizing object | Sheet
Fra:109 Mem:14.57M (Peak 54.73M) | Time:00:00.00 | Mem:0.00M, Peak:0.00M | Scene, ViewLayer | Synchronizing object | FacesLabel
Fra:109 Mem:14.57M (Peak 54.73M) | Time:00:00.00 | Mem:0.00M, Peak:0.00M | Scene, ViewLayer | Synchronizing object | GlassSphere
Fra:109 Mem:15.12M (Peak 54.73M) | Time:00:00.00 | Mem:0.00M, Peak:0.00M | Scene, ViewLayer | Initializing
Fra:109 Mem:12.22M (Peak 54.73M) | Time:00:00.00 | Mem:0.00M, Peak:0.00M | Scene, ViewLayer | Waiting for render to start
Fra:109 Mem:12.22M (Peak 54.73M) | Time:00:00.00 | Mem:0.00M, Peak:0.00M | Scene, ViewLayer | Updating Scene
Fra:109 Mem:12.22M (Peak 54.73M) | Time:00:00.00 | Mem:0.00M, Peak:0.00M | Scene, ViewLayer | Updating Shaders
Fra:109 Mem:12.22M (Peak 54.73M) | Time:00:00.00 | Mem:0.00M, Peak:0.00M | Scene, ViewLayer | Loading render kernels (may take a few minutes the first time)
Fra:109 Mem:12.31M (Peak 54.73M) | Time:00:00.00 | Mem:0.00M, Peak:0.00M | Scene, ViewLayer | Updating Procedurals
Fra:109 Mem:12.31M (Peak 54.73M) | Time:00:00.00 | Mem:0.00M, Peak:0.00M | Scene, ViewLayer | Updating Background
Fra:109 Mem:12.31M (Peak 54.73M) | Time:00:00.00 | Mem:0.00M, Peak:0.00M | Scene, ViewLayer | Updating Camera
Fra:109 Mem:12.31M (Peak 54.73M) | Time:00:00.00 | Mem:0.00M, Peak:0.00M | Scene, ViewLayer | Updating Meshes Flags
Fra:109 Mem:12.31M (Peak 54.73M) | Time:00:00.00 | Mem:0.00M, Peak:0.00M | Scene, ViewLayer | Updating Objects
Fra:109 Mem:12.31M (Peak 54.73M) | Time:00:00.00 | Mem:0.00M, Peak:0.00M | Scene, ViewLayer | Updating Objects | Copying Transformations to device
Fra:109 Mem:12.31M (Peak 54.73M) | Time:00:00.00 | Mem:0.01M, Peak:0.01M | Scene, ViewLayer | Updating Particle Systems
Fra:109 Mem:12.31M (Peak 54.73M) | Time:00:00.00 | Mem:0.01M, Peak:0.01M | Scene, ViewLayer | Updating Particle Systems | Copying Particles to device
Fra:109 Mem:12.31M (Peak 54.73M) | Time:00:00.00 | Mem:0.01M, Peak:0.01M | Scene, ViewLayer | Updating Meshes
Fra:109 Mem:12.31M (Peak 54.73M) | Time:00:00.00 | Mem:0.01M, Peak:0.01M | Scene, ViewLayer | Updating Objects | Applying Static Transformations
Fra:109 Mem:12.31M (Peak 54.73M) | Time:00:00.00 | Mem:0.01M, Peak:0.01M | Scene, ViewLayer | Updating Mesh | Computing attributes
Fra:109 Mem:12.37M (Peak 54.73M) | Time:00:00.00 | Mem:0.01M, Peak:0.01M | Scene, ViewLayer | Updating Mesh | Copying Attributes to device
Fra:109 Mem:12.37M (Peak 54.73M) | Time:00:00.00 | Mem:0.06M, Peak:0.06M | Scene, ViewLayer | Updating Scene BVH | Building
Fra:109 Mem:12.37M (Peak 54.73M) | Time:00:00.00 | Mem:0.06M, Peak:0.06M | Scene, ViewLayer | Updating Scene BVH | Building BVH
Fra:109 Mem:12.37M (Peak 54.73M) | Time:00:00.00 | Mem:0.27M, Peak:0.27M | Scene, ViewLayer | Updating Scene BVH | Building BVH 0%
Fra:109 Mem:12.37M (Peak 54.73M) | Time:00:00.00 | Mem:0.50M, Peak:0.71M | Scene, ViewLayer | Updating Scene BVH | Copying BVH to device
Fra:109 Mem:12.37M (Peak 54.73M) | Time:00:00.00 | Mem:0.50M, Peak:0.71M | Scene, ViewLayer | Updating Mesh | Computing normals
Fra:109 Mem:12.59M (Peak 54.73M) | Time:00:00.00 | Mem:0.50M, Peak:0.71M | Scene, ViewLayer | Updating Mesh | Copying Mesh to device
Fra:109 Mem:12.59M (Peak 54.73M) | Time:00:00.00 | Mem:0.72M, Peak:0.72M | Scene, ViewLayer | Updating Objects Flags
Fra:109 Mem:12.59M (Peak 54.73M) | Time:00:00.00 | Mem:0.72M, Peak:0.72M | Scene, ViewLayer | Updating Primitive Offsets
Fra:109 Mem:12.59M (Peak 54.73M) | Time:00:00.00 | Mem:0.72M, Peak:0.72M | Scene, ViewLayer | Updating Images
Fra:109 Mem:12.59M (Peak 54.73M) | Time:00:00.00 | Mem:0.72M, Peak:0.72M | Scene, ViewLayer | Updating Camera Volume
Fra:109 Mem:12.59M (Peak 54.73M) | Time:00:00.00 | Mem:0.72M, Peak:0.72M | Scene, ViewLayer | Updating Lookup Tables
Fra:109 Mem:12.59M (Peak 54.73M) | Time:00:00.00 | Mem:0.80M, Peak:0.80M | Scene, ViewLayer | Updating Lights
Fra:109 Mem:12.59M (Peak 54.73M) | Time:00:00.00 | Mem:0.80M, Peak:0.80M | Scene, ViewLayer | Updating Lights | Computing tree
Fra:109 Mem:13.16M (Peak 54.73M) | Time:00:00.02 | Mem:1.37M, Peak:1.37M | Scene, ViewLayer | Updating Integrator
Fra:109 Mem:13.16M (Peak 54.73M) | Time:00:00.02 | Mem:1.37M, Peak:1.37M | Scene, ViewLayer | Updating Film
Fra:109 Mem:13.16M (Peak 54.73M) | Time:00:00.02 | Mem:1.29M, Peak:1.37M | Scene, ViewLayer | Updating Lookup Tables
Fra:109 Mem:13.16M (Peak 54.73M) | Time:00:00.02 | Mem:1.37M, Peak:1.37M | Scene, ViewLayer | Updating Baking
Fra:109 Mem:13.16M (Peak 54.73M) | Time:00:00.02 | Mem:1.37M, Peak:1.37M | Scene, ViewLayer | Updating Device | Writing constant memory
Fra:109 Mem:13.16M (Peak 54.73M) | Time:00:00.02 | Mem:1.37M, Peak:1.37M | Scene, ViewLayer | Sample 0/32
Fra:109 Mem:31.00M (Peak 54.73M) | Time:00:00.48 | Remaining:00:14.27 | Mem:19.17M, Peak:19.17M | Scene, ViewLayer | Sample 1/32
Fra:109 Mem:38.91M (Peak 54.73M) | Time:00:15.03 | Mem:19.17M, Peak:19.17M | Scene, ViewLayer | Sample 32/32
Fra:109 Mem:38.91M (Peak 54.73M) | Time:00:15.03 | Mem:19.17M, Peak:19.17M | Scene, ViewLayer | Finished
Saved: '/home/runner/work/chaosim/chaosim/outputs/renders/paper_to_cloth_frames/frame_0109.png'
Time: 00:15.09 (Saving: 00:00.05)

Fra:110 Mem:14.55M (Peak 54.73M) | Time:00:00.00 | Mem:0.00M, Peak:0.00M | Scene, ViewLayer | Synchronizing object | ClothKey
Fra:110 Mem:14.55M (Peak 54.73M) | Time:00:00.00 | Mem:0.00M, Peak:0.00M | Scene, ViewLayer | Synchronizing object | Rod
Fra:110 Mem:14.55M (Peak 54.73M) | Time:00:00.00 | Mem:0.00M, Peak:0.00M | Scene, ViewLayer | Synchronizing object | FacesLabel
Fra:110 Mem:14.59M (Peak 54.73M) | Time:00:00.00 | Mem:0.00M, Peak:0.00M | Scene, ViewLayer | Synchronizing object | Sheet
Fra:110 Mem:14.60M (Peak 54.73M) | Time:00:00.00 | Mem:0.00M, Peak:0.00M | Scene, ViewLayer | Synchronizing object | GlassSphere
Fra:110 Mem:15.12M (Peak 54.73M) | Time:00:00.00 | Mem:0.00M, Peak:0.00M | Scene, ViewLayer | Initializing
Fra:110 Mem:12.22M (Peak 54.73M) | Time:00:00.00 | Mem:0.00M, Peak:0.00M | Scene, ViewLayer | Waiting for render to start
Fra:110 Mem:12.22M (Peak 54.73M) | Time:00:00.00 | Mem:0.00M, Peak:0.00M | Scene, ViewLayer | Updating Scene
Fra:110 Mem:12.22M (Peak 54.73M) | Time:00:00.00 | Mem:0.00M, Peak:0.00M | Scene, ViewLayer | Updating Shaders
Fra:110 Mem:12.22M (Peak 54.73M) | Time:00:00.00 | Mem:0.00M, Peak:0.00M | Scene, ViewLayer | Loading render kernels (may take a few minutes the first time)
Fra:110 Mem:12.31M (Peak 54.73M) | Time:00:00.00 | Mem:0.00M, Peak:0.00M | Scene, ViewLayer | Updating Procedurals
Fra:110 Mem:12.31M (Peak 54.73M) | Time:00:00.00 | Mem:0.00M, Peak:0.00M | Scene, ViewLayer | Updating Background
Fra:110 Mem:12.31M (Peak 54.73M) | Time:00:00.00 | Mem:0.00M, Peak:0.00M | Scene, ViewLayer | Updating Camera
Fra:110 Mem:12.31M (Peak 54.73M) | Time:00:00.00 | Mem:0.00M, Peak:0.00M | Scene, ViewLayer | Updating Meshes Flags
Fra:110 Mem:12.31M (Peak 54.73M) | Time:00:00.00 | Mem:0.00M, Peak:0.00M | Scene, ViewLayer | Updating Objects
Fra:110 Mem:12.31M (Peak 54.73M) | Time:00:00.00 | Mem:0.00M, Peak:0.00M | Scene, ViewLayer | Updating Objects | Copying Transformations to device
Fra:110 Mem:12.31M (Peak 54.73M) | Time:00:00.00 | Mem:0.01M, Peak:0.01M | Scene, ViewLayer | Updating Particle Systems
Fra:110 Mem:12.31M (Peak 54.73M) | Time:00:00.00 | Mem:0.01M, Peak:0.01M | Scene, ViewLayer | Updating Particle Systems | Copying Particles to device
Fra:110 Mem:12.31M (Peak 54.73M) | Time:00:00.00 | Mem:0.01M, Peak:0.01M | Scene, ViewLayer | Updating Meshes
Fra:110 Mem:12.31M (Peak 54.73M) | Time:00:00.00 | Mem:0.01M, Peak:0.01M | Scene, ViewLayer | Updating Objects | Applying Static Transformations
Fra:110 Mem:12.31M (Peak 54.73M) | Time:00:00.00 | Mem:0.01M, Peak:0.01M | Scene, ViewLayer | Updating Mesh | Computing attributes
Fra:110 Mem:12.37M (Peak 54.73M) | Time:00:00.00 | Mem:0.01M, Peak:0.01M | Scene, ViewLayer | Updating Mesh | Copying Attributes to device
Fra:110 Mem:12.37M (Peak 54.73M) | Time:00:00.00 | Mem:0.06M, Peak:0.06M | Scene, ViewLayer | Updating Scene BVH | Building
Fra:110 Mem:12.37M (Peak 54.73M) | Time:00:00.00 | Mem:0.06M, Peak:0.06M | Scene, ViewLayer | Updating Scene BVH | Building BVH
Fra:110 Mem:12.37M (Peak 54.73M) | Time:00:00.00 | Mem:0.27M, Peak:0.27M | Scene, ViewLayer | Updating Scene BVH | Building BVH 0%
Fra:110 Mem:12.37M (Peak 54.73M) | Time:00:00.00 | Mem:0.50M, Peak:0.71M | Scene, ViewLayer | Updating Scene BVH | Copying BVH to device
Fra:110 Mem:12.37M (Peak 54.73M) | Time:00:00.00 | Mem:0.50M, Peak:0.71M | Scene, ViewLayer | Updating Mesh | Computing normals
Fra:110 Mem:12.59M (Peak 54.73M) | Time:00:00.00 | Mem:0.50M, Peak:0.71M | Scene, ViewLayer | Updating Mesh | Copying Mesh to device
Fra:110 Mem:12.59M (Peak 54.73M) | Time:00:00.00 | Mem:0.72M, Peak:0.72M | Scene, ViewLayer | Updating Objects Flags
Fra:110 Mem:12.59M (Peak 54.73M) | Time:00:00.00 | Mem:0.72M, Peak:0.72M | Scene, ViewLayer | Updating Primitive Offsets
Fra:110 Mem:12.59M (Peak 54.73M) | Time:00:00.00 | Mem:0.72M, Peak:0.72M | Scene, ViewLayer | Updating Images
Fra:110 Mem:12.59M (Peak 54.73M) | Time:00:00.00 | Mem:0.72M, Peak:0.72M | Scene, ViewLayer | Updating Camera Volume
Fra:110 Mem:12.59M (Peak 54.73M) | Time:00:00.00 | Mem:0.72M, Peak:0.72M | Scene, ViewLayer | Updating Lookup Tables
Fra:110 Mem:12.59M (Peak 54.73M) | Time:00:00.00 | Mem:0.80M, Peak:0.80M | Scene, ViewLayer | Updating Lights
Fra:110 Mem:12.59M (Peak 54.73M) | Time:00:00.00 | Mem:0.80M, Peak:0.80M | Scene, ViewLayer | Updating Lights | Computing tree
Fra:110 Mem:13.16M (Peak 54.73M) | Time:00:00.02 | Mem:1.37M, Peak:1.37M | Scene, ViewLayer | Updating Integrator
Fra:110 Mem:13.16M (Peak 54.73M) | Time:00:00.02 | Mem:1.37M, Peak:1.37M | Scene, ViewLayer | Updating Film
Fra:110 Mem:13.16M (Peak 54.73M) | Time:00:00.02 | Mem:1.29M, Peak:1.37M | Scene, ViewLayer | Updating Lookup Tables
Fra:110 Mem:13.16M (Peak 54.73M) | Time:00:00.02 | Mem:1.37M, Peak:1.37M | Scene, ViewLayer | Updating Baking
Fra:110 Mem:13.16M (Peak 54.73M) | Time:00:00.02 | Mem:1.37M, Peak:1.37M | Scene, ViewLayer | Updating Device | Writing constant memory
Fra:110 Mem:13.16M (Peak 54.73M) | Time:00:00.02 | Mem:1.37M, Peak:1.37M | Scene, ViewLayer | Sample 0/32
Fra:110 Mem:31.00M (Peak 54.73M) | Time:00:00.48 | Remaining:00:14.38 | Mem:19.17M, Peak:19.17M | Scene, ViewLayer | Sample 1/32
Fra:110 Mem:38.91M (Peak 54.73M) | Time:00:14.77 | Mem:19.17M, Peak:19.17M | Scene, ViewLayer | Sample 32/32
Fra:110 Mem:38.91M (Peak 54.73M) | Time:00:14.77 | Mem:19.17M, Peak:19.17M | Scene, ViewLayer | Finished
Saved: '/home/runner/work/chaosim/chaosim/outputs/renders/paper_to_cloth_frames/frame_0110.png'
Time: 00:14.83 (Saving: 00:00.05)

Fra:111 Mem:14.55M (Peak 54.73M) | Time:00:00.00 | Mem:0.00M, Peak:0.00M | Scene, ViewLayer | Synchronizing object | ClothKey
Fra:111 Mem:14.55M (Peak 54.73M) | Time:00:00.00 | Mem:0.00M, Peak:0.00M | Scene, ViewLayer | Synchronizing object | ClothRim
Fra:111 Mem:14.55M (Peak 54.73M) | Time:00:00.00 | Mem:0.00M, Peak:0.00M | Scene, ViewLayer | Synchronizing object | FacesLabel
Fra:111 Mem:14.55M (Peak 54.73M) | Time:00:00.00 | Mem:0.00M, Peak:0.00M | Scene, ViewLayer | Synchronizing object | Sheet
Fra:111 Mem:14.80M (Peak 54.73M) | Time:00:00.00 | Mem:0.00M, Peak:0.00M | Scene, ViewLayer | Synchronizing object | GlassSphere
Fra:111 Mem:15.12M (Peak 54.73M) | Time:00:00.00 | Mem:0.00M, Peak:0.00M | Scene, ViewLayer | Initializing
Fra:111 Mem:12.22M (Peak 54.73M) | Time:00:00.00 | Mem:0.00M, Peak:0.00M | Scene, ViewLayer | Waiting for render to start
Fra:111 Mem:12.22M (Peak 54.73M) | Time:00:00.00 | Mem:0.00M, Peak:0.00M | Scene, ViewLayer | Updating Scene
Fra:111 Mem:12.22M (Peak 54.73M) | Time:00:00.00 | Mem:0.00M, Peak:0.00M | Scene, ViewLayer | Updating Shaders
Fra:111 Mem:12.22M (Peak 54.73M) | Time:00:00.00 | Mem:0.00M, Peak:0.00M | Scene, ViewLayer | Loading render kernels (may take a few minutes the first time)
Fra:111 Mem:12.31M (Peak 54.73M) | Time:00:00.00 | Mem:0.00M, Peak:0.00M | Scene, ViewLayer | Updating Procedurals
Fra:111 Mem:12.31M (Peak 54.73M) | Time:00:00.00 | Mem:0.00M, Peak:0.00M | Scene, ViewLayer | Updating Background
Fra:111 Mem:12.31M (Peak 54.73M) | Time:00:00.00 | Mem:0.00M, Peak:0.00M | Scene, ViewLayer | Updating Camera
Fra:111 Mem:12.31M (Peak 54.73M) | Time:00:00.00 | Mem:0.00M, Peak:0.00M | Scene, ViewLayer | Updating Meshes Flags
Fra:111 Mem:12.31M (Peak 54.73M) | Time:00:00.00 | Mem:0.00M, Peak:0.00M | Scene, ViewLayer | Updating Objects
Fra:111 Mem:12.31M (Peak 54.73M) | Time:00:00.00 | Mem:0.00M, Peak:0.00M | Scene, ViewLayer | Updating Objects | Copying Transformations to device
Fra:111 Mem:12.31M (Peak 54.73M) | Time:00:00.00 | Mem:0.01M, Peak:0.01M | Scene, ViewLayer | Updating Particle Systems
Fra:111 Mem:12.31M (Peak 54.73M) | Time:00:00.00 | Mem:0.01M, Peak:0.01M | Scene, ViewLayer | Updating Particle Systems | Copying Particles to device
Fra:111 Mem:12.31M (Peak 54.73M) | Time:00:00.00 | Mem:0.01M, Peak:0.01M | Scene, ViewLayer | Updating Meshes
Fra:111 Mem:12.31M (Peak 54.73M) | Time:00:00.00 | Mem:0.01M, Peak:0.01M | Scene, ViewLayer | Updating Objects | Applying Static Transformations
Fra:111 Mem:12.31M (Peak 54.73M) | Time:00:00.00 | Mem:0.01M, Peak:0.01M | Scene, ViewLayer | Updating Mesh | Computing attributes
Fra:111 Mem:12.37M (Peak 54.73M) | Time:00:00.00 | Mem:0.01M, Peak:0.01M | Scene, ViewLayer | Updating Mesh | Copying Attributes to device
Fra:111 Mem:12.37M (Peak 54.73M) | Time:00:00.00 | Mem:0.06M, Peak:0.06M | Scene, ViewLayer | Updating Scene BVH | Building
Fra:111 Mem:12.37M (Peak 54.73M) | Time:00:00.00 | Mem:0.06M, Peak:0.06M | Scene, ViewLayer | Updating Scene BVH | Building BVH
Fra:111 Mem:12.37M (Peak 54.73M) | Time:00:00.00 | Mem:0.27M, Peak:0.27M | Scene, ViewLayer | Updating Scene BVH | Building BVH 0%
Fra:111 Mem:12.37M (Peak 54.73M) | Time:00:00.00 | Mem:0.50M, Peak:0.71M | Scene, ViewLayer | Updating Scene BVH | Copying BVH to device
Fra:111 Mem:12.37M (Peak 54.73M) | Time:00:00.00 | Mem:0.50M, Peak:0.71M | Scene, ViewLayer | Updating Mesh | Computing normals
Fra:111 Mem:12.59M (Peak 54.73M) | Time:00:00.00 | Mem:0.50M, Peak:0.71M | Scene, ViewLayer | Updating Mesh | Copying Mesh to device
Fra:111 Mem:12.59M (Peak 54.73M) | Time:00:00.00 | Mem:0.72M, Peak:0.72M | Scene, ViewLayer | Updating Objects Flags
Fra:111 Mem:12.59M (Peak 54.73M) | Time:00:00.00 | Mem:0.72M, Peak:0.72M | Scene, ViewLayer | Updating Primitive Offsets
Fra:111 Mem:12.59M (Peak 54.73M) | Time:00:00.00 | Mem:0.72M, Peak:0.72M | Scene, ViewLayer | Updating Images
Fra:111 Mem:12.59M (Peak 54.73M) | Time:00:00.00 | Mem:0.72M, Peak:0.72M | Scene, ViewLayer | Updating Camera Volume
Fra:111 Mem:12.59M (Peak 54.73M) | Time:00:00.00 | Mem:0.72M, Peak:0.72M | Scene, ViewLayer | Updating Lookup Tables
Fra:111 Mem:12.59M (Peak 54.73M) | Time:00:00.00 | Mem:0.80M, Peak:0.80M | Scene, ViewLayer | Updating Lights
Fra:111 Mem:12.59M (Peak 54.73M) | Time:00:00.00 | Mem:0.80M, Peak:0.80M | Scene, ViewLayer | Updating Lights | Computing tree
Fra:111 Mem:13.16M (Peak 54.73M) | Time:00:00.02 | Mem:1.37M, Peak:1.37M | Scene, ViewLayer | Updating Integrator
Fra:111 Mem:13.16M (Peak 54.73M) | Time:00:00.02 | Mem:1.37M, Peak:1.37M | Scene, ViewLayer | Updating Film
Fra:111 Mem:13.16M (Peak 54.73M) | Time:00:00.02 | Mem:1.29M, Peak:1.37M | Scene, ViewLayer | Updating Lookup Tables
Fra:111 Mem:13.16M (Peak 54.73M) | Time:00:00.02 | Mem:1.37M, Peak:1.37M | Scene, ViewLayer | Updating Baking
Fra:111 Mem:13.16M (Peak 54.73M) | Time:00:00.02 | Mem:1.37M, Peak:1.37M | Scene, ViewLayer | Updating Device | Writing constant memory
Fra:111 Mem:13.16M (Peak 54.73M) | Time:00:00.02 | Mem:1.37M, Peak:1.37M | Scene, ViewLayer | Sample 0/32
Fra:111 Mem:31.00M (Peak 54.73M) | Time:00:00.47 | Remaining:00:14.00 | Mem:19.17M, Peak:19.17M | Scene, ViewLayer | Sample 1/32
Fra:111 Mem:38.91M (Peak 54.73M) | Time:00:14.44 | Mem:19.17M, Peak:19.17M | Scene, ViewLayer | Sample 32/32
Fra:111 Mem:38.91M (Peak 54.73M) | Time:00:14.44 | Mem:19.17M, Peak:19.17M | Scene, ViewLayer | Finished
Saved: '/home/runner/work/chaosim/chaosim/outputs/renders/paper_to_cloth_frames/frame_0111.png'
Time: 00:14.49 (Saving: 00:00.05)

Fra:112 Mem:14.55M (Peak 54.73M) | Time:00:00.00 | Mem:0.00M, Peak:0.00M | Scene, ViewLayer | Synchronizing object | ClothKey
Fra:112 Mem:14.55M (Peak 54.73M) | Time:00:00.00 | Mem:0.00M, Peak:0.00M | Scene, ViewLayer | Synchronizing object | ClothRim
Fra:112 Mem:14.55M (Peak 54.73M) | Time:00:00.00 | Mem:0.00M, Peak:0.00M | Scene, ViewLayer | Synchronizing object | Rod
Fra:112 Mem:14.55M (Peak 54.73M) | Time:00:00.00 | Mem:0.00M, Peak:0.00M | Scene, ViewLayer | Synchronizing object | FacesLabel
Fra:112 Mem:14.55M (Peak 54.73M) | Time:00:00.00 | Mem:0.00M, Peak:0.00M | Scene, ViewLayer | Synchronizing object | GlassSphere
Fra:112 Mem:15.12M (Peak 54.73M) | Time:00:00.00 | Mem:0.00M, Peak:0.00M | Scene, ViewLayer | Initializing
Fra:112 Mem:12.22M (Peak 54.73M) | Time:00:00.00 | Mem:0.00M, Peak:0.00M | Scene, ViewLayer | Waiting for render to start
Fra:112 Mem:12.22M (Peak 54.73M) | Time:00:00.00 | Mem:0.00M, Peak:0.00M | Scene, ViewLayer | Updating Scene
Fra:112 Mem:12.22M (Peak 54.73M) | Time:00:00.00 | Mem:0.00M, Peak:0.00M | Scene, ViewLayer | Updating Shaders
Fra:112 Mem:12.22M (Peak 54.73M) | Time:00:00.00 | Mem:0.00M, Peak:0.00M | Scene, ViewLayer | Loading render kernels (may take a few minutes the first time)
Fra:112 Mem:12.31M (Peak 54.73M) | Time:00:00.00 | Mem:0.00M, Peak:0.00M | Scene, ViewLayer | Updating Procedurals
Fra:112 Mem:12.31M (Peak 54.73M) | Time:00:00.00 | Mem:0.00M, Peak:0.00M | Scene, ViewLayer | Updating Background
Fra:112 Mem:12.31M (Peak 54.73M) | Time:00:00.00 | Mem:0.00M, Peak:0.00M | Scene, ViewLayer | Updating Camera
Fra:112 Mem:12.31M (Peak 54.73M) | Time:00:00.00 | Mem:0.00M, Peak:0.00M | Scene, ViewLayer | Updating Meshes Flags
Fra:112 Mem:12.31M (Peak 54.73M) | Time:00:00.00 | Mem:0.00M, Peak:0.00M | Scene, ViewLayer | Updating Objects
Fra:112 Mem:12.31M (Peak 54.73M) | Time:00:00.00 | Mem:0.00M, Peak:0.00M | Scene, ViewLayer | Updating Objects | Copying Transformations to device
Fra:112 Mem:12.31M (Peak 54.73M) | Time:00:00.00 | Mem:0.01M, Peak:0.01M | Scene, ViewLayer | Updating Particle Systems
Fra:112 Mem:12.31M (Peak 54.73M) | Time:00:00.00 | Mem:0.01M, Peak:0.01M | Scene, ViewLayer | Updating Particle Systems | Copying Particles to device
Fra:112 Mem:12.31M (Peak 54.73M) | Time:00:00.00 | Mem:0.01M, Peak:0.01M | Scene, ViewLayer | Updating Meshes
Fra:112 Mem:12.31M (Peak 54.73M) | Time:00:00.00 | Mem:0.01M, Peak:0.01M | Scene, ViewLayer | Updating Objects | Applying Static Transformations
Fra:112 Mem:12.31M (Peak 54.73M) | Time:00:00.00 | Mem:0.01M, Peak:0.01M | Scene, ViewLayer | Updating Mesh | Computing attributes
Fra:112 Mem:12.37M (Peak 54.73M) | Time:00:00.00 | Mem:0.01M, Peak:0.01M | Scene, ViewLayer | Updating Mesh | Copying Attributes to device
Fra:112 Mem:12.37M (Peak 54.73M) | Time:00:00.00 | Mem:0.06M, Peak:0.06M | Scene, ViewLayer | Updating Scene BVH | Building
Fra:112 Mem:12.37M (Peak 54.73M) | Time:00:00.00 | Mem:0.06M, Peak:0.06M | Scene, ViewLayer | Updating Scene BVH | Building BVH
Fra:112 Mem:12.37M (Peak 54.73M) | Time:00:00.00 | Mem:0.27M, Peak:0.27M | Scene, ViewLayer | Updating Scene BVH | Building BVH 0%
Fra:112 Mem:12.37M (Peak 54.73M) | Time:00:00.00 | Mem:0.50M, Peak:0.71M | Scene, ViewLayer | Updating Scene BVH | Copying BVH to device
Fra:112 Mem:12.37M (Peak 54.73M) | Time:00:00.00 | Mem:0.50M, Peak:0.71M | Scene, ViewLayer | Updating Mesh | Computing normals
Fra:112 Mem:12.59M (Peak 54.73M) | Time:00:00.00 | Mem:0.50M, Peak:0.71M | Scene, ViewLayer | Updating Mesh | Copying Mesh to device
Fra:112 Mem:12.59M (Peak 54.73M) | Time:00:00.00 | Mem:0.72M, Peak:0.72M | Scene, ViewLayer | Updating Objects Flags
Fra:112 Mem:12.59M (Peak 54.73M) | Time:00:00.00 | Mem:0.72M, Peak:0.72M | Scene, ViewLayer | Updating Primitive Offsets
Fra:112 Mem:12.59M (Peak 54.73M) | Time:00:00.00 | Mem:0.72M, Peak:0.72M | Scene, ViewLayer | Updating Images
Fra:112 Mem:12.59M (Peak 54.73M) | Time:00:00.00 | Mem:0.72M, Peak:0.72M | Scene, ViewLayer | Updating Camera Volume
Fra:112 Mem:12.59M (Peak 54.73M) | Time:00:00.00 | Mem:0.72M, Peak:0.72M | Scene, ViewLayer | Updating Lookup Tables
Fra:112 Mem:12.59M (Peak 54.73M) | Time:00:00.00 | Mem:0.80M, Peak:0.80M | Scene, ViewLayer | Updating Lights
Fra:112 Mem:12.59M (Peak 54.73M) | Time:00:00.00 | Mem:0.80M, Peak:0.80M | Scene, ViewLayer | Updating Lights | Computing tree
Fra:112 Mem:13.16M (Peak 54.73M) | Time:00:00.02 | Mem:1.37M, Peak:1.37M | Scene, ViewLayer | Updating Integrator
Fra:112 Mem:13.16M (Peak 54.73M) | Time:00:00.02 | Mem:1.37M, Peak:1.37M | Scene, ViewLayer | Updating Film
Fra:112 Mem:13.16M (Peak 54.73M) | Time:00:00.02 | Mem:1.29M, Peak:1.37M | Scene, ViewLayer | Updating Lookup Tables
Fra:112 Mem:13.16M (Peak 54.73M) | Time:00:00.02 | Mem:1.37M, Peak:1.37M | Scene, ViewLayer | Updating Baking
Fra:112 Mem:13.16M (Peak 54.73M) | Time:00:00.02 | Mem:1.37M, Peak:1.37M | Scene, ViewLayer | Updating Device | Writing constant memory
Fra:112 Mem:13.16M (Peak 54.73M) | Time:00:00.02 | Mem:1.37M, Peak:1.37M | Scene, ViewLayer | Sample 0/32
Fra:112 Mem:31.00M (Peak 54.73M) | Time:00:00.46 | Remaining:00:13.52 | Mem:19.17M, Peak:19.17M | Scene, ViewLayer | Sample 1/32
Fra:112 Mem:38.91M (Peak 54.73M) | Time:00:13.96 | Mem:19.17M, Peak:19.17M | Scene, ViewLayer | Sample 32/32
Fra:112 Mem:38.91M (Peak 54.73M) | Time:00:13.96 | Mem:19.17M, Peak:19.17M | Scene, ViewLayer | Finished
Saved: '/home/runner/work/chaosim/chaosim/outputs/renders/paper_to_cloth_frames/frame_0112.png'
Time: 00:14.02 (Saving: 00:00.05)

Fra:113 Mem:14.55M (Peak 54.73M) | Time:00:00.00 | Mem:0.00M, Peak:0.00M | Scene, ViewLayer | Synchronizing object | ClothKey
Fra:113 Mem:14.55M (Peak 54.73M) | Time:00:00.00 | Mem:0.00M, Peak:0.00M | Scene, ViewLayer | Synchronizing object | ClothRim
Fra:113 Mem:14.55M (Peak 54.73M) | Time:00:00.00 | Mem:0.00M, Peak:0.00M | Scene, ViewLayer | Synchronizing object | Rod
Fra:113 Mem:14.55M (Peak 54.73M) | Time:00:00.00 | Mem:0.00M, Peak:0.00M | Scene, ViewLayer | Synchronizing object | Sheet
Fra:113 Mem:14.57M (Peak 54.73M) | Time:00:00.00 | Mem:0.00M, Peak:0.00M | Scene, ViewLayer | Synchronizing object | FacesLabel
Fra:113 Mem:14.59M (Peak 54.73M) | Time:00:00.00 | Mem:0.00M, Peak:0.00M | Scene, ViewLayer | Synchronizing object | GlassSphere
Fra:113 Mem:15.12M (Peak 54.73M) | Time:00:00.00 | Mem:0.00M, Peak:0.00M | Scene, ViewLayer | Initializing
Fra:113 Mem:12.22M (Peak 54.73M) | Time:00:00.00 | Mem:0.00M, Peak:0.00M | Scene, ViewLayer | Waiting for render to start
Fra:113 Mem:12.22M (Peak 54.73M) | Time:00:00.00 | Mem:0.00M, Peak:0.00M | Scene, ViewLayer | Updating Scene
Fra:113 Mem:12.22M (Peak 54.73M) | Time:00:00.00 | Mem:0.00M, Peak:0.00M | Scene, ViewLayer | Updating Shaders
Fra:113 Mem:12.22M (Peak 54.73M) | Time:00:00.00 | Mem:0.00M, Peak:0.00M | Scene, ViewLayer | Loading render kernels (may take a few minutes the first time)
Fra:113 Mem:12.31M (Peak 54.73M) | Time:00:00.00 | Mem:0.00M, Peak:0.00M | Scene, ViewLayer | Updating Procedurals
Fra:113 Mem:12.31M (Peak 54.73M) | Time:00:00.00 | Mem:0.00M, Peak:0.00M | Scene, ViewLayer | Updating Background
Fra:113 Mem:12.31M (Peak 54.73M) | Time:00:00.00 | Mem:0.00M, Peak:0.00M | Scene, ViewLayer | Updating Camera
Fra:113 Mem:12.31M (Peak 54.73M) | Time:00:00.00 | Mem:0.00M, Peak:0.00M | Scene, ViewLayer | Updating Meshes Flags
Fra:113 Mem:12.31M (Peak 54.73M) | Time:00:00.00 | Mem:0.00M, Peak:0.00M | Scene, ViewLayer | Updating Objects
Fra:113 Mem:12.31M (Peak 54.73M) | Time:00:00.00 | Mem:0.00M, Peak:0.00M | Scene, ViewLayer | Updating Objects | Copying Transformations to device
Fra:113 Mem:12.31M (Peak 54.73M) | Time:00:00.00 | Mem:0.01M, Peak:0.01M | Scene, ViewLayer | Updating Particle Systems
Fra:113 Mem:12.31M (Peak 54.73M) | Time:00:00.00 | Mem:0.01M, Peak:0.01M | Scene, ViewLayer | Updating Particle Systems | Copying Particles to device
Fra:113 Mem:12.31M (Peak 54.73M) | Time:00:00.00 | Mem:0.01M, Peak:0.01M | Scene, ViewLayer | Updating Meshes
Fra:113 Mem:12.31M (Peak 54.73M) | Time:00:00.00 | Mem:0.01M, Peak:0.01M | Scene, ViewLayer | Updating Objects | Applying Static Transformations
Fra:113 Mem:12.31M (Peak 54.73M) | Time:00:00.00 | Mem:0.01M, Peak:0.01M | Scene, ViewLayer | Updating Mesh | Computing attributes
Fra:113 Mem:12.37M (Peak 54.73M) | Time:00:00.00 | Mem:0.01M, Peak:0.01M | Scene, ViewLayer | Updating Mesh | Copying Attributes to device
Fra:113 Mem:12.37M (Peak 54.73M) | Time:00:00.00 | Mem:0.06M, Peak:0.06M | Scene, ViewLayer | Updating Scene BVH | Building
Fra:113 Mem:12.37M (Peak 54.73M) | Time:00:00.00 | Mem:0.06M, Peak:0.06M | Scene, ViewLayer | Updating Scene BVH | Building BVH
Fra:113 Mem:12.37M (Peak 54.73M) | Time:00:00.00 | Mem:0.27M, Peak:0.27M | Scene, ViewLayer | Updating Scene BVH | Building BVH 0%
Fra:113 Mem:12.37M (Peak 54.73M) | Time:00:00.00 | Mem:0.50M, Peak:0.71M | Scene, ViewLayer | Updating Scene BVH | Copying BVH to device
Fra:113 Mem:12.37M (Peak 54.73M) | Time:00:00.00 | Mem:0.50M, Peak:0.71M | Scene, ViewLayer | Updating Mesh | Computing normals
Fra:113 Mem:12.59M (Peak 54.73M) | Time:00:00.00 | Mem:0.50M, Peak:0.71M | Scene, ViewLayer | Updating Mesh | Copying Mesh to device
Fra:113 Mem:12.59M (Peak 54.73M) | Time:00:00.00 | Mem:0.72M, Peak:0.72M | Scene, ViewLayer | Updating Objects Flags
Fra:113 Mem:12.59M (Peak 54.73M) | Time:00:00.00 | Mem:0.72M, Peak:0.72M | Scene, ViewLayer | Updating Primitive Offsets
Fra:113 Mem:12.59M (Peak 54.73M) | Time:00:00.00 | Mem:0.72M, Peak:0.72M | Scene, ViewLayer | Updating Images
Fra:113 Mem:12.59M (Peak 54.73M) | Time:00:00.00 | Mem:0.72M, Peak:0.72M | Scene, ViewLayer | Updating Camera Volume
Fra:113 Mem:12.59M (Peak 54.73M) | Time:00:00.00 | Mem:0.72M, Peak:0.72M | Scene, ViewLayer | Updating Lookup Tables
Fra:113 Mem:12.59M (Peak 54.73M) | Time:00:00.00 | Mem:0.80M, Peak:0.80M | Scene, ViewLayer | Updating Lights
Fra:113 Mem:12.59M (Peak 54.73M) | Time:00:00.00 | Mem:0.80M, Peak:0.80M | Scene, ViewLayer | Updating Lights | Computing tree
Fra:113 Mem:13.16M (Peak 54.73M) | Time:00:00.02 | Mem:1.37M, Peak:1.37M | Scene, ViewLayer | Updating Integrator
Fra:113 Mem:13.16M (Peak 54.73M) | Time:00:00.02 | Mem:1.37M, Peak:1.37M | Scene, ViewLayer | Updating Film
Fra:113 Mem:13.16M (Peak 54.73M) | Time:00:00.02 | Mem:1.29M, Peak:1.37M | Scene, ViewLayer | Updating Lookup Tables
Fra:113 Mem:13.16M (Peak 54.73M) | Time:00:00.02 | Mem:1.37M, Peak:1.37M | Scene, ViewLayer | Updating Baking
Fra:113 Mem:13.16M (Peak 54.73M) | Time:00:00.02 | Mem:1.37M, Peak:1.37M | Scene, ViewLayer | Updating Device | Writing constant memory
Fra:113 Mem:13.16M (Peak 54.73M) | Time:00:00.02 | Mem:1.37M, Peak:1.37M | Scene, ViewLayer | Sample 0/32
Fra:113 Mem:31.00M (Peak 54.73M) | Time:00:00.44 | Remaining:00:13.09 | Mem:19.17M, Peak:19.17M | Scene, ViewLayer | Sample 1/32
Fra:113 Mem:38.91M (Peak 54.73M) | Time:00:13.53 | Mem:19.17M, Peak:19.17M | Scene, ViewLayer | Sample 32/32
Fra:113 Mem:38.91M (Peak 54.73M) | Time:00:13.53 | Mem:19.17M, Peak:19.17M | Scene, ViewLayer | Finished
Saved: '/home/runner/work/chaosim/chaosim/outputs/renders/paper_to_cloth_frames/frame_0113.png'
Time: 00:13.58 (Saving: 00:00.05)

Fra:114 Mem:14.55M (Peak 54.73M) | Time:00:00.00 | Mem:0.00M, Peak:0.00M | Scene, ViewLayer | Synchronizing object | ClothKey
Fra:114 Mem:14.55M (Peak 54.73M) | Time:00:00.00 | Mem:0.00M, Peak:0.00M | Scene, ViewLayer | Synchronizing object | ClothRim
Fra:114 Mem:14.55M (Peak 54.73M) | Time:00:00.00 | Mem:0.00M, Peak:0.00M | Scene, ViewLayer | Synchronizing object | Rod
Fra:114 Mem:14.55M (Peak 54.73M) | Time:00:00.00 | Mem:0.00M, Peak:0.00M | Scene, ViewLayer | Synchronizing object | Sheet
Fra:114 Mem:14.55M (Peak 54.73M) | Time:00:00.00 | Mem:0.00M, Peak:0.00M | Scene, ViewLayer | Synchronizing object | GlassSphere
Fra:114 Mem:15.12M (Peak 54.73M) | Time:00:00.00 | Mem:0.00M, Peak:0.00M | Scene, ViewLayer | Initializing
Fra:114 Mem:12.22M (Peak 54.73M) | Time:00:00.00 | Mem:0.00M, Peak:0.00M | Scene, ViewLayer | Waiting for render to start
Fra:114 Mem:12.22M (Peak 54.73M) | Time:00:00.00 | Mem:0.00M, Peak:0.00M | Scene, ViewLayer | Updating Scene
Fra:114 Mem:12.22M (Peak 54.73M) | Time:00:00.00 | Mem:0.00M, Peak:0.00M | Scene, ViewLayer | Updating Shaders
Fra:114 Mem:12.22M (Peak 54.73M) | Time:00:00.00 | Mem:0.00M, Peak:0.00M | Scene, ViewLayer | Loading render kernels (may take a few minutes the first time)
Fra:114 Mem:12.31M (Peak 54.73M) | Time:00:00.00 | Mem:0.00M, Peak:0.00M | Scene, ViewLayer | Updating Procedurals
Fra:114 Mem:12.31M (Peak 54.73M) | Time:00:00.00 | Mem:0.00M, Peak:0.00M | Scene, ViewLayer | Updating Background
Fra:114 Mem:12.31M (Peak 54.73M) | Time:00:00.00 | Mem:0.00M, Peak:0.00M | Scene, ViewLayer | Updating Camera
Fra:114 Mem:12.31M (Peak 54.73M) | Time:00:00.00 | Mem:0.00M, Peak:0.00M | Scene, ViewLayer | Updating Meshes Flags
Fra:114 Mem:12.31M (Peak 54.73M) | Time:00:00.00 | Mem:0.00M, Peak:0.00M | Scene, ViewLayer | Updating Objects
Fra:114 Mem:12.31M (Peak 54.73M) | Time:00:00.00 | Mem:0.00M, Peak:0.00M | Scene, ViewLayer | Updating Objects | Copying Transformations to device
Fra:114 Mem:12.31M (Peak 54.73M) | Time:00:00.00 | Mem:0.01M, Peak:0.01M | Scene, ViewLayer | Updating Particle Systems
Fra:114 Mem:12.31M (Peak 54.73M) | Time:00:00.00 | Mem:0.01M, Peak:0.01M | Scene, ViewLayer | Updating Particle Systems | Copying Particles to device
Fra:114 Mem:12.31M (Peak 54.73M) | Time:00:00.00 | Mem:0.01M, Peak:0.01M | Scene, ViewLayer | Updating Meshes
Fra:114 Mem:12.31M (Peak 54.73M) | Time:00:00.00 | Mem:0.01M, Peak:0.01M | Scene, ViewLayer | Updating Objects | Applying Static Transformations
Fra:114 Mem:12.31M (Peak 54.73M) | Time:00:00.00 | Mem:0.01M, Peak:0.01M | Scene, ViewLayer | Updating Mesh | Computing attributes
Fra:114 Mem:12.37M (Peak 54.73M) | Time:00:00.00 | Mem:0.01M, Peak:0.01M | Scene, ViewLayer | Updating Mesh | Copying Attributes to device
Fra:114 Mem:12.37M (Peak 54.73M) | Time:00:00.00 | Mem:0.06M, Peak:0.06M | Scene, ViewLayer | Updating Scene BVH | Building
Fra:114 Mem:12.37M (Peak 54.73M) | Time:00:00.00 | Mem:0.06M, Peak:0.06M | Scene, ViewLayer | Updating Scene BVH | Building BVH
Fra:114 Mem:12.37M (Peak 54.73M) | Time:00:00.00 | Mem:0.27M, Peak:0.27M | Scene, ViewLayer | Updating Scene BVH | Building BVH 0%
Fra:114 Mem:12.37M (Peak 54.73M) | Time:00:00.00 | Mem:0.50M, Peak:0.71M | Scene, ViewLayer | Updating Scene BVH | Copying BVH to device
Fra:114 Mem:12.37M (Peak 54.73M) | Time:00:00.00 | Mem:0.50M, Peak:0.71M | Scene, ViewLayer | Updating Mesh | Computing normals
Fra:114 Mem:12.59M (Peak 54.73M) | Time:00:00.00 | Mem:0.50M, Peak:0.71M | Scene, ViewLayer | Updating Mesh | Copying Mesh to device
Fra:114 Mem:12.59M (Peak 54.73M) | Time:00:00.00 | Mem:0.72M, Peak:0.72M | Scene, ViewLayer | Updating Objects Flags
Fra:114 Mem:12.59M (Peak 54.73M) | Time:00:00.00 | Mem:0.72M, Peak:0.72M | Scene, ViewLayer | Updating Primitive Offsets
Fra:114 Mem:12.59M (Peak 54.73M) | Time:00:00.00 | Mem:0.72M, Peak:0.72M | Scene, ViewLayer | Updating Images
Fra:114 Mem:12.59M (Peak 54.73M) | Time:00:00.00 | Mem:0.72M, Peak:0.72M | Scene, ViewLayer | Updating Camera Volume
Fra:114 Mem:12.59M (Peak 54.73M) | Time:00:00.00 | Mem:0.72M, Peak:0.72M | Scene, ViewLayer | Updating Lookup Tables
Fra:114 Mem:12.59M (Peak 54.73M) | Time:00:00.00 | Mem:0.80M, Peak:0.80M | Scene, ViewLayer | Updating Lights
Fra:114 Mem:12.59M (Peak 54.73M) | Time:00:00.00 | Mem:0.80M, Peak:0.80M | Scene, ViewLayer | Updating Lights | Computing tree
Fra:114 Mem:13.16M (Peak 54.73M) | Time:00:00.02 | Mem:1.37M, Peak:1.37M | Scene, ViewLayer | Updating Integrator
Fra:114 Mem:13.16M (Peak 54.73M) | Time:00:00.02 | Mem:1.37M, Peak:1.37M | Scene, ViewLayer | Updating Film
Fra:114 Mem:13.16M (Peak 54.73M) | Time:00:00.02 | Mem:1.29M, Peak:1.37M | Scene, ViewLayer | Updating Lookup Tables
Fra:114 Mem:13.16M (Peak 54.73M) | Time:00:00.02 | Mem:1.37M, Peak:1.37M | Scene, ViewLayer | Updating Baking
Fra:114 Mem:13.16M (Peak 54.73M) | Time:00:00.02 | Mem:1.37M, Peak:1.37M | Scene, ViewLayer | Updating Device | Writing constant memory
Fra:114 Mem:13.16M (Peak 54.73M) | Time:00:00.02 | Mem:1.37M, Peak:1.37M | Scene, ViewLayer | Sample 0/32
Fra:114 Mem:31.00M (Peak 54.73M) | Time:00:00.43 | Remaining:00:12.72 | Mem:19.17M, Peak:19.17M | Scene, ViewLayer | Sample 1/32
Fra:114 Mem:38.91M (Peak 54.73M) | Time:00:13.20 | Mem:19.17M, Peak:19.17M | Scene, ViewLayer | Sample 32/32
Fra:114 Mem:38.91M (Peak 54.73M) | Time:00:13.20 | Mem:19.17M, Peak:19.17M | Scene, ViewLayer | Finished
Saved: '/home/runner/work/chaosim/chaosim/outputs/renders/paper_to_cloth_frames/frame_0114.png'
Time: 00:13.25 (Saving: 00:00.05)

Fra:115 Mem:14.55M (Peak 54.73M) | Time:00:00.00 | Mem:0.00M, Peak:0.00M | Scene, ViewLayer | Synchronizing object | ClothKey
Fra:115 Mem:14.55M (Peak 54.73M) | Time:00:00.00 | Mem:0.00M, Peak:0.00M | Scene, ViewLayer | Synchronizing object | ClothFill
Fra:115 Mem:14.55M (Peak 54.73M) | Time:00:00.00 | Mem:0.00M, Peak:0.00M | Scene, ViewLayer | Synchronizing object | ClothRim
Fra:115 Mem:14.55M (Peak 54.73M) | Time:00:00.00 | Mem:0.00M, Peak:0.00M | Scene, ViewLayer | Synchronizing object | Rod
Fra:115 Mem:14.55M (Peak 54.73M) | Time:00:00.00 | Mem:0.00M, Peak:0.00M | Scene, ViewLayer | Synchronizing object | Sheet
Fra:115 Mem:14.57M (Peak 54.73M) | Time:00:00.00 | Mem:0.00M, Peak:0.00M | Scene, ViewLayer | Synchronizing object | FacesLabel
Fra:115 Mem:14.62M (Peak 54.73M) | Time:00:00.00 | Mem:0.00M, Peak:0.00M | Scene, ViewLayer | Synchronizing object | GlassSphere
Fra:115 Mem:15.12M (Peak 54.73M) | Time:00:00.00 | Mem:0.00M, Peak:0.00M | Scene, ViewLayer | Initializing
Fra:115 Mem:12.22M (Peak 54.73M) | Time:00:00.00 | Mem:0.00M, Peak:0.00M | Scene, ViewLayer | Waiting for render to start
Fra:115 Mem:12.22M (Peak 54.73M) | Time:00:00.00 | Mem:0.00M, Peak:0.00M | Scene, ViewLayer | Updating Scene
Fra:115 Mem:12.22M (Peak 54.73M) | Time:00:00.00 | Mem:0.00M, Peak:0.00M | Scene, ViewLayer | Updating Shaders
Fra:115 Mem:12.22M (Peak 54.73M) | Time:00:00.00 | Mem:0.00M, Peak:0.00M | Scene, ViewLayer | Loading render kernels (may take a few minutes the first time)
Fra:115 Mem:12.31M (Peak 54.73M) | Time:00:00.00 | Mem:0.00M, Peak:0.00M | Scene, ViewLayer | Updating Procedurals
Fra:115 Mem:12.31M (Peak 54.73M) | Time:00:00.00 | Mem:0.00M, Peak:0.00M | Scene, ViewLayer | Updating Background
Fra:115 Mem:12.31M (Peak 54.73M) | Time:00:00.00 | Mem:0.00M, Peak:0.00M | Scene, ViewLayer | Updating Camera
Fra:115 Mem:12.31M (Peak 54.73M) | Time:00:00.00 | Mem:0.00M, Peak:0.00M | Scene, ViewLayer | Updating Meshes Flags
Fra:115 Mem:12.31M (Peak 54.73M) | Time:00:00.00 | Mem:0.00M, Peak:0.00M | Scene, ViewLayer | Updating Objects
Fra:115 Mem:12.31M (Peak 54.73M) | Time:00:00.00 | Mem:0.00M, Peak:0.00M | Scene, ViewLayer | Updating Objects | Copying Transformations to device
Fra:115 Mem:12.31M (Peak 54.73M) | Time:00:00.00 | Mem:0.01M, Peak:0.01M | Scene, ViewLayer | Updating Particle Systems
Fra:115 Mem:12.31M (Peak 54.73M) | Time:00:00.00 | Mem:0.01M, Peak:0.01M | Scene, ViewLayer | Updating Particle Systems | Copying Particles to device
Fra:115 Mem:12.31M (Peak 54.73M) | Time:00:00.00 | Mem:0.01M, Peak:0.01M | Scene, ViewLayer | Updating Meshes
Fra:115 Mem:12.31M (Peak 54.73M) | Time:00:00.00 | Mem:0.01M, Peak:0.01M | Scene, ViewLayer | Updating Objects | Applying Static Transformations
Fra:115 Mem:12.31M (Peak 54.73M) | Time:00:00.00 | Mem:0.01M, Peak:0.01M | Scene, ViewLayer | Updating Mesh | Computing attributes
Fra:115 Mem:12.37M (Peak 54.73M) | Time:00:00.00 | Mem:0.01M, Peak:0.01M | Scene, ViewLayer | Updating Mesh | Copying Attributes to device
Fra:115 Mem:12.37M (Peak 54.73M) | Time:00:00.00 | Mem:0.06M, Peak:0.06M | Scene, ViewLayer | Updating Scene BVH | Building
Fra:115 Mem:12.37M (Peak 54.73M) | Time:00:00.00 | Mem:0.06M, Peak:0.06M | Scene, ViewLayer | Updating Scene BVH | Building BVH
Fra:115 Mem:12.37M (Peak 54.73M) | Time:00:00.00 | Mem:0.27M, Peak:0.27M | Scene, ViewLayer | Updating Scene BVH | Building BVH 0%
Fra:115 Mem:12.37M (Peak 54.73M) | Time:00:00.00 | Mem:0.50M, Peak:0.71M | Scene, ViewLayer | Updating Scene BVH | Copying BVH to device
Fra:115 Mem:12.37M (Peak 54.73M) | Time:00:00.00 | Mem:0.50M, Peak:0.71M | Scene, ViewLayer | Updating Mesh | Computing normals
Fra:115 Mem:12.59M (Peak 54.73M) | Time:00:00.00 | Mem:0.50M, Peak:0.71M | Scene, ViewLayer | Updating Mesh | Copying Mesh to device
Fra:115 Mem:12.59M (Peak 54.73M) | Time:00:00.00 | Mem:0.72M, Peak:0.72M | Scene, ViewLayer | Updating Objects Flags
Fra:115 Mem:12.59M (Peak 54.73M) | Time:00:00.00 | Mem:0.72M, Peak:0.72M | Scene, ViewLayer | Updating Primitive Offsets
Fra:115 Mem:12.59M (Peak 54.73M) | Time:00:00.00 | Mem:0.72M, Peak:0.72M | Scene, ViewLayer | Updating Images
Fra:115 Mem:12.59M (Peak 54.73M) | Time:00:00.00 | Mem:0.72M, Peak:0.72M | Scene, ViewLayer | Updating Camera Volume
Fra:115 Mem:12.59M (Peak 54.73M) | Time:00:00.00 | Mem:0.72M, Peak:0.72M | Scene, ViewLayer | Updating Lookup Tables
Fra:115 Mem:12.59M (Peak 54.73M) | Time:00:00.00 | Mem:0.80M, Peak:0.80M | Scene, ViewLayer | Updating Lights
Fra:115 Mem:12.59M (Peak 54.73M) | Time:00:00.00 | Mem:0.80M, Peak:0.80M | Scene, ViewLayer | Updating Lights | Computing tree
Fra:115 Mem:13.16M (Peak 54.73M) | Time:00:00.02 | Mem:1.37M, Peak:1.37M | Scene, ViewLayer | Updating Integrator
Fra:115 Mem:13.16M (Peak 54.73M) | Time:00:00.02 | Mem:1.37M, Peak:1.37M | Scene, ViewLayer | Updating Film
Fra:115 Mem:13.16M (Peak 54.73M) | Time:00:00.02 | Mem:1.29M, Peak:1.37M | Scene, ViewLayer | Updating Lookup Tables
Fra:115 Mem:13.16M (Peak 54.73M) | Time:00:00.02 | Mem:1.37M, Peak:1.37M | Scene, ViewLayer | Updating Baking
Fra:115 Mem:13.16M (Peak 54.73M) | Time:00:00.02 | Mem:1.37M, Peak:1.37M | Scene, ViewLayer | Updating Device | Writing constant memory
Fra:115 Mem:13.16M (Peak 54.73M) | Time:00:00.02 | Mem:1.37M, Peak:1.37M | Scene, ViewLayer | Sample 0/32
Fra:115 Mem:31.00M (Peak 54.73M) | Time:00:00.42 | Remaining:00:12.50 | Mem:19.17M, Peak:19.17M | Scene, ViewLayer | Sample 1/32
Fra:115 Mem:38.91M (Peak 54.73M) | Time:00:12.85 | Mem:19.17M, Peak:19.17M | Scene, ViewLayer | Sample 32/32
Fra:115 Mem:38.91M (Peak 54.73M) | Time:00:12.85 | Mem:19.17M, Peak:19.17M | Scene, ViewLayer | Finished
Saved: '/home/runner/work/chaosim/chaosim/outputs/renders/paper_to_cloth_frames/frame_0115.png'
Time: 00:12.91 (Saving: 00:00.05)

Fra:116 Mem:14.55M (Peak 54.73M) | Time:00:00.00 | Mem:0.00M, Peak:0.00M | Scene, ViewLayer | Synchronizing object | ClothKey
Fra:116 Mem:14.55M (Peak 54.73M) | Time:00:00.00 | Mem:0.00M, Peak:0.00M | Scene, ViewLayer | Synchronizing object | ClothRim
Fra:116 Mem:14.55M (Peak 54.73M) | Time:00:00.00 | Mem:0.00M, Peak:0.00M | Scene, ViewLayer | Synchronizing object | FacesLabel
Fra:116 Mem:14.55M (Peak 54.73M) | Time:00:00.00 | Mem:0.00M, Peak:0.00M | Scene, ViewLayer | Synchronizing object | Sheet
Fra:116 Mem:14.94M (Peak 54.73M) | Time:00:00.00 | Mem:0.00M, Peak:0.00M | Scene, ViewLayer | Synchronizing object | GlassSphere
Fra:116 Mem:15.12M (Peak 54.73M) | Time:00:00.00 | Mem:0.00M, Peak:0.00M | Scene, ViewLayer | Initializing
Fra:116 Mem:12.22M (Peak 54.73M) | Time:00:00.00 | Mem:0.00M, Peak:0.00M | Scene, ViewLayer | Waiting for render to start
Fra:116 Mem:12.22M (Peak 54.73M) | Time:00:00.00 | Mem:0.00M, Peak:0.00M | Scene, ViewLayer | Updating Scene
Fra:116 Mem:12.22M (Peak 54.73M) | Time:00:00.00 | Mem:0.00M, Peak:0.00M | Scene, ViewLayer | Updating Shaders
Fra:116 Mem:12.22M (Peak 54.73M) | Time:00:00.00 | Mem:0.00M, Peak:0.00M | Scene, ViewLayer | Loading render kernels (may take a few minutes the first time)
Fra:116 Mem:12.31M (Peak 54.73M) | Time:00:00.00 | Mem:0.00M, Peak:0.00M | Scene, ViewLayer | Updating Procedurals
Fra:116 Mem:12.31M (Peak 54.73M) | Time:00:00.00 | Mem:0.00M, Peak:0.00M | Scene, ViewLayer | Updating Background
Fra:116 Mem:12.31M (Peak 54.73M) | Time:00:00.00 | Mem:0.00M, Peak:0.00M | Scene, ViewLayer | Updating Camera
Fra:116 Mem:12.31M (Peak 54.73M) | Time:00:00.00 | Mem:0.00M, Peak:0.00M | Scene, ViewLayer | Updating Meshes Flags
Fra:116 Mem:12.31M (Peak 54.73M) | Time:00:00.00 | Mem:0.00M, Peak:0.00M | Scene, ViewLayer | Updating Objects
Fra:116 Mem:12.31M (Peak 54.73M) | Time:00:00.00 | Mem:0.00M, Peak:0.00M | Scene, ViewLayer | Updating Objects | Copying Transformations to device
Fra:116 Mem:12.31M (Peak 54.73M) | Time:00:00.00 | Mem:0.01M, Peak:0.01M | Scene, ViewLayer | Updating Particle Systems
Fra:116 Mem:12.31M (Peak 54.73M) | Time:00:00.00 | Mem:0.01M, Peak:0.01M | Scene, ViewLayer | Updating Particle Systems | Copying Particles to device
Fra:116 Mem:12.31M (Peak 54.73M) | Time:00:00.00 | Mem:0.01M, Peak:0.01M | Scene, ViewLayer | Updating Meshes
Fra:116 Mem:12.31M (Peak 54.73M) | Time:00:00.00 | Mem:0.01M, Peak:0.01M | Scene, ViewLayer | Updating Objects | Applying Static Transformations
Fra:116 Mem:12.31M (Peak 54.73M) | Time:00:00.00 | Mem:0.01M, Peak:0.01M | Scene, ViewLayer | Updating Mesh | Computing attributes
Fra:116 Mem:12.37M (Peak 54.73M) | Time:00:00.00 | Mem:0.01M, Peak:0.01M | Scene, ViewLayer | Updating Mesh | Copying Attributes to device
Fra:116 Mem:12.37M (Peak 54.73M) | Time:00:00.00 | Mem:0.06M, Peak:0.06M | Scene, ViewLayer | Updating Scene BVH | Building
Fra:116 Mem:12.37M (Peak 54.73M) | Time:00:00.00 | Mem:0.06M, Peak:0.06M | Scene, ViewLayer | Updating Scene BVH | Building BVH
Fra:116 Mem:12.37M (Peak 54.73M) | Time:00:00.00 | Mem:0.27M, Peak:0.27M | Scene, ViewLayer | Updating Scene BVH | Building BVH 0%
Fra:116 Mem:12.37M (Peak 54.73M) | Time:00:00.00 | Mem:0.50M, Peak:0.71M | Scene, ViewLayer | Updating Scene BVH | Copying BVH to device
Fra:116 Mem:12.37M (Peak 54.73M) | Time:00:00.00 | Mem:0.50M, Peak:0.71M | Scene, ViewLayer | Updating Mesh | Computing normals
Fra:116 Mem:12.59M (Peak 54.73M) | Time:00:00.00 | Mem:0.50M, Peak:0.71M | Scene, ViewLayer | Updating Mesh | Copying Mesh to device
Fra:116 Mem:12.59M (Peak 54.73M) | Time:00:00.00 | Mem:0.72M, Peak:0.72M | Scene, ViewLayer | Updating Objects Flags
Fra:116 Mem:12.59M (Peak 54.73M) | Time:00:00.00 | Mem:0.72M, Peak:0.72M | Scene, ViewLayer | Updating Primitive Offsets
Fra:116 Mem:12.59M (Peak 54.73M) | Time:00:00.00 | Mem:0.72M, Peak:0.72M | Scene, ViewLayer | Updating Images
Fra:116 Mem:12.59M (Peak 54.73M) | Time:00:00.00 | Mem:0.72M, Peak:0.72M | Scene, ViewLayer | Updating Camera Volume
Fra:116 Mem:12.59M (Peak 54.73M) | Time:00:00.00 | Mem:0.72M, Peak:0.72M | Scene, ViewLayer | Updating Lookup Tables
Fra:116 Mem:12.59M (Peak 54.73M) | Time:00:00.00 | Mem:0.80M, Peak:0.80M | Scene, ViewLayer | Updating Lights
Fra:116 Mem:12.59M (Peak 54.73M) | Time:00:00.00 | Mem:0.80M, Peak:0.80M | Scene, ViewLayer | Updating Lights | Computing tree
Fra:116 Mem:13.16M (Peak 54.73M) | Time:00:00.02 | Mem:1.37M, Peak:1.37M | Scene, ViewLayer | Updating Integrator
Fra:116 Mem:13.16M (Peak 54.73M) | Time:00:00.02 | Mem:1.37M, Peak:1.37M | Scene, ViewLayer | Updating Film
Fra:116 Mem:13.16M (Peak 54.73M) | Time:00:00.02 | Mem:1.29M, Peak:1.37M | Scene, ViewLayer | Updating Lookup Tables
Fra:116 Mem:13.16M (Peak 54.73M) | Time:00:00.02 | Mem:1.37M, Peak:1.37M | Scene, ViewLayer | Updating Baking
Fra:116 Mem:13.16M (Peak 54.73M) | Time:00:00.02 | Mem:1.37M, Peak:1.37M | Scene, ViewLayer | Updating Device | Writing constant memory
Fra:116 Mem:13.16M (Peak 54.73M) | Time:00:00.02 | Mem:1.37M, Peak:1.37M | Scene, ViewLayer | Sample 0/32
Fra:116 Mem:31.00M (Peak 54.73M) | Time:00:00.41 | Remaining:00:11.95 | Mem:19.17M, Peak:19.17M | Scene, ViewLayer | Sample 1/32
Fra:116 Mem:38.91M (Peak 54.73M) | Time:00:12.34 | Mem:19.17M, Peak:19.17M | Scene, ViewLayer | Sample 32/32
Fra:116 Mem:38.91M (Peak 54.73M) | Time:00:12.34 | Mem:19.17M, Peak:19.17M | Scene, ViewLayer | Finished
Saved: '/home/runner/work/chaosim/chaosim/outputs/renders/paper_to_cloth_frames/frame_0116.png'
Time: 00:12.40 (Saving: 00:00.05)

Fra:117 Mem:14.55M (Peak 54.73M) | Time:00:00.00 | Mem:0.00M, Peak:0.00M | Scene, ViewLayer | Synchronizing object | ClothKey
Fra:117 Mem:14.55M (Peak 54.73M) | Time:00:00.00 | Mem:0.00M, Peak:0.00M | Scene, ViewLayer | Synchronizing object | ClothRim
Fra:117 Mem:14.55M (Peak 54.73M) | Time:00:00.00 | Mem:0.00M, Peak:0.00M | Scene, ViewLayer | Synchronizing object | Rod
Fra:117 Mem:14.55M (Peak 54.73M) | Time:00:00.00 | Mem:0.00M, Peak:0.00M | Scene, ViewLayer | Synchronizing object | Sheet
Fra:117 Mem:14.57M (Peak 54.73M) | Time:00:00.00 | Mem:0.00M, Peak:0.00M | Scene, ViewLayer | Synchronizing object | FacesLabel
Fra:117 Mem:14.61M (Peak 54.73M) | Time:00:00.00 | Mem:0.00M, Peak:0.00M | Scene, ViewLayer | Synchronizing object | GlassSphere
Fra:117 Mem:15.12M (Peak 54.73M) | Time:00:00.00 | Mem:0.00M, Peak:0.00M | Scene, ViewLayer | Initializing
Fra:117 Mem:12.22M (Peak 54.73M) | Time:00:00.00 | Mem:0.00M, Peak:0.00M | Scene, ViewLayer | Waiting for render to start
Fra:117 Mem:12.22M (Peak 54.73M) | Time:00:00.00 | Mem:0.00M, Peak:0.00M | Scene, ViewLayer | Updating Scene
Fra:117 Mem:12.22M (Peak 54.73M) | Time:00:00.00 | Mem:0.00M, Peak:0.00M | Scene, ViewLayer | Updating Shaders
Fra:117 Mem:12.22M (Peak 54.73M) | Time:00:00.00 | Mem:0.00M, Peak:0.00M | Scene, ViewLayer | Loading render kernels (may take a few minutes the first time)
Fra:117 Mem:12.31M (Peak 54.73M) | Time:00:00.00 | Mem:0.00M, Peak:0.00M | Scene, ViewLayer | Updating Procedurals
Fra:117 Mem:12.31M (Peak 54.73M) | Time:00:00.00 | Mem:0.00M, Peak:0.00M | Scene, ViewLayer | Updating Background
Fra:117 Mem:12.31M (Peak 54.73M) | Time:00:00.00 | Mem:0.00M, Peak:0.00M | Scene, ViewLayer | Updating Camera
Fra:117 Mem:12.31M (Peak 54.73M) | Time:00:00.00 | Mem:0.00M, Peak:0.00M | Scene, ViewLayer | Updating Meshes Flags
Fra:117 Mem:12.31M (Peak 54.73M) | Time:00:00.00 | Mem:0.00M, Peak:0.00M | Scene, ViewLayer | Updating Objects
Fra:117 Mem:12.31M (Peak 54.73M) | Time:00:00.00 | Mem:0.00M, Peak:0.00M | Scene, ViewLayer | Updating Objects | Copying Transformations to device
Fra:117 Mem:12.31M (Peak 54.73M) | Time:00:00.00 | Mem:0.01M, Peak:0.01M | Scene, ViewLayer | Updating Particle Systems
Fra:117 Mem:12.31M (Peak 54.73M) | Time:00:00.00 | Mem:0.01M, Peak:0.01M | Scene, ViewLayer | Updating Particle Systems | Copying Particles to device
Fra:117 Mem:12.31M (Peak 54.73M) | Time:00:00.00 | Mem:0.01M, Peak:0.01M | Scene, ViewLayer | Updating Meshes
Fra:117 Mem:12.31M (Peak 54.73M) | Time:00:00.00 | Mem:0.01M, Peak:0.01M | Scene, ViewLayer | Updating Objects | Applying Static Transformations
Fra:117 Mem:12.31M (Peak 54.73M) | Time:00:00.00 | Mem:0.01M, Peak:0.01M | Scene, ViewLayer | Updating Mesh | Computing attributes
Fra:117 Mem:12.37M (Peak 54.73M) | Time:00:00.00 | Mem:0.01M, Peak:0.01M | Scene, ViewLayer | Updating Mesh | Copying Attributes to device
Fra:117 Mem:12.37M (Peak 54.73M) | Time:00:00.00 | Mem:0.06M, Peak:0.06M | Scene, ViewLayer | Updating Scene BVH | Building
Fra:117 Mem:12.37M (Peak 54.73M) | Time:00:00.00 | Mem:0.06M, Peak:0.06M | Scene, ViewLayer | Updating Scene BVH | Building BVH
Fra:117 Mem:12.37M (Peak 54.73M) | Time:00:00.00 | Mem:0.27M, Peak:0.27M | Scene, ViewLayer | Updating Scene BVH | Building BVH 0%
Fra:117 Mem:12.37M (Peak 54.73M) | Time:00:00.00 | Mem:0.50M, Peak:0.71M | Scene, ViewLayer | Updating Scene BVH | Copying BVH to device
Fra:117 Mem:12.37M (Peak 54.73M) | Time:00:00.00 | Mem:0.50M, Peak:0.71M | Scene, ViewLayer | Updating Mesh | Computing normals
Fra:117 Mem:12.59M (Peak 54.73M) | Time:00:00.00 | Mem:0.50M, Peak:0.71M | Scene, ViewLayer | Updating Mesh | Copying Mesh to device
Fra:117 Mem:12.59M (Peak 54.73M) | Time:00:00.00 | Mem:0.72M, Peak:0.72M | Scene, ViewLayer | Updating Objects Flags
Fra:117 Mem:12.59M (Peak 54.73M) | Time:00:00.00 | Mem:0.72M, Peak:0.72M | Scene, ViewLayer | Updating Primitive Offsets
Fra:117 Mem:12.59M (Peak 54.73M) | Time:00:00.00 | Mem:0.72M, Peak:0.72M | Scene, ViewLayer | Updating Images
Fra:117 Mem:12.59M (Peak 54.73M) | Time:00:00.00 | Mem:0.72M, Peak:0.72M | Scene, ViewLayer | Updating Camera Volume
Fra:117 Mem:12.59M (Peak 54.73M) | Time:00:00.00 | Mem:0.72M, Peak:0.72M | Scene, ViewLayer | Updating Lookup Tables
Fra:117 Mem:12.59M (Peak 54.73M) | Time:00:00.00 | Mem:0.80M, Peak:0.80M | Scene, ViewLayer | Updating Lights
Fra:117 Mem:12.59M (Peak 54.73M) | Time:00:00.00 | Mem:0.80M, Peak:0.80M | Scene, ViewLayer | Updating Lights | Computing tree
Fra:117 Mem:13.16M (Peak 54.73M) | Time:00:00.02 | Mem:1.37M, Peak:1.37M | Scene, ViewLayer | Updating Integrator
Fra:117 Mem:13.16M (Peak 54.73M) | Time:00:00.02 | Mem:1.37M, Peak:1.37M | Scene, ViewLayer | Updating Film
Fra:117 Mem:13.16M (Peak 54.73M) | Time:00:00.02 | Mem:1.29M, Peak:1.37M | Scene, ViewLayer | Updating Lookup Tables
Fra:117 Mem:13.16M (Peak 54.73M) | Time:00:00.02 | Mem:1.37M, Peak:1.37M | Scene, ViewLayer | Updating Baking
Fra:117 Mem:13.16M (Peak 54.73M) | Time:00:00.02 | Mem:1.37M, Peak:1.37M | Scene, ViewLayer | Updating Device | Writing constant memory
Fra:117 Mem:13.16M (Peak 54.73M) | Time:00:00.02 | Mem:1.37M, Peak:1.37M | Scene, ViewLayer | Sample 0/32
Fra:117 Mem:31.00M (Peak 54.73M) | Time:00:00.39 | Remaining:00:11.47 | Mem:19.17M, Peak:19.17M | Scene, ViewLayer | Sample 1/32
Fra:117 Mem:38.91M (Peak 54.73M) | Time:00:11.84 | Mem:19.17M, Peak:19.17M | Scene, ViewLayer | Sample 32/32
Fra:117 Mem:38.91M (Peak 54.73M) | Time:00:11.84 | Mem:19.17M, Peak:19.17M | Scene, ViewLayer | Finished
Saved: '/home/runner/work/chaosim/chaosim/outputs/renders/paper_to_cloth_frames/frame_0117.png'
Time: 00:11.89 (Saving: 00:00.05)

Fra:118 Mem:14.55M (Peak 54.73M) | Time:00:00.00 | Mem:0.00M, Peak:0.00M | Scene, ViewLayer | Synchronizing object | ClothKey
Fra:118 Mem:14.55M (Peak 54.73M) | Time:00:00.00 | Mem:0.00M, Peak:0.00M | Scene, ViewLayer | Synchronizing object | ClothFill
Fra:118 Mem:14.55M (Peak 54.73M) | Time:00:00.00 | Mem:0.00M, Peak:0.00M | Scene, ViewLayer | Synchronizing object | FacesLabel
Fra:118 Mem:14.55M (Peak 54.73M) | Time:00:00.00 | Mem:0.00M, Peak:0.00M | Scene, ViewLayer | Synchronizing object | Sheet
Fra:118 Mem:14.69M (Peak 54.73M) | Time:00:00.00 | Mem:0.00M, Peak:0.00M | Scene, ViewLayer | Synchronizing object | GlassSphere
Fra:118 Mem:15.12M (Peak 54.73M) | Time:00:00.00 | Mem:0.00M, Peak:0.00M | Scene, ViewLayer | Initializing
Fra:118 Mem:12.22M (Peak 54.73M) | Time:00:00.00 | Mem:0.00M, Peak:0.00M | Scene, ViewLayer | Waiting for render to start
Fra:118 Mem:12.22M (Peak 54.73M) | Time:00:00.00 | Mem:0.00M, Peak:0.00M | Scene, ViewLayer | Updating Scene
Fra:118 Mem:12.22M (Peak 54.73M) | Time:00:00.00 | Mem:0.00M, Peak:0.00M | Scene, ViewLayer | Updating Shaders
Fra:118 Mem:12.22M (Peak 54.73M) | Time:00:00.00 | Mem:0.00M, Peak:0.00M | Scene, ViewLayer | Loading render kernels (may take a few minutes the first time)
Fra:118 Mem:12.31M (Peak 54.73M) | Time:00:00.00 | Mem:0.00M, Peak:0.00M | Scene, ViewLayer | Updating Procedurals
Fra:118 Mem:12.31M (Peak 54.73M) | Time:00:00.00 | Mem:0.00M, Peak:0.00M | Scene, ViewLayer | Updating Background
Fra:118 Mem:12.31M (Peak 54.73M) | Time:00:00.00 | Mem:0.00M, Peak:0.00M | Scene, ViewLayer | Updating Camera
Fra:118 Mem:12.31M (Peak 54.73M) | Time:00:00.00 | Mem:0.00M, Peak:0.00M | Scene, ViewLayer | Updating Meshes Flags
Fra:118 Mem:12.31M (Peak 54.73M) | Time:00:00.00 | Mem:0.00M, Peak:0.00M | Scene, ViewLayer | Updating Objects
Fra:118 Mem:12.31M (Peak 54.73M) | Time:00:00.00 | Mem:0.00M, Peak:0.00M | Scene, ViewLayer | Updating Objects | Copying Transformations to device
Fra:118 Mem:12.31M (Peak 54.73M) | Time:00:00.00 | Mem:0.01M, Peak:0.01M | Scene, ViewLayer | Updating Particle Systems
Fra:118 Mem:12.31M (Peak 54.73M) | Time:00:00.00 | Mem:0.01M, Peak:0.01M | Scene, ViewLayer | Updating Particle Systems | Copying Particles to device
Fra:118 Mem:12.31M (Peak 54.73M) | Time:00:00.00 | Mem:0.01M, Peak:0.01M | Scene, ViewLayer | Updating Meshes
Fra:118 Mem:12.31M (Peak 54.73M) | Time:00:00.00 | Mem:0.01M, Peak:0.01M | Scene, ViewLayer | Updating Objects | Applying Static Transformations
Fra:118 Mem:12.31M (Peak 54.73M) | Time:00:00.00 | Mem:0.01M, Peak:0.01M | Scene, ViewLayer | Updating Mesh | Computing attributes
Fra:118 Mem:12.37M (Peak 54.73M) | Time:00:00.00 | Mem:0.01M, Peak:0.01M | Scene, ViewLayer | Updating Mesh | Copying Attributes to device
Fra:118 Mem:12.37M (Peak 54.73M) | Time:00:00.00 | Mem:0.06M, Peak:0.06M | Scene, ViewLayer | Updating Scene BVH | Building
Fra:118 Mem:12.37M (Peak 54.73M) | Time:00:00.00 | Mem:0.06M, Peak:0.06M | Scene, ViewLayer | Updating Scene BVH | Building BVH
Fra:118 Mem:12.37M (Peak 54.73M) | Time:00:00.00 | Mem:0.27M, Peak:0.27M | Scene, ViewLayer | Updating Scene BVH | Building BVH 0%
Fra:118 Mem:12.37M (Peak 54.73M) | Time:00:00.00 | Mem:0.50M, Peak:0.71M | Scene, ViewLayer | Updating Scene BVH | Copying BVH to device
Fra:118 Mem:12.37M (Peak 54.73M) | Time:00:00.00 | Mem:0.50M, Peak:0.71M | Scene, ViewLayer | Updating Mesh | Computing normals
Fra:118 Mem:12.59M (Peak 54.73M) | Time:00:00.00 | Mem:0.50M, Peak:0.71M | Scene, ViewLayer | Updating Mesh | Copying Mesh to device
Fra:118 Mem:12.59M (Peak 54.73M) | Time:00:00.00 | Mem:0.72M, Peak:0.72M | Scene, ViewLayer | Updating Objects Flags
Fra:118 Mem:12.59M (Peak 54.73M) | Time:00:00.00 | Mem:0.72M, Peak:0.72M | Scene, ViewLayer | Updating Primitive Offsets
Fra:118 Mem:12.59M (Peak 54.73M) | Time:00:00.00 | Mem:0.72M, Peak:0.72M | Scene, ViewLayer | Updating Images
Fra:118 Mem:12.59M (Peak 54.73M) | Time:00:00.00 | Mem:0.72M, Peak:0.72M | Scene, ViewLayer | Updating Camera Volume
Fra:118 Mem:12.59M (Peak 54.73M) | Time:00:00.00 | Mem:0.72M, Peak:0.72M | Scene, ViewLayer | Updating Lookup Tables
Fra:118 Mem:12.59M (Peak 54.73M) | Time:00:00.00 | Mem:0.80M, Peak:0.80M | Scene, ViewLayer | Updating Lights
Fra:118 Mem:12.59M (Peak 54.73M) | Time:00:00.00 | Mem:0.80M, Peak:0.80M | Scene, ViewLayer | Updating Lights | Computing tree
Fra:118 Mem:13.16M (Peak 54.73M) | Time:00:00.02 | Mem:1.37M, Peak:1.37M | Scene, ViewLayer | Updating Integrator
Fra:118 Mem:13.16M (Peak 54.73M) | Time:00:00.02 | Mem:1.37M, Peak:1.37M | Scene, ViewLayer | Updating Film
Fra:118 Mem:13.16M (Peak 54.73M) | Time:00:00.02 | Mem:1.29M, Peak:1.37M | Scene, ViewLayer | Updating Lookup Tables
Fra:118 Mem:13.16M (Peak 54.73M) | Time:00:00.02 | Mem:1.37M, Peak:1.37M | Scene, ViewLayer | Updating Baking
Fra:118 Mem:13.16M (Peak 54.73M) | Time:00:00.02 | Mem:1.37M, Peak:1.37M | Scene, ViewLayer | Updating Device | Writing constant memory
Fra:118 Mem:13.16M (Peak 54.73M) | Time:00:00.02 | Mem:1.37M, Peak:1.37M | Scene, ViewLayer | Sample 0/32
Fra:118 Mem:31.00M (Peak 54.73M) | Time:00:00.37 | Remaining:00:10.96 | Mem:19.17M, Peak:19.17M | Scene, ViewLayer | Sample 1/32
Fra:118 Mem:38.91M (Peak 54.73M) | Time:00:11.35 | Mem:19.17M, Peak:19.17M | Scene, ViewLayer | Sample 32/32
Fra:118 Mem:38.91M (Peak 54.73M) | Time:00:11.35 | Mem:19.17M, Peak:19.17M | Scene, ViewLayer | Finished
Saved: '/home/runner/work/chaosim/chaosim/outputs/renders/paper_to_cloth_frames/frame_0118.png'
Time: 00:11.40 (Saving: 00:00.05)

Fra:119 Mem:14.55M (Peak 54.73M) | Time:00:00.00 | Mem:0.00M, Peak:0.00M | Scene, ViewLayer | Synchronizing object | ClothKey
Fra:119 Mem:14.55M (Peak 54.73M) | Time:00:00.00 | Mem:0.00M, Peak:0.00M | Scene, ViewLayer | Synchronizing object | Rod
Fra:119 Mem:14.55M (Peak 54.73M) | Time:00:00.00 | Mem:0.00M, Peak:0.00M | Scene, ViewLayer | Synchronizing object | FacesLabel
Fra:119 Mem:14.55M (Peak 54.73M) | Time:00:00.00 | Mem:0.00M, Peak:0.00M | Scene, ViewLayer | Synchronizing object | Sheet
Fra:119 Mem:14.57M (Peak 54.73M) | Time:00:00.00 | Mem:0.00M, Peak:0.00M | Scene, ViewLayer | Synchronizing object | GlassSphere
Fra:119 Mem:15.12M (Peak 54.73M) | Time:00:00.00 | Mem:0.00M, Peak:0.00M | Scene, ViewLayer | Initializing
Fra:119 Mem:12.22M (Peak 54.73M) | Time:00:00.00 | Mem:0.00M, Peak:0.00M | Scene, ViewLayer | Waiting for render to start
Fra:119 Mem:12.22M (Peak 54.73M) | Time:00:00.00 | Mem:0.00M, Peak:0.00M | Scene, ViewLayer | Updating Scene
Fra:119 Mem:12.22M (Peak 54.73M) | Time:00:00.00 | Mem:0.00M, Peak:0.00M | Scene, ViewLayer | Updating Shaders
Fra:119 Mem:12.22M (Peak 54.73M) | Time:00:00.00 | Mem:0.00M, Peak:0.00M | Scene, ViewLayer | Loading render kernels (may take a few minutes the first time)
Fra:119 Mem:12.31M (Peak 54.73M) | Time:00:00.00 | Mem:0.00M, Peak:0.00M | Scene, ViewLayer | Updating Procedurals
Fra:119 Mem:12.31M (Peak 54.73M) | Time:00:00.00 | Mem:0.00M, Peak:0.00M | Scene, ViewLayer | Updating Background
Fra:119 Mem:12.31M (Peak 54.73M) | Time:00:00.00 | Mem:0.00M, Peak:0.00M | Scene, ViewLayer | Updating Camera
Fra:119 Mem:12.31M (Peak 54.73M) | Time:00:00.00 | Mem:0.00M, Peak:0.00M | Scene, ViewLayer | Updating Meshes Flags
Fra:119 Mem:12.31M (Peak 54.73M) | Time:00:00.00 | Mem:0.00M, Peak:0.00M | Scene, ViewLayer | Updating Objects
Fra:119 Mem:12.31M (Peak 54.73M) | Time:00:00.00 | Mem:0.00M, Peak:0.00M | Scene, ViewLayer | Updating Objects | Copying Transformations to device
Fra:119 Mem:12.31M (Peak 54.73M) | Time:00:00.00 | Mem:0.01M, Peak:0.01M | Scene, ViewLayer | Updating Particle Systems
Fra:119 Mem:12.31M (Peak 54.73M) | Time:00:00.00 | Mem:0.01M, Peak:0.01M | Scene, ViewLayer | Updating Particle Systems | Copying Particles to device
Fra:119 Mem:12.31M (Peak 54.73M) | Time:00:00.00 | Mem:0.01M, Peak:0.01M | Scene, ViewLayer | Updating Meshes
Fra:119 Mem:12.31M (Peak 54.73M) | Time:00:00.00 | Mem:0.01M, Peak:0.01M | Scene, ViewLayer | Updating Objects | Applying Static Transformations
Fra:119 Mem:12.31M (Peak 54.73M) | Time:00:00.00 | Mem:0.01M, Peak:0.01M | Scene, ViewLayer | Updating Mesh | Computing attributes
Fra:119 Mem:12.37M (Peak 54.73M) | Time:00:00.00 | Mem:0.01M, Peak:0.01M | Scene, ViewLayer | Updating Mesh | Copying Attributes to device
Fra:119 Mem:12.37M (Peak 54.73M) | Time:00:00.00 | Mem:0.06M, Peak:0.06M | Scene, ViewLayer | Updating Scene BVH | Building
Fra:119 Mem:12.37M (Peak 54.73M) | Time:00:00.00 | Mem:0.06M, Peak:0.06M | Scene, ViewLayer | Updating Scene BVH | Building BVH
Fra:119 Mem:12.37M (Peak 54.73M) | Time:00:00.00 | Mem:0.27M, Peak:0.27M | Scene, ViewLayer | Updating Scene BVH | Building BVH 0%
Fra:119 Mem:12.37M (Peak 54.73M) | Time:00:00.00 | Mem:0.50M, Peak:0.71M | Scene, ViewLayer | Updating Scene BVH | Copying BVH to device
Fra:119 Mem:12.37M (Peak 54.73M) | Time:00:00.00 | Mem:0.50M, Peak:0.71M | Scene, ViewLayer | Updating Mesh | Computing normals
Fra:119 Mem:12.59M (Peak 54.73M) | Time:00:00.01 | Mem:0.50M, Peak:0.71M | Scene, ViewLayer | Updating Mesh | Copying Mesh to device
Fra:119 Mem:12.59M (Peak 54.73M) | Time:00:00.01 | Mem:0.72M, Peak:0.72M | Scene, ViewLayer | Updating Objects Flags
Fra:119 Mem:12.59M (Peak 54.73M) | Time:00:00.01 | Mem:0.72M, Peak:0.72M | Scene, ViewLayer | Updating Primitive Offsets
Fra:119 Mem:12.59M (Peak 54.73M) | Time:00:00.01 | Mem:0.72M, Peak:0.72M | Scene, ViewLayer | Updating Images
Fra:119 Mem:12.59M (Peak 54.73M) | Time:00:00.01 | Mem:0.72M, Peak:0.72M | Scene, ViewLayer | Updating Camera Volume
Fra:119 Mem:12.59M (Peak 54.73M) | Time:00:00.01 | Mem:0.72M, Peak:0.72M | Scene, ViewLayer | Updating Lookup Tables
Fra:119 Mem:12.59M (Peak 54.73M) | Time:00:00.01 | Mem:0.80M, Peak:0.80M | Scene, ViewLayer | Updating Lights
Fra:119 Mem:12.59M (Peak 54.73M) | Time:00:00.01 | Mem:0.80M, Peak:0.80M | Scene, ViewLayer | Updating Lights | Computing tree
Fra:119 Mem:13.16M (Peak 54.73M) | Time:00:00.02 | Mem:1.37M, Peak:1.37M | Scene, ViewLayer | Updating Integrator
Fra:119 Mem:13.16M (Peak 54.73M) | Time:00:00.02 | Mem:1.37M, Peak:1.37M | Scene, ViewLayer | Updating Film
Fra:119 Mem:13.16M (Peak 54.73M) | Time:00:00.02 | Mem:1.29M, Peak:1.37M | Scene, ViewLayer | Updating Lookup Tables
Fra:119 Mem:13.16M (Peak 54.73M) | Time:00:00.02 | Mem:1.37M, Peak:1.37M | Scene, ViewLayer | Updating Baking
Fra:119 Mem:13.16M (Peak 54.73M) | Time:00:00.02 | Mem:1.37M, Peak:1.37M | Scene, ViewLayer | Updating Device | Writing constant memory
Fra:119 Mem:13.16M (Peak 54.73M) | Time:00:00.02 | Mem:1.37M, Peak:1.37M | Scene, ViewLayer | Sample 0/32
Fra:119 Mem:31.00M (Peak 54.73M) | Time:00:00.36 | Remaining:00:10.50 | Mem:19.17M, Peak:19.17M | Scene, ViewLayer | Sample 1/32
Fra:119 Mem:38.91M (Peak 54.73M) | Time:00:10.87 | Mem:19.17M, Peak:19.17M | Scene, ViewLayer | Sample 32/32
Fra:119 Mem:38.91M (Peak 54.73M) | Time:00:10.87 | Mem:19.17M, Peak:19.17M | Scene, ViewLayer | Finished
Saved: '/home/runner/work/chaosim/chaosim/outputs/renders/paper_to_cloth_frames/frame_0119.png'
Time: 00:10.93 (Saving: 00:00.05)

Fra:120 Mem:14.55M (Peak 54.73M) | Time:00:00.00 | Mem:0.00M, Peak:0.00M | Scene, ViewLayer | Synchronizing object | ClothKey
Fra:120 Mem:14.55M (Peak 54.73M) | Time:00:00.00 | Mem:0.00M, Peak:0.00M | Scene, ViewLayer | Synchronizing object | ClothRim
Fra:120 Mem:14.55M (Peak 54.73M) | Time:00:00.00 | Mem:0.00M, Peak:0.00M | Scene, ViewLayer | Synchronizing object | Rod
Fra:120 Mem:14.55M (Peak 54.73M) | Time:00:00.00 | Mem:0.00M, Peak:0.00M | Scene, ViewLayer | Synchronizing object | FacesLabel
Fra:120 Mem:14.55M (Peak 54.73M) | Time:00:00.00 | Mem:0.00M, Peak:0.00M | Scene, ViewLayer | Synchronizing object | Sheet
Fra:120 Mem:14.60M (Peak 54.73M) | Time:00:00.00 | Mem:0.00M, Peak:0.00M | Scene, ViewLayer | Synchronizing object | GlassSphere
Fra:120 Mem:15.12M (Peak 54.73M) | Time:00:00.00 | Mem:0.00M, Peak:0.00M | Scene, ViewLayer | Initializing
Fra:120 Mem:12.22M (Peak 54.73M) | Time:00:00.00 | Mem:0.00M, Peak:0.00M | Scene, ViewLayer | Waiting for render to start
Fra:120 Mem:12.22M (Peak 54.73M) | Time:00:00.00 | Mem:0.00M, Peak:0.00M | Scene, ViewLayer | Updating Scene
Fra:120 Mem:12.22M (Peak 54.73M) | Time:00:00.00 | Mem:0.00M, Peak:0.00M | Scene, ViewLayer | Updating Shaders
Fra:120 Mem:12.22M (Peak 54.73M) | Time:00:00.00 | Mem:0.00M, Peak:0.00M | Scene, ViewLayer | Loading render kernels (may take a few minutes the first time)
Fra:120 Mem:12.31M (Peak 54.73M) | Time:00:00.00 | Mem:0.00M, Peak:0.00M | Scene, ViewLayer | Updating Procedurals
Fra:120 Mem:12.31M (Peak 54.73M) | Time:00:00.00 | Mem:0.00M, Peak:0.00M | Scene, ViewLayer | Updating Background
Fra:120 Mem:12.31M (Peak 54.73M) | Time:00:00.00 | Mem:0.00M, Peak:0.00M | Scene, ViewLayer | Updating Camera
Fra:120 Mem:12.31M (Peak 54.73M) | Time:00:00.00 | Mem:0.00M, Peak:0.00M | Scene, ViewLayer | Updating Meshes Flags
Fra:120 Mem:12.31M (Peak 54.73M) | Time:00:00.00 | Mem:0.00M, Peak:0.00M | Scene, ViewLayer | Updating Objects
Fra:120 Mem:12.31M (Peak 54.73M) | Time:00:00.00 | Mem:0.00M, Peak:0.00M | Scene, ViewLayer | Updating Objects | Copying Transformations to device
Fra:120 Mem:12.31M (Peak 54.73M) | Time:00:00.00 | Mem:0.01M, Peak:0.01M | Scene, ViewLayer | Updating Particle Systems
Fra:120 Mem:12.31M (Peak 54.73M) | Time:00:00.00 | Mem:0.01M, Peak:0.01M | Scene, ViewLayer | Updating Particle Systems | Copying Particles to device
Fra:120 Mem:12.31M (Peak 54.73M) | Time:00:00.00 | Mem:0.01M, Peak:0.01M | Scene, ViewLayer | Updating Meshes
Fra:120 Mem:12.31M (Peak 54.73M) | Time:00:00.00 | Mem:0.01M, Peak:0.01M | Scene, ViewLayer | Updating Objects | Applying Static Transformations
Fra:120 Mem:12.31M (Peak 54.73M) | Time:00:00.00 | Mem:0.01M, Peak:0.01M | Scene, ViewLayer | Updating Mesh | Computing attributes
Fra:120 Mem:12.37M (Peak 54.73M) | Time:00:00.00 | Mem:0.01M, Peak:0.01M | Scene, ViewLayer | Updating Mesh | Copying Attributes to device
Fra:120 Mem:12.37M (Peak 54.73M) | Time:00:00.00 | Mem:0.06M, Peak:0.06M | Scene, ViewLayer | Updating Scene BVH | Building
Fra:120 Mem:12.37M (Peak 54.73M) | Time:00:00.00 | Mem:0.06M, Peak:0.06M | Scene, ViewLayer | Updating Scene BVH | Building BVH
Fra:120 Mem:12.37M (Peak 54.73M) | Time:00:00.00 | Mem:0.27M, Peak:0.27M | Scene, ViewLayer | Updating Scene BVH | Building BVH 0%
Fra:120 Mem:12.37M (Peak 54.73M) | Time:00:00.00 | Mem:0.50M, Peak:0.71M | Scene, ViewLayer | Updating Scene BVH | Copying BVH to device
Fra:120 Mem:12.37M (Peak 54.73M) | Time:00:00.00 | Mem:0.50M, Peak:0.71M | Scene, ViewLayer | Updating Mesh | Computing normals
Fra:120 Mem:12.59M (Peak 54.73M) | Time:00:00.00 | Mem:0.50M, Peak:0.71M | Scene, ViewLayer | Updating Mesh | Copying Mesh to device
Fra:120 Mem:12.59M (Peak 54.73M) | Time:00:00.00 | Mem:0.72M, Peak:0.72M | Scene, ViewLayer | Updating Objects Flags
Fra:120 Mem:12.59M (Peak 54.73M) | Time:00:00.00 | Mem:0.72M, Peak:0.72M | Scene, ViewLayer | Updating Primitive Offsets
Fra:120 Mem:12.59M (Peak 54.73M) | Time:00:00.00 | Mem:0.72M, Peak:0.72M | Scene, ViewLayer | Updating Images
Fra:120 Mem:12.59M (Peak 54.73M) | Time:00:00.00 | Mem:0.72M, Peak:0.72M | Scene, ViewLayer | Updating Camera Volume
Fra:120 Mem:12.59M (Peak 54.73M) | Time:00:00.00 | Mem:0.72M, Peak:0.72M | Scene, ViewLayer | Updating Lookup Tables
Fra:120 Mem:12.59M (Peak 54.73M) | Time:00:00.00 | Mem:0.80M, Peak:0.80M | Scene, ViewLayer | Updating Lights
Fra:120 Mem:12.59M (Peak 54.73M) | Time:00:00.00 | Mem:0.80M, Peak:0.80M | Scene, ViewLayer | Updating Lights | Computing tree
Fra:120 Mem:13.16M (Peak 54.73M) | Time:00:00.02 | Mem:1.37M, Peak:1.37M | Scene, ViewLayer | Updating Integrator
Fra:120 Mem:13.16M (Peak 54.73M) | Time:00:00.02 | Mem:1.37M, Peak:1.37M | Scene, ViewLayer | Updating Film
Fra:120 Mem:13.16M (Peak 54.73M) | Time:00:00.02 | Mem:1.29M, Peak:1.37M | Scene, ViewLayer | Updating Lookup Tables
Fra:120 Mem:13.16M (Peak 54.73M) | Time:00:00.02 | Mem:1.37M, Peak:1.37M | Scene, ViewLayer | Updating Baking
Fra:120 Mem:13.16M (Peak 54.73M) | Time:00:00.02 | Mem:1.37M, Peak:1.37M | Scene, ViewLayer | Updating Device | Writing constant memory
Fra:120 Mem:13.16M (Peak 54.73M) | Time:00:00.02 | Mem:1.37M, Peak:1.37M | Scene, ViewLayer | Sample 0/32
Fra:120 Mem:31.00M (Peak 54.73M) | Time:00:00.35 | Remaining:00:10.11 | Mem:19.17M, Peak:19.17M | Scene, ViewLayer | Sample 1/32
Fra:120 Mem:38.91M (Peak 54.73M) | Time:00:10.50 | Mem:19.17M, Peak:19.17M | Scene, ViewLayer | Sample 32/32
Fra:120 Mem:38.91M (Peak 54.73M) | Time:00:10.50 | Mem:19.17M, Peak:19.17M | Scene, ViewLayer | Finished
Saved: '/home/runner/work/chaosim/chaosim/outputs/renders/paper_to_cloth_frames/frame_0120.png'
Time: 00:10.56 (Saving: 00:00.05)

Fra:121 Mem:14.55M (Peak 54.73M) | Time:00:00.00 | Mem:0.00M, Peak:0.00M | Scene, ViewLayer | Synchronizing object | ClothKey
Fra:121 Mem:14.55M (Peak 54.73M) | Time:00:00.00 | Mem:0.00M, Peak:0.00M | Scene, ViewLayer | Synchronizing object | Rod
Fra:121 Mem:14.55M (Peak 54.73M) | Time:00:00.00 | Mem:0.00M, Peak:0.00M | Scene, ViewLayer | Synchronizing object | FacesLabel
Fra:121 Mem:14.55M (Peak 54.73M) | Time:00:00.00 | Mem:0.00M, Peak:0.00M | Scene, ViewLayer | Synchronizing object | Sheet
Fra:121 Mem:14.81M (Peak 54.73M) | Time:00:00.00 | Mem:0.00M, Peak:0.00M | Scene, ViewLayer | Synchronizing object | GlassSphere
Fra:121 Mem:15.12M (Peak 54.73M) | Time:00:00.00 | Mem:0.00M, Peak:0.00M | Scene, ViewLayer | Initializing
Fra:121 Mem:12.22M (Peak 54.73M) | Time:00:00.00 | Mem:0.00M, Peak:0.00M | Scene, ViewLayer | Waiting for render to start
Fra:121 Mem:12.22M (Peak 54.73M) | Time:00:00.00 | Mem:0.00M, Peak:0.00M | Scene, ViewLayer | Updating Scene
Fra:121 Mem:12.22M (Peak 54.73M) | Time:00:00.00 | Mem:0.00M, Peak:0.00M | Scene, ViewLayer | Updating Shaders
Fra:121 Mem:12.22M (Peak 54.73M) | Time:00:00.00 | Mem:0.00M, Peak:0.00M | Scene, ViewLayer | Loading render kernels (may take a few minutes the first time)
Fra:121 Mem:12.31M (Peak 54.73M) | Time:00:00.00 | Mem:0.00M, Peak:0.00M | Scene, ViewLayer | Updating Procedurals
Fra:121 Mem:12.31M (Peak 54.73M) | Time:00:00.00 | Mem:0.00M, Peak:0.00M | Scene, ViewLayer | Updating Background
Fra:121 Mem:12.31M (Peak 54.73M) | Time:00:00.00 | Mem:0.00M, Peak:0.00M | Scene, ViewLayer | Updating Camera
Fra:121 Mem:12.31M (Peak 54.73M) | Time:00:00.00 | Mem:0.00M, Peak:0.00M | Scene, ViewLayer | Updating Meshes Flags
Fra:121 Mem:12.31M (Peak 54.73M) | Time:00:00.00 | Mem:0.00M, Peak:0.00M | Scene, ViewLayer | Updating Objects
Fra:121 Mem:12.31M (Peak 54.73M) | Time:00:00.00 | Mem:0.00M, Peak:0.00M | Scene, ViewLayer | Updating Objects | Copying Transformations to device
Fra:121 Mem:12.31M (Peak 54.73M) | Time:00:00.00 | Mem:0.01M, Peak:0.01M | Scene, ViewLayer | Updating Particle Systems
Fra:121 Mem:12.31M (Peak 54.73M) | Time:00:00.00 | Mem:0.01M, Peak:0.01M | Scene, ViewLayer | Updating Particle Systems | Copying Particles to device
Fra:121 Mem:12.31M (Peak 54.73M) | Time:00:00.00 | Mem:0.01M, Peak:0.01M | Scene, ViewLayer | Updating Meshes
Fra:121 Mem:12.31M (Peak 54.73M) | Time:00:00.00 | Mem:0.01M, Peak:0.01M | Scene, ViewLayer | Updating Objects | Applying Static Transformations
Fra:121 Mem:12.31M (Peak 54.73M) | Time:00:00.00 | Mem:0.01M, Peak:0.01M | Scene, ViewLayer | Updating Mesh | Computing attributes
Fra:121 Mem:12.37M (Peak 54.73M) | Time:00:00.00 | Mem:0.01M, Peak:0.01M | Scene, ViewLayer | Updating Mesh | Copying Attributes to device
Fra:121 Mem:12.37M (Peak 54.73M) | Time:00:00.00 | Mem:0.06M, Peak:0.06M | Scene, ViewLayer | Updating Scene BVH | Building
Fra:121 Mem:12.37M (Peak 54.73M) | Time:00:00.00 | Mem:0.06M, Peak:0.06M | Scene, ViewLayer | Updating Scene BVH | Building BVH
Fra:121 Mem:12.37M (Peak 54.73M) | Time:00:00.00 | Mem:0.27M, Peak:0.27M | Scene, ViewLayer | Updating Scene BVH | Building BVH 0%
Fra:121 Mem:12.37M (Peak 54.73M) | Time:00:00.00 | Mem:0.50M, Peak:0.71M | Scene, ViewLayer | Updating Scene BVH | Copying BVH to device
Fra:121 Mem:12.37M (Peak 54.73M) | Time:00:00.00 | Mem:0.50M, Peak:0.71M | Scene, ViewLayer | Updating Mesh | Computing normals
Fra:121 Mem:12.59M (Peak 54.73M) | Time:00:00.00 | Mem:0.50M, Peak:0.71M | Scene, ViewLayer | Updating Mesh | Copying Mesh to device
Fra:121 Mem:12.59M (Peak 54.73M) | Time:00:00.00 | Mem:0.72M, Peak:0.72M | Scene, ViewLayer | Updating Objects Flags
Fra:121 Mem:12.59M (Peak 54.73M) | Time:00:00.00 | Mem:0.72M, Peak:0.72M | Scene, ViewLayer | Updating Primitive Offsets
Fra:121 Mem:12.59M (Peak 54.73M) | Time:00:00.00 | Mem:0.72M, Peak:0.72M | Scene, ViewLayer | Updating Images
Fra:121 Mem:12.59M (Peak 54.73M) | Time:00:00.00 | Mem:0.72M, Peak:0.72M | Scene, ViewLayer | Updating Camera Volume
Fra:121 Mem:12.59M (Peak 54.73M) | Time:00:00.00 | Mem:0.72M, Peak:0.72M | Scene, ViewLayer | Updating Lookup Tables
Fra:121 Mem:12.59M (Peak 54.73M) | Time:00:00.00 | Mem:0.80M, Peak:0.80M | Scene, ViewLayer | Updating Lights
Fra:121 Mem:12.59M (Peak 54.73M) | Time:00:00.00 | Mem:0.80M, Peak:0.80M | Scene, ViewLayer | Updating Lights | Computing tree
Fra:121 Mem:13.16M (Peak 54.73M) | Time:00:00.02 | Mem:1.37M, Peak:1.37M | Scene, ViewLayer | Updating Integrator
Fra:121 Mem:13.16M (Peak 54.73M) | Time:00:00.02 | Mem:1.37M, Peak:1.37M | Scene, ViewLayer | Updating Film
Fra:121 Mem:13.16M (Peak 54.73M) | Time:00:00.02 | Mem:1.29M, Peak:1.37M | Scene, ViewLayer | Updating Lookup Tables
Fra:121 Mem:13.16M (Peak 54.73M) | Time:00:00.02 | Mem:1.37M, Peak:1.37M | Scene, ViewLayer | Updating Baking
Fra:121 Mem:13.16M (Peak 54.73M) | Time:00:00.02 | Mem:1.37M, Peak:1.37M | Scene, ViewLayer | Updating Device | Writing constant memory
Fra:121 Mem:13.16M (Peak 54.73M) | Time:00:00.02 | Mem:1.37M, Peak:1.37M | Scene, ViewLayer | Sample 0/32
Fra:121 Mem:31.00M (Peak 54.73M) | Time:00:00.33 | Remaining:00:09.75 | Mem:19.17M, Peak:19.17M | Scene, ViewLayer | Sample 1/32
Fra:121 Mem:38.91M (Peak 54.73M) | Time:00:10.13 | Mem:19.17M, Peak:19.17M | Scene, ViewLayer | Sample 32/32
Fra:121 Mem:38.91M (Peak 54.73M) | Time:00:10.13 | Mem:19.17M, Peak:19.17M | Scene, ViewLayer | Finished
Saved: '/home/runner/work/chaosim/chaosim/outputs/renders/paper_to_cloth_frames/frame_0121.png'
Time: 00:10.19 (Saving: 00:00.05)

Fra:122 Mem:14.55M (Peak 54.73M) | Time:00:00.00 | Mem:0.00M, Peak:0.00M | Scene, ViewLayer | Synchronizing object | ClothKey
Fra:122 Mem:14.55M (Peak 54.73M) | Time:00:00.00 | Mem:0.00M, Peak:0.00M | Scene, ViewLayer | Synchronizing object | Rod
Fra:122 Mem:14.55M (Peak 54.73M) | Time:00:00.00 | Mem:0.00M, Peak:0.00M | Scene, ViewLayer | Synchronizing object | Sheet
Fra:122 Mem:14.65M (Peak 54.73M) | Time:00:00.00 | Mem:0.00M, Peak:0.00M | Scene, ViewLayer | Synchronizing object | GlassSphere
Fra:122 Mem:15.12M (Peak 54.73M) | Time:00:00.00 | Mem:0.00M, Peak:0.00M | Scene, ViewLayer | Initializing
Fra:122 Mem:12.22M (Peak 54.73M) | Time:00:00.00 | Mem:0.00M, Peak:0.00M | Scene, ViewLayer | Waiting for render to start
Fra:122 Mem:12.22M (Peak 54.73M) | Time:00:00.00 | Mem:0.00M, Peak:0.00M | Scene, ViewLayer | Updating Scene
Fra:122 Mem:12.22M (Peak 54.73M) | Time:00:00.00 | Mem:0.00M, Peak:0.00M | Scene, ViewLayer | Updating Shaders
Fra:122 Mem:12.22M (Peak 54.73M) | Time:00:00.00 | Mem:0.00M, Peak:0.00M | Scene, ViewLayer | Loading render kernels (may take a few minutes the first time)
Fra:122 Mem:12.31M (Peak 54.73M) | Time:00:00.00 | Mem:0.00M, Peak:0.00M | Scene, ViewLayer | Updating Procedurals
Fra:122 Mem:12.31M (Peak 54.73M) | Time:00:00.00 | Mem:0.00M, Peak:0.00M | Scene, ViewLayer | Updating Background
Fra:122 Mem:12.31M (Peak 54.73M) | Time:00:00.00 | Mem:0.00M, Peak:0.00M | Scene, ViewLayer | Updating Camera
Fra:122 Mem:12.31M (Peak 54.73M) | Time:00:00.00 | Mem:0.00M, Peak:0.00M | Scene, ViewLayer | Updating Meshes Flags
Fra:122 Mem:12.31M (Peak 54.73M) | Time:00:00.00 | Mem:0.00M, Peak:0.00M | Scene, ViewLayer | Updating Objects
Fra:122 Mem:12.31M (Peak 54.73M) | Time:00:00.00 | Mem:0.00M, Peak:0.00M | Scene, ViewLayer | Updating Objects | Copying Transformations to device
Fra:122 Mem:12.31M (Peak 54.73M) | Time:00:00.00 | Mem:0.01M, Peak:0.01M | Scene, ViewLayer | Updating Particle Systems
Fra:122 Mem:12.31M (Peak 54.73M) | Time:00:00.00 | Mem:0.01M, Peak:0.01M | Scene, ViewLayer | Updating Particle Systems | Copying Particles to device
Fra:122 Mem:12.31M (Peak 54.73M) | Time:00:00.00 | Mem:0.01M, Peak:0.01M | Scene, ViewLayer | Updating Meshes
Fra:122 Mem:12.31M (Peak 54.73M) | Time:00:00.00 | Mem:0.01M, Peak:0.01M | Scene, ViewLayer | Updating Objects | Applying Static Transformations
Fra:122 Mem:12.31M (Peak 54.73M) | Time:00:00.00 | Mem:0.01M, Peak:0.01M | Scene, ViewLayer | Updating Mesh | Computing attributes
Fra:122 Mem:12.37M (Peak 54.73M) | Time:00:00.00 | Mem:0.01M, Peak:0.01M | Scene, ViewLayer | Updating Mesh | Copying Attributes to device
Fra:122 Mem:12.37M (Peak 54.73M) | Time:00:00.00 | Mem:0.06M, Peak:0.06M | Scene, ViewLayer | Updating Scene BVH | Building
Fra:122 Mem:12.37M (Peak 54.73M) | Time:00:00.00 | Mem:0.06M, Peak:0.06M | Scene, ViewLayer | Updating Scene BVH | Building BVH
Fra:122 Mem:12.37M (Peak 54.73M) | Time:00:00.00 | Mem:0.27M, Peak:0.27M | Scene, ViewLayer | Updating Scene BVH | Building BVH 0%
Fra:122 Mem:12.37M (Peak 54.73M) | Time:00:00.01 | Mem:0.50M, Peak:0.71M | Scene, ViewLayer | Updating Scene BVH | Copying BVH to device
Fra:122 Mem:12.37M (Peak 54.73M) | Time:00:00.01 | Mem:0.50M, Peak:0.71M | Scene, ViewLayer | Updating Mesh | Computing normals
Fra:122 Mem:12.59M (Peak 54.73M) | Time:00:00.01 | Mem:0.50M, Peak:0.71M | Scene, ViewLayer | Updating Mesh | Copying Mesh to device
Fra:122 Mem:12.59M (Peak 54.73M) | Time:00:00.01 | Mem:0.72M, Peak:0.72M | Scene, ViewLayer | Updating Objects Flags
Fra:122 Mem:12.59M (Peak 54.73M) | Time:00:00.01 | Mem:0.72M, Peak:0.72M | Scene, ViewLayer | Updating Primitive Offsets
Fra:122 Mem:12.59M (Peak 54.73M) | Time:00:00.01 | Mem:0.72M, Peak:0.72M | Scene, ViewLayer | Updating Images
Fra:122 Mem:12.59M (Peak 54.73M) | Time:00:00.01 | Mem:0.72M, Peak:0.72M | Scene, ViewLayer | Updating Camera Volume
Fra:122 Mem:12.59M (Peak 54.73M) | Time:00:00.01 | Mem:0.72M, Peak:0.72M | Scene, ViewLayer | Updating Lookup Tables
Fra:122 Mem:12.59M (Peak 54.73M) | Time:00:00.01 | Mem:0.80M, Peak:0.80M | Scene, ViewLayer | Updating Lights
Fra:122 Mem:12.59M (Peak 54.73M) | Time:00:00.01 | Mem:0.80M, Peak:0.80M | Scene, ViewLayer | Updating Lights | Computing tree
Fra:122 Mem:13.16M (Peak 54.73M) | Time:00:00.02 | Mem:1.37M, Peak:1.37M | Scene, ViewLayer | Updating Integrator
Fra:122 Mem:13.16M (Peak 54.73M) | Time:00:00.02 | Mem:1.37M, Peak:1.37M | Scene, ViewLayer | Updating Film
Fra:122 Mem:13.16M (Peak 54.73M) | Time:00:00.02 | Mem:1.29M, Peak:1.37M | Scene, ViewLayer | Updating Lookup Tables
Fra:122 Mem:13.16M (Peak 54.73M) | Time:00:00.02 | Mem:1.37M, Peak:1.37M | Scene, ViewLayer | Updating Baking
Fra:122 Mem:13.16M (Peak 54.73M) | Time:00:00.02 | Mem:1.37M, Peak:1.37M | Scene, ViewLayer | Updating Device | Writing constant memory
Fra:122 Mem:13.16M (Peak 54.73M) | Time:00:00.02 | Mem:1.37M, Peak:1.37M | Scene, ViewLayer | Sample 0/32
Fra:122 Mem:31.00M (Peak 54.73M) | Time:00:00.33 | Remaining:00:09.58 | Mem:19.17M, Peak:19.17M | Scene, ViewLayer | Sample 1/32
Fra:122 Mem:38.91M (Peak 54.73M) | Time:00:09.77 | Mem:19.17M, Peak:19.17M | Scene, ViewLayer | Sample 32/32
Fra:122 Mem:38.91M (Peak 54.73M) | Time:00:09.77 | Mem:19.17M, Peak:19.17M | Scene, ViewLayer | Finished
Saved: '/home/runner/work/chaosim/chaosim/outputs/renders/paper_to_cloth_frames/frame_0122.png'
Time: 00:09.83 (Saving: 00:00.05)

Fra:123 Mem:14.55M (Peak 54.73M) | Time:00:00.00 | Mem:0.00M, Peak:0.00M | Scene, ViewLayer | Synchronizing object | ClothKey
Fra:123 Mem:14.55M (Peak 54.73M) | Time:00:00.00 | Mem:0.00M, Peak:0.00M | Scene, ViewLayer | Synchronizing object | Rod
Fra:123 Mem:14.55M (Peak 54.73M) | Time:00:00.00 | Mem:0.00M, Peak:0.00M | Scene, ViewLayer | Synchronizing object | Sheet
Fra:123 Mem:14.55M (Peak 54.73M) | Time:00:00.00 | Mem:0.00M, Peak:0.00M | Scene, ViewLayer | Synchronizing object | GlassSphere
Fra:123 Mem:15.12M (Peak 54.73M) | Time:00:00.00 | Mem:0.00M, Peak:0.00M | Scene, ViewLayer | Initializing
Fra:123 Mem:12.22M (Peak 54.73M) | Time:00:00.00 | Mem:0.00M, Peak:0.00M | Scene, ViewLayer | Waiting for render to start
Fra:123 Mem:12.22M (Peak 54.73M) | Time:00:00.00 | Mem:0.00M, Peak:0.00M | Scene, ViewLayer | Updating Scene
Fra:123 Mem:12.22M (Peak 54.73M) | Time:00:00.00 | Mem:0.00M, Peak:0.00M | Scene, ViewLayer | Updating Shaders
Fra:123 Mem:12.22M (Peak 54.73M) | Time:00:00.00 | Mem:0.00M, Peak:0.00M | Scene, ViewLayer | Loading render kernels (may take a few minutes the first time)
Fra:123 Mem:12.31M (Peak 54.73M) | Time:00:00.00 | Mem:0.00M, Peak:0.00M | Scene, ViewLayer | Updating Procedurals
Fra:123 Mem:12.31M (Peak 54.73M) | Time:00:00.00 | Mem:0.00M, Peak:0.00M | Scene, ViewLayer | Updating Background
Fra:123 Mem:12.31M (Peak 54.73M) | Time:00:00.00 | Mem:0.00M, Peak:0.00M | Scene, ViewLayer | Updating Camera
Fra:123 Mem:12.31M (Peak 54.73M) | Time:00:00.00 | Mem:0.00M, Peak:0.00M | Scene, ViewLayer | Updating Meshes Flags
Fra:123 Mem:12.31M (Peak 54.73M) | Time:00:00.00 | Mem:0.00M, Peak:0.00M | Scene, ViewLayer | Updating Objects
Fra:123 Mem:12.31M (Peak 54.73M) | Time:00:00.00 | Mem:0.00M, Peak:0.00M | Scene, ViewLayer | Updating Objects | Copying Transformations to device
Fra:123 Mem:12.31M (Peak 54.73M) | Time:00:00.00 | Mem:0.01M, Peak:0.01M | Scene, ViewLayer | Updating Particle Systems
Fra:123 Mem:12.31M (Peak 54.73M) | Time:00:00.00 | Mem:0.01M, Peak:0.01M | Scene, ViewLayer | Updating Particle Systems | Copying Particles to device
Fra:123 Mem:12.31M (Peak 54.73M) | Time:00:00.00 | Mem:0.01M, Peak:0.01M | Scene, ViewLayer | Updating Meshes
Fra:123 Mem:12.31M (Peak 54.73M) | Time:00:00.00 | Mem:0.01M, Peak:0.01M | Scene, ViewLayer | Updating Objects | Applying Static Transformations
Fra:123 Mem:12.31M (Peak 54.73M) | Time:00:00.00 | Mem:0.01M, Peak:0.01M | Scene, ViewLayer | Updating Mesh | Computing attributes
Fra:123 Mem:12.37M (Peak 54.73M) | Time:00:00.00 | Mem:0.01M, Peak:0.01M | Scene, ViewLayer | Updating Mesh | Copying Attributes to device
Fra:123 Mem:12.37M (Peak 54.73M) | Time:00:00.00 | Mem:0.06M, Peak:0.06M | Scene, ViewLayer | Updating Scene BVH | Building
Fra:123 Mem:12.37M (Peak 54.73M) | Time:00:00.00 | Mem:0.06M, Peak:0.06M | Scene, ViewLayer | Updating Scene BVH | Building BVH
Fra:123 Mem:12.37M (Peak 54.73M) | Time:00:00.00 | Mem:0.27M, Peak:0.27M | Scene, ViewLayer | Updating Scene BVH | Building BVH 0%
Fra:123 Mem:12.37M (Peak 54.73M) | Time:00:00.00 | Mem:0.50M, Peak:0.71M | Scene, ViewLayer | Updating Scene BVH | Copying BVH to device
Fra:123 Mem:12.37M (Peak 54.73M) | Time:00:00.00 | Mem:0.50M, Peak:0.71M | Scene, ViewLayer | Updating Mesh | Computing normals
Fra:123 Mem:12.59M (Peak 54.73M) | Time:00:00.00 | Mem:0.50M, Peak:0.71M | Scene, ViewLayer | Updating Mesh | Copying Mesh to device
Fra:123 Mem:12.59M (Peak 54.73M) | Time:00:00.00 | Mem:0.72M, Peak:0.72M | Scene, ViewLayer | Updating Objects Flags
Fra:123 Mem:12.59M (Peak 54.73M) | Time:00:00.00 | Mem:0.72M, Peak:0.72M | Scene, ViewLayer | Updating Primitive Offsets
Fra:123 Mem:12.59M (Peak 54.73M) | Time:00:00.00 | Mem:0.72M, Peak:0.72M | Scene, ViewLayer | Updating Images
Fra:123 Mem:12.59M (Peak 54.73M) | Time:00:00.00 | Mem:0.72M, Peak:0.72M | Scene, ViewLayer | Updating Camera Volume
Fra:123 Mem:12.59M (Peak 54.73M) | Time:00:00.00 | Mem:0.72M, Peak:0.72M | Scene, ViewLayer | Updating Lookup Tables
Fra:123 Mem:12.59M (Peak 54.73M) | Time:00:00.00 | Mem:0.80M, Peak:0.80M | Scene, ViewLayer | Updating Lights
Fra:123 Mem:12.59M (Peak 54.73M) | Time:00:00.00 | Mem:0.80M, Peak:0.80M | Scene, ViewLayer | Updating Lights | Computing tree
Fra:123 Mem:13.16M (Peak 54.73M) | Time:00:00.02 | Mem:1.37M, Peak:1.37M | Scene, ViewLayer | Updating Integrator
Fra:123 Mem:13.16M (Peak 54.73M) | Time:00:00.02 | Mem:1.37M, Peak:1.37M | Scene, ViewLayer | Updating Film
Fra:123 Mem:13.16M (Peak 54.73M) | Time:00:00.02 | Mem:1.29M, Peak:1.37M | Scene, ViewLayer | Updating Lookup Tables
Fra:123 Mem:13.16M (Peak 54.73M) | Time:00:00.02 | Mem:1.37M, Peak:1.37M | Scene, ViewLayer | Updating Baking
Fra:123 Mem:13.16M (Peak 54.73M) | Time:00:00.02 | Mem:1.37M, Peak:1.37M | Scene, ViewLayer | Updating Device | Writing constant memory
Fra:123 Mem:13.16M (Peak 54.73M) | Time:00:00.02 | Mem:1.37M, Peak:1.37M | Scene, ViewLayer | Sample 0/32
Fra:123 Mem:31.00M (Peak 54.73M) | Time:00:00.32 | Remaining:00:09.17 | Mem:19.17M, Peak:19.17M | Scene, ViewLayer | Sample 1/32
Fra:123 Mem:38.91M (Peak 54.73M) | Time:00:09.50 | Mem:19.17M, Peak:19.17M | Scene, ViewLayer | Sample 32/32
Fra:123 Mem:38.91M (Peak 54.73M) | Time:00:09.50 | Mem:19.17M, Peak:19.17M | Scene, ViewLayer | Finished
Saved: '/home/runner/work/chaosim/chaosim/outputs/renders/paper_to_cloth_frames/frame_0123.png'
Time: 00:09.56 (Saving: 00:00.05)

Fra:124 Mem:14.55M (Peak 54.73M) | Time:00:00.00 | Mem:0.00M, Peak:0.00M | Scene, ViewLayer | Synchronizing object | ClothKey
Fra:124 Mem:14.55M (Peak 54.73M) | Time:00:00.00 | Mem:0.00M, Peak:0.00M | Scene, ViewLayer | Synchronizing object | FacesLabel
Fra:124 Mem:14.58M (Peak 54.73M) | Time:00:00.00 | Mem:0.00M, Peak:0.00M | Scene, ViewLayer | Synchronizing object | Rod
Fra:124 Mem:14.73M (Peak 54.73M) | Time:00:00.00 | Mem:0.00M, Peak:0.00M | Scene, ViewLayer | Synchronizing object | Sheet
Fra:124 Mem:14.94M (Peak 54.73M) | Time:00:00.00 | Mem:0.00M, Peak:0.00M | Scene, ViewLayer | Synchronizing object | GlassSphere
Fra:124 Mem:15.12M (Peak 54.73M) | Time:00:00.00 | Mem:0.00M, Peak:0.00M | Scene, ViewLayer | Initializing
Fra:124 Mem:12.22M (Peak 54.73M) | Time:00:00.00 | Mem:0.00M, Peak:0.00M | Scene, ViewLayer | Waiting for render to start
Fra:124 Mem:12.22M (Peak 54.73M) | Time:00:00.00 | Mem:0.00M, Peak:0.00M | Scene, ViewLayer | Updating Scene
Fra:124 Mem:12.22M (Peak 54.73M) | Time:00:00.00 | Mem:0.00M, Peak:0.00M | Scene, ViewLayer | Updating Shaders
Fra:124 Mem:12.22M (Peak 54.73M) | Time:00:00.00 | Mem:0.00M, Peak:0.00M | Scene, ViewLayer | Loading render kernels (may take a few minutes the first time)
Fra:124 Mem:12.31M (Peak 54.73M) | Time:00:00.00 | Mem:0.00M, Peak:0.00M | Scene, ViewLayer | Updating Procedurals
Fra:124 Mem:12.31M (Peak 54.73M) | Time:00:00.00 | Mem:0.00M, Peak:0.00M | Scene, ViewLayer | Updating Background
Fra:124 Mem:12.31M (Peak 54.73M) | Time:00:00.00 | Mem:0.00M, Peak:0.00M | Scene, ViewLayer | Updating Camera
Fra:124 Mem:12.31M (Peak 54.73M) | Time:00:00.00 | Mem:0.00M, Peak:0.00M | Scene, ViewLayer | Updating Meshes Flags
Fra:124 Mem:12.31M (Peak 54.73M) | Time:00:00.00 | Mem:0.00M, Peak:0.00M | Scene, ViewLayer | Updating Objects
Fra:124 Mem:12.31M (Peak 54.73M) | Time:00:00.00 | Mem:0.00M, Peak:0.00M | Scene, ViewLayer | Updating Objects | Copying Transformations to device
Fra:124 Mem:12.31M (Peak 54.73M) | Time:00:00.00 | Mem:0.01M, Peak:0.01M | Scene, ViewLayer | Updating Particle Systems
Fra:124 Mem:12.31M (Peak 54.73M) | Time:00:00.00 | Mem:0.01M, Peak:0.01M | Scene, ViewLayer | Updating Particle Systems | Copying Particles to device
Fra:124 Mem:12.31M (Peak 54.73M) | Time:00:00.00 | Mem:0.01M, Peak:0.01M | Scene, ViewLayer | Updating Meshes
Fra:124 Mem:12.31M (Peak 54.73M) | Time:00:00.00 | Mem:0.01M, Peak:0.01M | Scene, ViewLayer | Updating Objects | Applying Static Transformations
Fra:124 Mem:12.31M (Peak 54.73M) | Time:00:00.00 | Mem:0.01M, Peak:0.01M | Scene, ViewLayer | Updating Mesh | Computing attributes
Fra:124 Mem:12.37M (Peak 54.73M) | Time:00:00.00 | Mem:0.01M, Peak:0.01M | Scene, ViewLayer | Updating Mesh | Copying Attributes to device
Fra:124 Mem:12.37M (Peak 54.73M) | Time:00:00.00 | Mem:0.06M, Peak:0.06M | Scene, ViewLayer | Updating Scene BVH | Building
Fra:124 Mem:12.37M (Peak 54.73M) | Time:00:00.00 | Mem:0.06M, Peak:0.06M | Scene, ViewLayer | Updating Scene BVH | Building BVH
Fra:124 Mem:12.37M (Peak 54.73M) | Time:00:00.00 | Mem:0.27M, Peak:0.27M | Scene, ViewLayer | Updating Scene BVH | Building BVH 0%
Fra:124 Mem:12.37M (Peak 54.73M) | Time:00:00.00 | Mem:0.50M, Peak:0.71M | Scene, ViewLayer | Updating Scene BVH | Copying BVH to device
Fra:124 Mem:12.37M (Peak 54.73M) | Time:00:00.00 | Mem:0.50M, Peak:0.71M | Scene, ViewLayer | Updating Mesh | Computing normals
Fra:124 Mem:12.59M (Peak 54.73M) | Time:00:00.00 | Mem:0.50M, Peak:0.71M | Scene, ViewLayer | Updating Mesh | Copying Mesh to device
Fra:124 Mem:12.59M (Peak 54.73M) | Time:00:00.00 | Mem:0.72M, Peak:0.72M | Scene, ViewLayer | Updating Objects Flags
Fra:124 Mem:12.59M (Peak 54.73M) | Time:00:00.00 | Mem:0.72M, Peak:0.72M | Scene, ViewLayer | Updating Primitive Offsets
Fra:124 Mem:12.59M (Peak 54.73M) | Time:00:00.00 | Mem:0.72M, Peak:0.72M | Scene, ViewLayer | Updating Images
Fra:124 Mem:12.59M (Peak 54.73M) | Time:00:00.00 | Mem:0.72M, Peak:0.72M | Scene, ViewLayer | Updating Camera Volume
Fra:124 Mem:12.59M (Peak 54.73M) | Time:00:00.00 | Mem:0.72M, Peak:0.72M | Scene, ViewLayer | Updating Lookup Tables
Fra:124 Mem:12.59M (Peak 54.73M) | Time:00:00.00 | Mem:0.80M, Peak:0.80M | Scene, ViewLayer | Updating Lights
Fra:124 Mem:12.59M (Peak 54.73M) | Time:00:00.00 | Mem:0.80M, Peak:0.80M | Scene, ViewLayer | Updating Lights | Computing tree
Fra:124 Mem:13.16M (Peak 54.73M) | Time:00:00.02 | Mem:1.37M, Peak:1.37M | Scene, ViewLayer | Updating Integrator
Fra:124 Mem:13.16M (Peak 54.73M) | Time:00:00.02 | Mem:1.37M, Peak:1.37M | Scene, ViewLayer | Updating Film
Fra:124 Mem:13.16M (Peak 54.73M) | Time:00:00.02 | Mem:1.29M, Peak:1.37M | Scene, ViewLayer | Updating Lookup Tables
Fra:124 Mem:13.16M (Peak 54.73M) | Time:00:00.02 | Mem:1.37M, Peak:1.37M | Scene, ViewLayer | Updating Baking
Fra:124 Mem:13.16M (Peak 54.73M) | Time:00:00.02 | Mem:1.37M, Peak:1.37M | Scene, ViewLayer | Updating Device | Writing constant memory
Fra:124 Mem:13.16M (Peak 54.73M) | Time:00:00.02 | Mem:1.37M, Peak:1.37M | Scene, ViewLayer | Sample 0/32
Fra:124 Mem:31.00M (Peak 54.73M) | Time:00:00.31 | Remaining:00:08.90 | Mem:19.17M, Peak:19.17M | Scene, ViewLayer | Sample 1/32
Fra:124 Mem:38.91M (Peak 54.73M) | Time:00:09.30 | Mem:19.17M, Peak:19.17M | Scene, ViewLayer | Sample 32/32
Fra:124 Mem:38.91M (Peak 54.73M) | Time:00:09.30 | Mem:19.17M, Peak:19.17M | Scene, ViewLayer | Finished
Saved: '/home/runner/work/chaosim/chaosim/outputs/renders/paper_to_cloth_frames/frame_0124.png'
Time: 00:09.36 (Saving: 00:00.05)

Fra:125 Mem:14.55M (Peak 54.73M) | Time:00:00.00 | Mem:0.00M, Peak:0.00M | Scene, ViewLayer | Synchronizing object | ClothKey
Fra:125 Mem:14.55M (Peak 54.73M) | Time:00:00.00 | Mem:0.00M, Peak:0.00M | Scene, ViewLayer | Synchronizing object | ClothRim
Fra:125 Mem:14.55M (Peak 54.73M) | Time:00:00.00 | Mem:0.00M, Peak:0.00M | Scene, ViewLayer | Synchronizing object | FacesLabel
Fra:125 Mem:14.55M (Peak 54.73M) | Time:00:00.00 | Mem:0.00M, Peak:0.00M | Scene, ViewLayer | Synchronizing object | GlassSphere
Fra:125 Mem:15.12M (Peak 54.73M) | Time:00:00.00 | Mem:0.00M, Peak:0.00M | Scene, ViewLayer | Initializing
Fra:125 Mem:12.22M (Peak 54.73M) | Time:00:00.00 | Mem:0.00M, Peak:0.00M | Scene, ViewLayer | Waiting for render to start
Fra:125 Mem:12.22M (Peak 54.73M) | Time:00:00.00 | Mem:0.00M, Peak:0.00M | Scene, ViewLayer | Updating Scene
Fra:125 Mem:12.22M (Peak 54.73M) | Time:00:00.00 | Mem:0.00M, Peak:0.00M | Scene, ViewLayer | Updating Shaders
Fra:125 Mem:12.22M (Peak 54.73M) | Time:00:00.00 | Mem:0.00M, Peak:0.00M | Scene, ViewLayer | Loading render kernels (may take a few minutes the first time)
Fra:125 Mem:12.31M (Peak 54.73M) | Time:00:00.00 | Mem:0.00M, Peak:0.00M | Scene, ViewLayer | Updating Procedurals
Fra:125 Mem:12.31M (Peak 54.73M) | Time:00:00.00 | Mem:0.00M, Peak:0.00M | Scene, ViewLayer | Updating Background
Fra:125 Mem:12.31M (Peak 54.73M) | Time:00:00.00 | Mem:0.00M, Peak:0.00M | Scene, ViewLayer | Updating Camera
Fra:125 Mem:12.31M (Peak 54.73M) | Time:00:00.00 | Mem:0.00M, Peak:0.00M | Scene, ViewLayer | Updating Meshes Flags
Fra:125 Mem:12.31M (Peak 54.73M) | Time:00:00.00 | Mem:0.00M, Peak:0.00M | Scene, ViewLayer | Updating Objects
Fra:125 Mem:12.31M (Peak 54.73M) | Time:00:00.00 | Mem:0.00M, Peak:0.00M | Scene, ViewLayer | Updating Objects | Copying Transformations to device
Fra:125 Mem:12.31M (Peak 54.73M) | Time:00:00.00 | Mem:0.01M, Peak:0.01M | Scene, ViewLayer | Updating Particle Systems
Fra:125 Mem:12.31M (Peak 54.73M) | Time:00:00.00 | Mem:0.01M, Peak:0.01M | Scene, ViewLayer | Updating Particle Systems | Copying Particles to device
Fra:125 Mem:12.31M (Peak 54.73M) | Time:00:00.00 | Mem:0.01M, Peak:0.01M | Scene, ViewLayer | Updating Meshes
Fra:125 Mem:12.31M (Peak 54.73M) | Time:00:00.00 | Mem:0.01M, Peak:0.01M | Scene, ViewLayer | Updating Objects | Applying Static Transformations
Fra:125 Mem:12.31M (Peak 54.73M) | Time:00:00.00 | Mem:0.01M, Peak:0.01M | Scene, ViewLayer | Updating Mesh | Computing attributes
Fra:125 Mem:12.37M (Peak 54.73M) | Time:00:00.00 | Mem:0.01M, Peak:0.01M | Scene, ViewLayer | Updating Mesh | Copying Attributes to device
Fra:125 Mem:12.37M (Peak 54.73M) | Time:00:00.00 | Mem:0.06M, Peak:0.06M | Scene, ViewLayer | Updating Scene BVH | Building
Fra:125 Mem:12.37M (Peak 54.73M) | Time:00:00.00 | Mem:0.06M, Peak:0.06M | Scene, ViewLayer | Updating Scene BVH | Building BVH
Fra:125 Mem:12.37M (Peak 54.73M) | Time:00:00.00 | Mem:0.27M, Peak:0.27M | Scene, ViewLayer | Updating Scene BVH | Building BVH 0%
Fra:125 Mem:12.37M (Peak 54.73M) | Time:00:00.00 | Mem:0.50M, Peak:0.71M | Scene, ViewLayer | Updating Scene BVH | Copying BVH to device
Fra:125 Mem:12.37M (Peak 54.73M) | Time:00:00.00 | Mem:0.50M, Peak:0.71M | Scene, ViewLayer | Updating Mesh | Computing normals
Fra:125 Mem:12.59M (Peak 54.73M) | Time:00:00.00 | Mem:0.50M, Peak:0.71M | Scene, ViewLayer | Updating Mesh | Copying Mesh to device
Fra:125 Mem:12.59M (Peak 54.73M) | Time:00:00.00 | Mem:0.72M, Peak:0.72M | Scene, ViewLayer | Updating Objects Flags
Fra:125 Mem:12.59M (Peak 54.73M) | Time:00:00.00 | Mem:0.72M, Peak:0.72M | Scene, ViewLayer | Updating Primitive Offsets
Fra:125 Mem:12.59M (Peak 54.73M) | Time:00:00.00 | Mem:0.72M, Peak:0.72M | Scene, ViewLayer | Updating Images
Fra:125 Mem:12.59M (Peak 54.73M) | Time:00:00.00 | Mem:0.72M, Peak:0.72M | Scene, ViewLayer | Updating Camera Volume
Fra:125 Mem:12.59M (Peak 54.73M) | Time:00:00.00 | Mem:0.72M, Peak:0.72M | Scene, ViewLayer | Updating Lookup Tables
Fra:125 Mem:12.59M (Peak 54.73M) | Time:00:00.00 | Mem:0.80M, Peak:0.80M | Scene, ViewLayer | Updating Lights
Fra:125 Mem:12.59M (Peak 54.73M) | Time:00:00.00 | Mem:0.80M, Peak:0.80M | Scene, ViewLayer | Updating Lights | Computing tree
Fra:125 Mem:13.16M (Peak 54.73M) | Time:00:00.02 | Mem:1.37M, Peak:1.37M | Scene, ViewLayer | Updating Integrator
Fra:125 Mem:13.16M (Peak 54.73M) | Time:00:00.02 | Mem:1.37M, Peak:1.37M | Scene, ViewLayer | Updating Film
Fra:125 Mem:13.16M (Peak 54.73M) | Time:00:00.02 | Mem:1.29M, Peak:1.37M | Scene, ViewLayer | Updating Lookup Tables
Fra:125 Mem:13.16M (Peak 54.73M) | Time:00:00.02 | Mem:1.37M, Peak:1.37M | Scene, ViewLayer | Updating Baking
Fra:125 Mem:13.16M (Peak 54.73M) | Time:00:00.02 | Mem:1.37M, Peak:1.37M | Scene, ViewLayer | Updating Device | Writing constant memory
Fra:125 Mem:13.16M (Peak 54.73M) | Time:00:00.02 | Mem:1.37M, Peak:1.37M | Scene, ViewLayer | Sample 0/32
Fra:125 Mem:31.00M (Peak 54.73M) | Time:00:00.30 | Remaining:00:08.67 | Mem:19.17M, Peak:19.17M | Scene, ViewLayer | Sample 1/32
Fra:125 Mem:38.91M (Peak 54.73M) | Time:00:09.08 | Mem:19.17M, Peak:19.17M | Scene, ViewLayer | Sample 32/32
Fra:125 Mem:38.91M (Peak 54.73M) | Time:00:09.08 | Mem:19.17M, Peak:19.17M | Scene, ViewLayer | Finished
Saved: '/home/runner/work/chaosim/chaosim/outputs/renders/paper_to_cloth_frames/frame_0125.png'
Time: 00:09.13 (Saving: 00:00.05)

Fra:126 Mem:14.55M (Peak 54.73M) | Time:00:00.00 | Mem:0.00M, Peak:0.00M | Scene, ViewLayer | Synchronizing object | ClothKey
Fra:126 Mem:14.55M (Peak 54.73M) | Time:00:00.00 | Mem:0.00M, Peak:0.00M | Scene, ViewLayer | Synchronizing object | ClothRim
Fra:126 Mem:14.55M (Peak 54.73M) | Time:00:00.00 | Mem:0.00M, Peak:0.00M | Scene, ViewLayer | Synchronizing object | Rod
Fra:126 Mem:14.55M (Peak 54.73M) | Time:00:00.00 | Mem:0.00M, Peak:0.00M | Scene, ViewLayer | Synchronizing object | FacesLabel
Fra:126 Mem:14.58M (Peak 54.73M) | Time:00:00.00 | Mem:0.00M, Peak:0.00M | Scene, ViewLayer | Synchronizing object | GlassSphere
Fra:126 Mem:15.12M (Peak 54.73M) | Time:00:00.00 | Mem:0.00M, Peak:0.00M | Scene, ViewLayer | Initializing
Fra:126 Mem:12.22M (Peak 54.73M) | Time:00:00.00 | Mem:0.00M, Peak:0.00M | Scene, ViewLayer | Waiting for render to start
Fra:126 Mem:12.22M (Peak 54.73M) | Time:00:00.00 | Mem:0.00M, Peak:0.00M | Scene, ViewLayer | Updating Scene
Fra:126 Mem:12.22M (Peak 54.73M) | Time:00:00.00 | Mem:0.00M, Peak:0.00M | Scene, ViewLayer | Updating Shaders
Fra:126 Mem:12.22M (Peak 54.73M) | Time:00:00.00 | Mem:0.00M, Peak:0.00M | Scene, ViewLayer | Loading render kernels (may take a few minutes the first time)
Fra:126 Mem:12.31M (Peak 54.73M) | Time:00:00.00 | Mem:0.00M, Peak:0.00M | Scene, ViewLayer | Updating Procedurals
Fra:126 Mem:12.31M (Peak 54.73M) | Time:00:00.00 | Mem:0.00M, Peak:0.00M | Scene, ViewLayer | Updating Background
Fra:126 Mem:12.31M (Peak 54.73M) | Time:00:00.00 | Mem:0.00M, Peak:0.00M | Scene, ViewLayer | Updating Camera
Fra:126 Mem:12.31M (Peak 54.73M) | Time:00:00.00 | Mem:0.00M, Peak:0.00M | Scene, ViewLayer | Updating Meshes Flags
Fra:126 Mem:12.31M (Peak 54.73M) | Time:00:00.00 | Mem:0.00M, Peak:0.00M | Scene, ViewLayer | Updating Objects
Fra:126 Mem:12.31M (Peak 54.73M) | Time:00:00.00 | Mem:0.00M, Peak:0.00M | Scene, ViewLayer | Updating Objects | Copying Transformations to device
Fra:126 Mem:12.31M (Peak 54.73M) | Time:00:00.00 | Mem:0.01M, Peak:0.01M | Scene, ViewLayer | Updating Particle Systems
Fra:126 Mem:12.31M (Peak 54.73M) | Time:00:00.00 | Mem:0.01M, Peak:0.01M | Scene, ViewLayer | Updating Particle Systems | Copying Particles to device
Fra:126 Mem:12.31M (Peak 54.73M) | Time:00:00.00 | Mem:0.01M, Peak:0.01M | Scene, ViewLayer | Updating Meshes
Fra:126 Mem:12.31M (Peak 54.73M) | Time:00:00.00 | Mem:0.01M, Peak:0.01M | Scene, ViewLayer | Updating Objects | Applying Static Transformations
Fra:126 Mem:12.31M (Peak 54.73M) | Time:00:00.00 | Mem:0.01M, Peak:0.01M | Scene, ViewLayer | Updating Mesh | Computing attributes
Fra:126 Mem:12.37M (Peak 54.73M) | Time:00:00.00 | Mem:0.01M, Peak:0.01M | Scene, ViewLayer | Updating Mesh | Copying Attributes to device
Fra:126 Mem:12.37M (Peak 54.73M) | Time:00:00.00 | Mem:0.06M, Peak:0.06M | Scene, ViewLayer | Updating Scene BVH | Building
Fra:126 Mem:12.37M (Peak 54.73M) | Time:00:00.00 | Mem:0.06M, Peak:0.06M | Scene, ViewLayer | Updating Scene BVH | Building BVH
Fra:126 Mem:12.37M (Peak 54.73M) | Time:00:00.00 | Mem:0.27M, Peak:0.27M | Scene, ViewLayer | Updating Scene BVH | Building BVH 0%
Fra:126 Mem:12.37M (Peak 54.73M) | Time:00:00.00 | Mem:0.50M, Peak:0.71M | Scene, ViewLayer | Updating Scene BVH | Copying BVH to device
Fra:126 Mem:12.37M (Peak 54.73M) | Time:00:00.00 | Mem:0.50M, Peak:0.71M | Scene, ViewLayer | Updating Mesh | Computing normals
Fra:126 Mem:12.59M (Peak 54.73M) | Time:00:00.00 | Mem:0.50M, Peak:0.71M | Scene, ViewLayer | Updating Mesh | Copying Mesh to device
Fra:126 Mem:12.59M (Peak 54.73M) | Time:00:00.00 | Mem:0.72M, Peak:0.72M | Scene, ViewLayer | Updating Objects Flags
Fra:126 Mem:12.59M (Peak 54.73M) | Time:00:00.00 | Mem:0.72M, Peak:0.72M | Scene, ViewLayer | Updating Primitive Offsets
Fra:126 Mem:12.59M (Peak 54.73M) | Time:00:00.00 | Mem:0.72M, Peak:0.72M | Scene, ViewLayer | Updating Images
Fra:126 Mem:12.59M (Peak 54.73M) | Time:00:00.00 | Mem:0.72M, Peak:0.72M | Scene, ViewLayer | Updating Camera Volume
Fra:126 Mem:12.59M (Peak 54.73M) | Time:00:00.00 | Mem:0.72M, Peak:0.72M | Scene, ViewLayer | Updating Lookup Tables
Fra:126 Mem:12.59M (Peak 54.73M) | Time:00:00.00 | Mem:0.80M, Peak:0.80M | Scene, ViewLayer | Updating Lights
Fra:126 Mem:12.59M (Peak 54.73M) | Time:00:00.00 | Mem:0.80M, Peak:0.80M | Scene, ViewLayer | Updating Lights | Computing tree
Fra:126 Mem:13.16M (Peak 54.73M) | Time:00:00.02 | Mem:1.37M, Peak:1.37M | Scene, ViewLayer | Updating Integrator
Fra:126 Mem:13.16M (Peak 54.73M) | Time:00:00.02 | Mem:1.37M, Peak:1.37M | Scene, ViewLayer | Updating Film
Fra:126 Mem:13.16M (Peak 54.73M) | Time:00:00.02 | Mem:1.29M, Peak:1.37M | Scene, ViewLayer | Updating Lookup Tables
Fra:126 Mem:13.16M (Peak 54.73M) | Time:00:00.02 | Mem:1.37M, Peak:1.37M | Scene, ViewLayer | Updating Baking
Fra:126 Mem:13.16M (Peak 54.73M) | Time:00:00.02 | Mem:1.37M, Peak:1.37M | Scene, ViewLayer | Updating Device | Writing constant memory
Fra:126 Mem:13.16M (Peak 54.73M) | Time:00:00.02 | Mem:1.37M, Peak:1.37M | Scene, ViewLayer | Sample 0/32
Fra:126 Mem:31.00M (Peak 54.73M) | Time:00:00.29 | Remaining:00:08.43 | Mem:19.17M, Peak:19.17M | Scene, ViewLayer | Sample 1/32
Fra:126 Mem:38.91M (Peak 54.73M) | Time:00:08.77 | Mem:19.17M, Peak:19.17M | Scene, ViewLayer | Sample 32/32
Fra:126 Mem:38.91M (Peak 54.73M) | Time:00:08.77 | Mem:19.17M, Peak:19.17M | Scene, ViewLayer | Finished
Saved: '/home/runner/work/chaosim/chaosim/outputs/renders/paper_to_cloth_frames/frame_0126.png'
Time: 00:08.83 (Saving: 00:00.05)

Fra:127 Mem:14.55M (Peak 54.73M) | Time:00:00.00 | Mem:0.00M, Peak:0.00M | Scene, ViewLayer | Synchronizing object | ClothKey
Fra:127 Mem:14.55M (Peak 54.73M) | Time:00:00.00 | Mem:0.00M, Peak:0.00M | Scene, ViewLayer | Synchronizing object | ClothRim
Fra:127 Mem:14.55M (Peak 54.73M) | Time:00:00.00 | Mem:0.00M, Peak:0.00M | Scene, ViewLayer | Synchronizing object | Sheet
Fra:127 Mem:14.55M (Peak 54.73M) | Time:00:00.00 | Mem:0.00M, Peak:0.00M | Scene, ViewLayer | Synchronizing object | FacesLabel
Fra:127 Mem:14.59M (Peak 54.73M) | Time:00:00.00 | Mem:0.00M, Peak:0.00M | Scene, ViewLayer | Synchronizing object | GlassSphere
Fra:127 Mem:15.12M (Peak 54.73M) | Time:00:00.00 | Mem:0.00M, Peak:0.00M | Scene, ViewLayer | Initializing
Fra:127 Mem:12.22M (Peak 54.73M) | Time:00:00.00 | Mem:0.00M, Peak:0.00M | Scene, ViewLayer | Waiting for render to start
Fra:127 Mem:12.22M (Peak 54.73M) | Time:00:00.00 | Mem:0.00M, Peak:0.00M | Scene, ViewLayer | Updating Scene
Fra:127 Mem:12.22M (Peak 54.73M) | Time:00:00.00 | Mem:0.00M, Peak:0.00M | Scene, ViewLayer | Updating Shaders
Fra:127 Mem:12.22M (Peak 54.73M) | Time:00:00.00 | Mem:0.00M, Peak:0.00M | Scene, ViewLayer | Loading render kernels (may take a few minutes the first time)
Fra:127 Mem:12.31M (Peak 54.73M) | Time:00:00.00 | Mem:0.00M, Peak:0.00M | Scene, ViewLayer | Updating Procedurals
Fra:127 Mem:12.31M (Peak 54.73M) | Time:00:00.00 | Mem:0.00M, Peak:0.00M | Scene, ViewLayer | Updating Background
Fra:127 Mem:12.31M (Peak 54.73M) | Time:00:00.00 | Mem:0.00M, Peak:0.00M | Scene, ViewLayer | Updating Camera
Fra:127 Mem:12.31M (Peak 54.73M) | Time:00:00.00 | Mem:0.00M, Peak:0.00M | Scene, ViewLayer | Updating Meshes Flags
Fra:127 Mem:12.31M (Peak 54.73M) | Time:00:00.00 | Mem:0.00M, Peak:0.00M | Scene, ViewLayer | Updating Objects
Fra:127 Mem:12.31M (Peak 54.73M) | Time:00:00.00 | Mem:0.00M, Peak:0.00M | Scene, ViewLayer | Updating Objects | Copying Transformations to device
Fra:127 Mem:12.31M (Peak 54.73M) | Time:00:00.00 | Mem:0.01M, Peak:0.01M | Scene, ViewLayer | Updating Particle Systems
Fra:127 Mem:12.31M (Peak 54.73M) | Time:00:00.00 | Mem:0.01M, Peak:0.01M | Scene, ViewLayer | Updating Particle Systems | Copying Particles to device
Fra:127 Mem:12.31M (Peak 54.73M) | Time:00:00.00 | Mem:0.01M, Peak:0.01M | Scene, ViewLayer | Updating Meshes
Fra:127 Mem:12.31M (Peak 54.73M) | Time:00:00.00 | Mem:0.01M, Peak:0.01M | Scene, ViewLayer | Updating Objects | Applying Static Transformations
Fra:127 Mem:12.31M (Peak 54.73M) | Time:00:00.00 | Mem:0.01M, Peak:0.01M | Scene, ViewLayer | Updating Mesh | Computing attributes
Fra:127 Mem:12.37M (Peak 54.73M) | Time:00:00.00 | Mem:0.01M, Peak:0.01M | Scene, ViewLayer | Updating Mesh | Copying Attributes to device
Fra:127 Mem:12.37M (Peak 54.73M) | Time:00:00.00 | Mem:0.06M, Peak:0.06M | Scene, ViewLayer | Updating Scene BVH | Building
Fra:127 Mem:12.37M (Peak 54.73M) | Time:00:00.00 | Mem:0.06M, Peak:0.06M | Scene, ViewLayer | Updating Scene BVH | Building BVH
Fra:127 Mem:12.37M (Peak 54.73M) | Time:00:00.00 | Mem:0.27M, Peak:0.27M | Scene, ViewLayer | Updating Scene BVH | Building BVH 0%
Fra:127 Mem:12.37M (Peak 54.73M) | Time:00:00.00 | Mem:0.50M, Peak:0.71M | Scene, ViewLayer | Updating Scene BVH | Copying BVH to device
Fra:127 Mem:12.37M (Peak 54.73M) | Time:00:00.00 | Mem:0.50M, Peak:0.71M | Scene, ViewLayer | Updating Mesh | Computing normals
Fra:127 Mem:12.59M (Peak 54.73M) | Time:00:00.00 | Mem:0.50M, Peak:0.71M | Scene, ViewLayer | Updating Mesh | Copying Mesh to device
Fra:127 Mem:12.59M (Peak 54.73M) | Time:00:00.00 | Mem:0.72M, Peak:0.72M | Scene, ViewLayer | Updating Objects Flags
Fra:127 Mem:12.59M (Peak 54.73M) | Time:00:00.00 | Mem:0.72M, Peak:0.72M | Scene, ViewLayer | Updating Primitive Offsets
Fra:127 Mem:12.59M (Peak 54.73M) | Time:00:00.00 | Mem:0.72M, Peak:0.72M | Scene, ViewLayer | Updating Images
Fra:127 Mem:12.59M (Peak 54.73M) | Time:00:00.00 | Mem:0.72M, Peak:0.72M | Scene, ViewLayer | Updating Camera Volume
Fra:127 Mem:12.59M (Peak 54.73M) | Time:00:00.00 | Mem:0.72M, Peak:0.72M | Scene, ViewLayer | Updating Lookup Tables
Fra:127 Mem:12.59M (Peak 54.73M) | Time:00:00.00 | Mem:0.80M, Peak:0.80M | Scene, ViewLayer | Updating Lights
Fra:127 Mem:12.59M (Peak 54.73M) | Time:00:00.00 | Mem:0.80M, Peak:0.80M | Scene, ViewLayer | Updating Lights | Computing tree
Fra:127 Mem:13.16M (Peak 54.73M) | Time:00:00.02 | Mem:1.37M, Peak:1.37M | Scene, ViewLayer | Updating Integrator
Fra:127 Mem:13.16M (Peak 54.73M) | Time:00:00.02 | Mem:1.37M, Peak:1.37M | Scene, ViewLayer | Updating Film
Fra:127 Mem:13.16M (Peak 54.73M) | Time:00:00.02 | Mem:1.29M, Peak:1.37M | Scene, ViewLayer | Updating Lookup Tables
Fra:127 Mem:13.16M (Peak 54.73M) | Time:00:00.02 | Mem:1.37M, Peak:1.37M | Scene, ViewLayer | Updating Baking
Fra:127 Mem:13.16M (Peak 54.73M) | Time:00:00.02 | Mem:1.37M, Peak:1.37M | Scene, ViewLayer | Updating Device | Writing constant memory
Fra:127 Mem:13.16M (Peak 54.73M) | Time:00:00.02 | Mem:1.37M, Peak:1.37M | Scene, ViewLayer | Sample 0/32
Fra:127 Mem:31.00M (Peak 54.73M) | Time:00:00.28 | Remaining:00:08.19 | Mem:19.17M, Peak:19.17M | Scene, ViewLayer | Sample 1/32
Fra:127 Mem:38.91M (Peak 54.73M) | Time:00:08.47 | Mem:19.17M, Peak:19.17M | Scene, ViewLayer | Sample 32/32
Fra:127 Mem:38.91M (Peak 54.73M) | Time:00:08.47 | Mem:19.17M, Peak:19.17M | Scene, ViewLayer | Finished
Saved: '/home/runner/work/chaosim/chaosim/outputs/renders/paper_to_cloth_frames/frame_0127.png'
Time: 00:08.53 (Saving: 00:00.05)

Fra:128 Mem:14.55M (Peak 54.73M) | Time:00:00.00 | Mem:0.00M, Peak:0.00M | Scene, ViewLayer | Synchronizing object | ClothKey
Fra:128 Mem:14.55M (Peak 54.73M) | Time:00:00.00 | Mem:0.00M, Peak:0.00M | Scene, ViewLayer | Synchronizing object | Rod
Fra:128 Mem:14.55M (Peak 54.73M) | Time:00:00.00 | Mem:0.00M, Peak:0.00M | Scene, ViewLayer | Synchronizing object | FacesLabel
Fra:128 Mem:14.55M (Peak 54.73M) | Time:00:00.00 | Mem:0.00M, Peak:0.00M | Scene, ViewLayer | Synchronizing object | GlassSphere
Fra:128 Mem:15.12M (Peak 54.73M) | Time:00:00.00 | Mem:0.00M, Peak:0.00M | Scene, ViewLayer | Initializing
Fra:128 Mem:12.22M (Peak 54.73M) | Time:00:00.00 | Mem:0.00M, Peak:0.00M | Scene, ViewLayer | Waiting for render to start
Fra:128 Mem:12.22M (Peak 54.73M) | Time:00:00.00 | Mem:0.00M, Peak:0.00M | Scene, ViewLayer | Updating Scene
Fra:128 Mem:12.22M (Peak 54.73M) | Time:00:00.00 | Mem:0.00M, Peak:0.00M | Scene, ViewLayer | Updating Shaders
Fra:128 Mem:12.22M (Peak 54.73M) | Time:00:00.00 | Mem:0.00M, Peak:0.00M | Scene, ViewLayer | Loading render kernels (may take a few minutes the first time)
Fra:128 Mem:12.31M (Peak 54.73M) | Time:00:00.00 | Mem:0.00M, Peak:0.00M | Scene, ViewLayer | Updating Procedurals
Fra:128 Mem:12.31M (Peak 54.73M) | Time:00:00.00 | Mem:0.00M, Peak:0.00M | Scene, ViewLayer | Updating Background
Fra:128 Mem:12.31M (Peak 54.73M) | Time:00:00.00 | Mem:0.00M, Peak:0.00M | Scene, ViewLayer | Updating Camera
Fra:128 Mem:12.31M (Peak 54.73M) | Time:00:00.00 | Mem:0.00M, Peak:0.00M | Scene, ViewLayer | Updating Meshes Flags
Fra:128 Mem:12.31M (Peak 54.73M) | Time:00:00.00 | Mem:0.00M, Peak:0.00M | Scene, ViewLayer | Updating Objects
Fra:128 Mem:12.31M (Peak 54.73M) | Time:00:00.00 | Mem:0.00M, Peak:0.00M | Scene, ViewLayer | Updating Objects | Copying Transformations to device
Fra:128 Mem:12.31M (Peak 54.73M) | Time:00:00.00 | Mem:0.01M, Peak:0.01M | Scene, ViewLayer | Updating Particle Systems
Fra:128 Mem:12.31M (Peak 54.73M) | Time:00:00.00 | Mem:0.01M, Peak:0.01M | Scene, ViewLayer | Updating Particle Systems | Copying Particles to device
Fra:128 Mem:12.31M (Peak 54.73M) | Time:00:00.00 | Mem:0.01M, Peak:0.01M | Scene, ViewLayer | Updating Meshes
Fra:128 Mem:12.31M (Peak 54.73M) | Time:00:00.00 | Mem:0.01M, Peak:0.01M | Scene, ViewLayer | Updating Objects | Applying Static Transformations
Fra:128 Mem:12.31M (Peak 54.73M) | Time:00:00.00 | Mem:0.01M, Peak:0.01M | Scene, ViewLayer | Updating Mesh | Computing attributes
Fra:128 Mem:12.37M (Peak 54.73M) | Time:00:00.00 | Mem:0.01M, Peak:0.01M | Scene, ViewLayer | Updating Mesh | Copying Attributes to device
Fra:128 Mem:12.37M (Peak 54.73M) | Time:00:00.00 | Mem:0.06M, Peak:0.06M | Scene, ViewLayer | Updating Scene BVH | Building
Fra:128 Mem:12.37M (Peak 54.73M) | Time:00:00.00 | Mem:0.06M, Peak:0.06M | Scene, ViewLayer | Updating Scene BVH | Building BVH
Fra:128 Mem:12.37M (Peak 54.73M) | Time:00:00.00 | Mem:0.27M, Peak:0.27M | Scene, ViewLayer | Updating Scene BVH | Building BVH 0%
Fra:128 Mem:12.37M (Peak 54.73M) | Time:00:00.00 | Mem:0.50M, Peak:0.71M | Scene, ViewLayer | Updating Scene BVH | Copying BVH to device
Fra:128 Mem:12.37M (Peak 54.73M) | Time:00:00.00 | Mem:0.50M, Peak:0.71M | Scene, ViewLayer | Updating Mesh | Computing normals
Fra:128 Mem:12.59M (Peak 54.73M) | Time:00:00.00 | Mem:0.50M, Peak:0.71M | Scene, ViewLayer | Updating Mesh | Copying Mesh to device
Fra:128 Mem:12.59M (Peak 54.73M) | Time:00:00.00 | Mem:0.72M, Peak:0.72M | Scene, ViewLayer | Updating Objects Flags
Fra:128 Mem:12.59M (Peak 54.73M) | Time:00:00.00 | Mem:0.72M, Peak:0.72M | Scene, ViewLayer | Updating Primitive Offsets
Fra:128 Mem:12.59M (Peak 54.73M) | Time:00:00.00 | Mem:0.72M, Peak:0.72M | Scene, ViewLayer | Updating Images
Fra:128 Mem:12.59M (Peak 54.73M) | Time:00:00.00 | Mem:0.72M, Peak:0.72M | Scene, ViewLayer | Updating Camera Volume
Fra:128 Mem:12.59M (Peak 54.73M) | Time:00:00.00 | Mem:0.72M, Peak:0.72M | Scene, ViewLayer | Updating Lookup Tables
Fra:128 Mem:12.59M (Peak 54.73M) | Time:00:00.00 | Mem:0.80M, Peak:0.80M | Scene, ViewLayer | Updating Lights
Fra:128 Mem:12.59M (Peak 54.73M) | Time:00:00.00 | Mem:0.80M, Peak:0.80M | Scene, ViewLayer | Updating Lights | Computing tree
Fra:128 Mem:13.16M (Peak 54.73M) | Time:00:00.02 | Mem:1.37M, Peak:1.37M | Scene, ViewLayer | Updating Integrator
Fra:128 Mem:13.16M (Peak 54.73M) | Time:00:00.02 | Mem:1.37M, Peak:1.37M | Scene, ViewLayer | Updating Film
Fra:128 Mem:13.16M (Peak 54.73M) | Time:00:00.02 | Mem:1.29M, Peak:1.37M | Scene, ViewLayer | Updating Lookup Tables
Fra:128 Mem:13.16M (Peak 54.73M) | Time:00:00.02 | Mem:1.37M, Peak:1.37M | Scene, ViewLayer | Updating Baking
Fra:128 Mem:13.16M (Peak 54.73M) | Time:00:00.02 | Mem:1.37M, Peak:1.37M | Scene, ViewLayer | Updating Device | Writing constant memory
Fra:128 Mem:13.16M (Peak 54.73M) | Time:00:00.02 | Mem:1.37M, Peak:1.37M | Scene, ViewLayer | Sample 0/32
Fra:128 Mem:31.00M (Peak 54.73M) | Time:00:00.27 | Remaining:00:07.61 | Mem:19.17M, Peak:19.17M | Scene, ViewLayer | Sample 1/32
Fra:128 Mem:38.91M (Peak 54.73M) | Time:00:07.97 | Mem:19.17M, Peak:19.17M | Scene, ViewLayer | Sample 32/32
Fra:128 Mem:38.91M (Peak 54.73M) | Time:00:07.97 | Mem:19.17M, Peak:19.17M | Scene, ViewLayer | Finished
Saved: '/home/runner/work/chaosim/chaosim/outputs/renders/paper_to_cloth_frames/frame_0128.png'
Time: 00:08.02 (Saving: 00:00.05)

Fra:129 Mem:14.55M (Peak 54.73M) | Time:00:00.00 | Mem:0.00M, Peak:0.00M | Scene, ViewLayer | Synchronizing object | ClothKey
Fra:129 Mem:14.55M (Peak 54.73M) | Time:00:00.00 | Mem:0.00M, Peak:0.00M | Scene, ViewLayer | Synchronizing object | ClothRim
Fra:129 Mem:14.55M (Peak 54.73M) | Time:00:00.00 | Mem:0.00M, Peak:0.00M | Scene, ViewLayer | Synchronizing object | Rod
Fra:129 Mem:14.55M (Peak 54.73M) | Time:00:00.00 | Mem:0.00M, Peak:0.00M | Scene, ViewLayer | Synchronizing object | Sheet
Fra:129 Mem:14.57M (Peak 54.73M) | Time:00:00.00 | Mem:0.00M, Peak:0.00M | Scene, ViewLayer | Synchronizing object | FacesLabel
Fra:129 Mem:14.62M (Peak 54.73M) | Time:00:00.00 | Mem:0.00M, Peak:0.00M | Scene, ViewLayer | Synchronizing object | GlassSphere
Fra:129 Mem:15.12M (Peak 54.73M) | Time:00:00.00 | Mem:0.00M, Peak:0.00M | Scene, ViewLayer | Initializing
Fra:129 Mem:12.22M (Peak 54.73M) | Time:00:00.00 | Mem:0.00M, Peak:0.00M | Scene, ViewLayer | Waiting for render to start
Fra:129 Mem:12.22M (Peak 54.73M) | Time:00:00.00 | Mem:0.00M, Peak:0.00M | Scene, ViewLayer | Updating Scene
Fra:129 Mem:12.22M (Peak 54.73M) | Time:00:00.00 | Mem:0.00M, Peak:0.00M | Scene, ViewLayer | Updating Shaders
Fra:129 Mem:12.22M (Peak 54.73M) | Time:00:00.00 | Mem:0.00M, Peak:0.00M | Scene, ViewLayer | Loading render kernels (may take a few minutes the first time)
Fra:129 Mem:12.31M (Peak 54.73M) | Time:00:00.00 | Mem:0.00M, Peak:0.00M | Scene, ViewLayer | Updating Procedurals
Fra:129 Mem:12.31M (Peak 54.73M) | Time:00:00.00 | Mem:0.00M, Peak:0.00M | Scene, ViewLayer | Updating Background
Fra:129 Mem:12.31M (Peak 54.73M) | Time:00:00.00 | Mem:0.00M, Peak:0.00M | Scene, ViewLayer | Updating Camera
Fra:129 Mem:12.31M (Peak 54.73M) | Time:00:00.00 | Mem:0.00M, Peak:0.00M | Scene, ViewLayer | Updating Meshes Flags
Fra:129 Mem:12.31M (Peak 54.73M) | Time:00:00.00 | Mem:0.00M, Peak:0.00M | Scene, ViewLayer | Updating Objects
Fra:129 Mem:12.31M (Peak 54.73M) | Time:00:00.00 | Mem:0.00M, Peak:0.00M | Scene, ViewLayer | Updating Objects | Copying Transformations to device
Fra:129 Mem:12.31M (Peak 54.73M) | Time:00:00.00 | Mem:0.01M, Peak:0.01M | Scene, ViewLayer | Updating Particle Systems
Fra:129 Mem:12.31M (Peak 54.73M) | Time:00:00.00 | Mem:0.01M, Peak:0.01M | Scene, ViewLayer | Updating Particle Systems | Copying Particles to device
Fra:129 Mem:12.31M (Peak 54.73M) | Time:00:00.00 | Mem:0.01M, Peak:0.01M | Scene, ViewLayer | Updating Meshes
Fra:129 Mem:12.31M (Peak 54.73M) | Time:00:00.00 | Mem:0.01M, Peak:0.01M | Scene, ViewLayer | Updating Objects | Applying Static Transformations
Fra:129 Mem:12.31M (Peak 54.73M) | Time:00:00.00 | Mem:0.01M, Peak:0.01M | Scene, ViewLayer | Updating Mesh | Computing attributes
Fra:129 Mem:12.37M (Peak 54.73M) | Time:00:00.00 | Mem:0.01M, Peak:0.01M | Scene, ViewLayer | Updating Mesh | Copying Attributes to device
Fra:129 Mem:12.37M (Peak 54.73M) | Time:00:00.00 | Mem:0.06M, Peak:0.06M | Scene, ViewLayer | Updating Scene BVH | Building
Fra:129 Mem:12.37M (Peak 54.73M) | Time:00:00.00 | Mem:0.06M, Peak:0.06M | Scene, ViewLayer | Updating Scene BVH | Building BVH
Fra:129 Mem:12.37M (Peak 54.73M) | Time:00:00.00 | Mem:0.27M, Peak:0.27M | Scene, ViewLayer | Updating Scene BVH | Building BVH 0%
Fra:129 Mem:12.37M (Peak 54.73M) | Time:00:00.00 | Mem:0.50M, Peak:0.71M | Scene, ViewLayer | Updating Scene BVH | Copying BVH to device
Fra:129 Mem:12.37M (Peak 54.73M) | Time:00:00.00 | Mem:0.50M, Peak:0.71M | Scene, ViewLayer | Updating Mesh | Computing normals
Fra:129 Mem:12.59M (Peak 54.73M) | Time:00:00.00 | Mem:0.50M, Peak:0.71M | Scene, ViewLayer | Updating Mesh | Copying Mesh to device
Fra:129 Mem:12.59M (Peak 54.73M) | Time:00:00.00 | Mem:0.72M, Peak:0.72M | Scene, ViewLayer | Updating Objects Flags
Fra:129 Mem:12.59M (Peak 54.73M) | Time:00:00.00 | Mem:0.72M, Peak:0.72M | Scene, ViewLayer | Updating Primitive Offsets
Fra:129 Mem:12.59M (Peak 54.73M) | Time:00:00.00 | Mem:0.72M, Peak:0.72M | Scene, ViewLayer | Updating Images
Fra:129 Mem:12.59M (Peak 54.73M) | Time:00:00.00 | Mem:0.72M, Peak:0.72M | Scene, ViewLayer | Updating Camera Volume
Fra:129 Mem:12.59M (Peak 54.73M) | Time:00:00.00 | Mem:0.72M, Peak:0.72M | Scene, ViewLayer | Updating Lookup Tables
Fra:129 Mem:12.59M (Peak 54.73M) | Time:00:00.00 | Mem:0.80M, Peak:0.80M | Scene, ViewLayer | Updating Lights
Fra:129 Mem:12.59M (Peak 54.73M) | Time:00:00.00 | Mem:0.80M, Peak:0.80M | Scene, ViewLayer | Updating Lights | Computing tree
Fra:129 Mem:13.16M (Peak 54.73M) | Time:00:00.02 | Mem:1.37M, Peak:1.37M | Scene, ViewLayer | Updating Integrator
Fra:129 Mem:13.16M (Peak 54.73M) | Time:00:00.02 | Mem:1.37M, Peak:1.37M | Scene, ViewLayer | Updating Film
Fra:129 Mem:13.16M (Peak 54.73M) | Time:00:00.02 | Mem:1.29M, Peak:1.37M | Scene, ViewLayer | Updating Lookup Tables
Fra:129 Mem:13.16M (Peak 54.73M) | Time:00:00.02 | Mem:1.37M, Peak:1.37M | Scene, ViewLayer | Updating Baking
Fra:129 Mem:13.16M (Peak 54.73M) | Time:00:00.02 | Mem:1.37M, Peak:1.37M | Scene, ViewLayer | Updating Device | Writing constant memory
Fra:129 Mem:13.16M (Peak 54.73M) | Time:00:00.02 | Mem:1.37M, Peak:1.37M | Scene, ViewLayer | Sample 0/32
Fra:129 Mem:31.00M (Peak 54.73M) | Time:00:00.26 | Remaining:00:07.41 | Mem:19.17M, Peak:19.17M | Scene, ViewLayer | Sample 1/32
Fra:129 Mem:38.91M (Peak 54.73M) | Time:00:07.71 | Mem:19.17M, Peak:19.17M | Scene, ViewLayer | Sample 32/32
Fra:129 Mem:38.91M (Peak 54.73M) | Time:00:07.71 | Mem:19.17M, Peak:19.17M | Scene, ViewLayer | Finished
Saved: '/home/runner/work/chaosim/chaosim/outputs/renders/paper_to_cloth_frames/frame_0129.png'
Time: 00:07.77 (Saving: 00:00.05)

Fra:130 Mem:14.55M (Peak 54.73M) | Time:00:00.00 | Mem:0.00M, Peak:0.00M | Scene, ViewLayer | Synchronizing object | ClothKey
Fra:130 Mem:14.55M (Peak 54.73M) | Time:00:00.00 | Mem:0.00M, Peak:0.00M | Scene, ViewLayer | Synchronizing object | Rod
Fra:130 Mem:14.55M (Peak 54.73M) | Time:00:00.00 | Mem:0.00M, Peak:0.00M | Scene, ViewLayer | Synchronizing object | FacesLabel
Fra:130 Mem:14.55M (Peak 54.73M) | Time:00:00.00 | Mem:0.00M, Peak:0.00M | Scene, ViewLayer | Synchronizing object | GlassSphere
Fra:130 Mem:15.12M (Peak 54.73M) | Time:00:00.00 | Mem:0.00M, Peak:0.00M | Scene, ViewLayer | Initializing
Fra:130 Mem:12.22M (Peak 54.73M) | Time:00:00.00 | Mem:0.00M, Peak:0.00M | Scene, ViewLayer | Waiting for render to start
Fra:130 Mem:12.22M (Peak 54.73M) | Time:00:00.00 | Mem:0.00M, Peak:0.00M | Scene, ViewLayer | Updating Scene
Fra:130 Mem:12.22M (Peak 54.73M) | Time:00:00.00 | Mem:0.00M, Peak:0.00M | Scene, ViewLayer | Updating Shaders
Fra:130 Mem:12.22M (Peak 54.73M) | Time:00:00.00 | Mem:0.00M, Peak:0.00M | Scene, ViewLayer | Loading render kernels (may take a few minutes the first time)
Fra:130 Mem:12.31M (Peak 54.73M) | Time:00:00.00 | Mem:0.00M, Peak:0.00M | Scene, ViewLayer | Updating Procedurals
Fra:130 Mem:12.31M (Peak 54.73M) | Time:00:00.00 | Mem:0.00M, Peak:0.00M | Scene, ViewLayer | Updating Background
Fra:130 Mem:12.31M (Peak 54.73M) | Time:00:00.00 | Mem:0.00M, Peak:0.00M | Scene, ViewLayer | Updating Camera
Fra:130 Mem:12.31M (Peak 54.73M) | Time:00:00.00 | Mem:0.00M, Peak:0.00M | Scene, ViewLayer | Updating Meshes Flags
Fra:130 Mem:12.31M (Peak 54.73M) | Time:00:00.00 | Mem:0.00M, Peak:0.00M | Scene, ViewLayer | Updating Objects
Fra:130 Mem:12.31M (Peak 54.73M) | Time:00:00.00 | Mem:0.00M, Peak:0.00M | Scene, ViewLayer | Updating Objects | Copying Transformations to device
Fra:130 Mem:12.31M (Peak 54.73M) | Time:00:00.00 | Mem:0.01M, Peak:0.01M | Scene, ViewLayer | Updating Particle Systems
Fra:130 Mem:12.31M (Peak 54.73M) | Time:00:00.00 | Mem:0.01M, Peak:0.01M | Scene, ViewLayer | Updating Particle Systems | Copying Particles to device
Fra:130 Mem:12.31M (Peak 54.73M) | Time:00:00.00 | Mem:0.01M, Peak:0.01M | Scene, ViewLayer | Updating Meshes
Fra:130 Mem:12.31M (Peak 54.73M) | Time:00:00.00 | Mem:0.01M, Peak:0.01M | Scene, ViewLayer | Updating Objects | Applying Static Transformations
Fra:130 Mem:12.31M (Peak 54.73M) | Time:00:00.00 | Mem:0.01M, Peak:0.01M | Scene, ViewLayer | Updating Mesh | Computing attributes
Fra:130 Mem:12.37M (Peak 54.73M) | Time:00:00.00 | Mem:0.01M, Peak:0.01M | Scene, ViewLayer | Updating Mesh | Copying Attributes to device
Fra:130 Mem:12.37M (Peak 54.73M) | Time:00:00.00 | Mem:0.06M, Peak:0.06M | Scene, ViewLayer | Updating Scene BVH | Building
Fra:130 Mem:12.37M (Peak 54.73M) | Time:00:00.00 | Mem:0.06M, Peak:0.06M | Scene, ViewLayer | Updating Scene BVH | Building BVH
Fra:130 Mem:12.37M (Peak 54.73M) | Time:00:00.00 | Mem:0.27M, Peak:0.27M | Scene, ViewLayer | Updating Scene BVH | Building BVH 0%
Fra:130 Mem:12.37M (Peak 54.73M) | Time:00:00.00 | Mem:0.50M, Peak:0.71M | Scene, ViewLayer | Updating Scene BVH | Copying BVH to device
Fra:130 Mem:12.37M (Peak 54.73M) | Time:00:00.00 | Mem:0.50M, Peak:0.71M | Scene, ViewLayer | Updating Mesh | Computing normals
Fra:130 Mem:12.59M (Peak 54.73M) | Time:00:00.00 | Mem:0.50M, Peak:0.71M | Scene, ViewLayer | Updating Mesh | Copying Mesh to device
Fra:130 Mem:12.59M (Peak 54.73M) | Time:00:00.00 | Mem:0.72M, Peak:0.72M | Scene, ViewLayer | Updating Objects Flags
Fra:130 Mem:12.59M (Peak 54.73M) | Time:00:00.00 | Mem:0.72M, Peak:0.72M | Scene, ViewLayer | Updating Primitive Offsets
Fra:130 Mem:12.59M (Peak 54.73M) | Time:00:00.00 | Mem:0.72M, Peak:0.72M | Scene, ViewLayer | Updating Images
Fra:130 Mem:12.59M (Peak 54.73M) | Time:00:00.00 | Mem:0.72M, Peak:0.72M | Scene, ViewLayer | Updating Camera Volume
Fra:130 Mem:12.59M (Peak 54.73M) | Time:00:00.00 | Mem:0.72M, Peak:0.72M | Scene, ViewLayer | Updating Lookup Tables
Fra:130 Mem:12.59M (Peak 54.73M) | Time:00:00.00 | Mem:0.80M, Peak:0.80M | Scene, ViewLayer | Updating Lights
Fra:130 Mem:12.59M (Peak 54.73M) | Time:00:00.00 | Mem:0.80M, Peak:0.80M | Scene, ViewLayer | Updating Lights | Computing tree
Fra:130 Mem:13.16M (Peak 54.73M) | Time:00:00.02 | Mem:1.37M, Peak:1.37M | Scene, ViewLayer | Updating Integrator
Fra:130 Mem:13.16M (Peak 54.73M) | Time:00:00.02 | Mem:1.37M, Peak:1.37M | Scene, ViewLayer | Updating Film
Fra:130 Mem:13.16M (Peak 54.73M) | Time:00:00.02 | Mem:1.29M, Peak:1.37M | Scene, ViewLayer | Updating Lookup Tables
Fra:130 Mem:13.16M (Peak 54.73M) | Time:00:00.02 | Mem:1.37M, Peak:1.37M | Scene, ViewLayer | Updating Baking
Fra:130 Mem:13.16M (Peak 54.73M) | Time:00:00.02 | Mem:1.37M, Peak:1.37M | Scene, ViewLayer | Updating Device | Writing constant memory
Fra:130 Mem:13.16M (Peak 54.73M) | Time:00:00.02 | Mem:1.37M, Peak:1.37M | Scene, ViewLayer | Sample 0/32
Fra:130 Mem:31.00M (Peak 54.73M) | Time:00:00.25 | Remaining:00:07.25 | Mem:19.17M, Peak:19.17M | Scene, ViewLayer | Sample 1/32
Fra:130 Mem:38.91M (Peak 54.73M) | Time:00:07.57 | Mem:19.17M, Peak:19.17M | Scene, ViewLayer | Sample 32/32
Fra:130 Mem:38.91M (Peak 54.73M) | Time:00:07.57 | Mem:19.17M, Peak:19.17M | Scene, ViewLayer | Finished
Saved: '/home/runner/work/chaosim/chaosim/outputs/renders/paper_to_cloth_frames/frame_0130.png'
Time: 00:07.63 (Saving: 00:00.05)

Fra:131 Mem:14.55M (Peak 54.73M) | Time:00:00.00 | Mem:0.00M, Peak:0.00M | Scene, ViewLayer | Synchronizing object | ClothKey
Fra:131 Mem:14.55M (Peak 54.73M) | Time:00:00.00 | Mem:0.00M, Peak:0.00M | Scene, ViewLayer | Synchronizing object | ClothRim
Fra:131 Mem:14.55M (Peak 54.73M) | Time:00:00.00 | Mem:0.00M, Peak:0.00M | Scene, ViewLayer | Synchronizing object | Rod
Fra:131 Mem:14.55M (Peak 54.73M) | Time:00:00.00 | Mem:0.00M, Peak:0.00M | Scene, ViewLayer | Synchronizing object | Sheet
Fra:131 Mem:14.57M (Peak 54.73M) | Time:00:00.00 | Mem:0.00M, Peak:0.00M | Scene, ViewLayer | Synchronizing object | GlassSphere
Fra:131 Mem:15.12M (Peak 54.73M) | Time:00:00.00 | Mem:0.00M, Peak:0.00M | Scene, ViewLayer | Initializing
Fra:131 Mem:12.22M (Peak 54.73M) | Time:00:00.00 | Mem:0.00M, Peak:0.00M | Scene, ViewLayer | Waiting for render to start
Fra:131 Mem:12.22M (Peak 54.73M) | Time:00:00.00 | Mem:0.00M, Peak:0.00M | Scene, ViewLayer | Updating Scene
Fra:131 Mem:12.22M (Peak 54.73M) | Time:00:00.00 | Mem:0.00M, Peak:0.00M | Scene, ViewLayer | Updating Shaders
Fra:131 Mem:12.22M (Peak 54.73M) | Time:00:00.00 | Mem:0.00M, Peak:0.00M | Scene, ViewLayer | Loading render kernels (may take a few minutes the first time)
Fra:131 Mem:12.31M (Peak 54.73M) | Time:00:00.00 | Mem:0.00M, Peak:0.00M | Scene, ViewLayer | Updating Procedurals
Fra:131 Mem:12.31M (Peak 54.73M) | Time:00:00.00 | Mem:0.00M, Peak:0.00M | Scene, ViewLayer | Updating Background
Fra:131 Mem:12.31M (Peak 54.73M) | Time:00:00.00 | Mem:0.00M, Peak:0.00M | Scene, ViewLayer | Updating Camera
Fra:131 Mem:12.31M (Peak 54.73M) | Time:00:00.00 | Mem:0.00M, Peak:0.00M | Scene, ViewLayer | Updating Meshes Flags
Fra:131 Mem:12.31M (Peak 54.73M) | Time:00:00.00 | Mem:0.00M, Peak:0.00M | Scene, ViewLayer | Updating Objects
Fra:131 Mem:12.31M (Peak 54.73M) | Time:00:00.00 | Mem:0.00M, Peak:0.00M | Scene, ViewLayer | Updating Objects | Copying Transformations to device
Fra:131 Mem:12.31M (Peak 54.73M) | Time:00:00.00 | Mem:0.01M, Peak:0.01M | Scene, ViewLayer | Updating Particle Systems
Fra:131 Mem:12.31M (Peak 54.73M) | Time:00:00.00 | Mem:0.01M, Peak:0.01M | Scene, ViewLayer | Updating Particle Systems | Copying Particles to device
Fra:131 Mem:12.31M (Peak 54.73M) | Time:00:00.00 | Mem:0.01M, Peak:0.01M | Scene, ViewLayer | Updating Meshes
Fra:131 Mem:12.31M (Peak 54.73M) | Time:00:00.00 | Mem:0.01M, Peak:0.01M | Scene, ViewLayer | Updating Objects | Applying Static Transformations
Fra:131 Mem:12.31M (Peak 54.73M) | Time:00:00.00 | Mem:0.01M, Peak:0.01M | Scene, ViewLayer | Updating Mesh | Computing attributes
Fra:131 Mem:12.37M (Peak 54.73M) | Time:00:00.00 | Mem:0.01M, Peak:0.01M | Scene, ViewLayer | Updating Mesh | Copying Attributes to device
Fra:131 Mem:12.37M (Peak 54.73M) | Time:00:00.00 | Mem:0.06M, Peak:0.06M | Scene, ViewLayer | Updating Scene BVH | Building
Fra:131 Mem:12.37M (Peak 54.73M) | Time:00:00.00 | Mem:0.06M, Peak:0.06M | Scene, ViewLayer | Updating Scene BVH | Building BVH
Fra:131 Mem:12.37M (Peak 54.73M) | Time:00:00.00 | Mem:0.27M, Peak:0.27M | Scene, ViewLayer | Updating Scene BVH | Building BVH 0%
Fra:131 Mem:12.37M (Peak 54.73M) | Time:00:00.00 | Mem:0.50M, Peak:0.71M | Scene, ViewLayer | Updating Scene BVH | Copying BVH to device
Fra:131 Mem:12.37M (Peak 54.73M) | Time:00:00.00 | Mem:0.50M, Peak:0.71M | Scene, ViewLayer | Updating Mesh | Computing normals
Fra:131 Mem:12.59M (Peak 54.73M) | Time:00:00.00 | Mem:0.50M, Peak:0.71M | Scene, ViewLayer | Updating Mesh | Copying Mesh to device
Fra:131 Mem:12.59M (Peak 54.73M) | Time:00:00.00 | Mem:0.72M, Peak:0.72M | Scene, ViewLayer | Updating Objects Flags
Fra:131 Mem:12.59M (Peak 54.73M) | Time:00:00.00 | Mem:0.72M, Peak:0.72M | Scene, ViewLayer | Updating Primitive Offsets
Fra:131 Mem:12.59M (Peak 54.73M) | Time:00:00.00 | Mem:0.72M, Peak:0.72M | Scene, ViewLayer | Updating Images
Fra:131 Mem:12.59M (Peak 54.73M) | Time:00:00.00 | Mem:0.72M, Peak:0.72M | Scene, ViewLayer | Updating Camera Volume
Fra:131 Mem:12.59M (Peak 54.73M) | Time:00:00.00 | Mem:0.72M, Peak:0.72M | Scene, ViewLayer | Updating Lookup Tables
Fra:131 Mem:12.59M (Peak 54.73M) | Time:00:00.00 | Mem:0.80M, Peak:0.80M | Scene, ViewLayer | Updating Lights
Fra:131 Mem:12.59M (Peak 54.73M) | Time:00:00.00 | Mem:0.80M, Peak:0.80M | Scene, ViewLayer | Updating Lights | Computing tree
Fra:131 Mem:13.16M (Peak 54.73M) | Time:00:00.02 | Mem:1.37M, Peak:1.37M | Scene, ViewLayer | Updating Integrator
Fra:131 Mem:13.16M (Peak 54.73M) | Time:00:00.02 | Mem:1.37M, Peak:1.37M | Scene, ViewLayer | Updating Film
Fra:131 Mem:13.16M (Peak 54.73M) | Time:00:00.02 | Mem:1.29M, Peak:1.37M | Scene, ViewLayer | Updating Lookup Tables
Fra:131 Mem:13.16M (Peak 54.73M) | Time:00:00.02 | Mem:1.37M, Peak:1.37M | Scene, ViewLayer | Updating Baking
Fra:131 Mem:13.16M (Peak 54.73M) | Time:00:00.02 | Mem:1.37M, Peak:1.37M | Scene, ViewLayer | Updating Device | Writing constant memory
Fra:131 Mem:13.16M (Peak 54.73M) | Time:00:00.02 | Mem:1.37M, Peak:1.37M | Scene, ViewLayer | Sample 0/32
Fra:131 Mem:31.00M (Peak 54.73M) | Time:00:00.25 | Remaining:00:07.01 | Mem:19.17M, Peak:19.17M | Scene, ViewLayer | Sample 1/32
Fra:131 Mem:38.91M (Peak 54.73M) | Time:00:07.32 | Mem:19.17M, Peak:19.17M | Scene, ViewLayer | Sample 32/32
Fra:131 Mem:38.91M (Peak 54.73M) | Time:00:07.32 | Mem:19.17M, Peak:19.17M | Scene, ViewLayer | Finished
Saved: '/home/runner/work/chaosim/chaosim/outputs/renders/paper_to_cloth_frames/frame_0131.png'
Time: 00:07.37 (Saving: 00:00.05)

Fra:132 Mem:14.55M (Peak 54.73M) | Time:00:00.00 | Mem:0.00M, Peak:0.00M | Scene, ViewLayer | Synchronizing object | ClothKey
Fra:132 Mem:14.55M (Peak 54.73M) | Time:00:00.00 | Mem:0.00M, Peak:0.00M | Scene, ViewLayer | Synchronizing object | ClothRim
Fra:132 Mem:14.55M (Peak 54.73M) | Time:00:00.00 | Mem:0.00M, Peak:0.00M | Scene, ViewLayer | Synchronizing object | FacesLabel
Fra:132 Mem:14.55M (Peak 54.73M) | Time:00:00.00 | Mem:0.00M, Peak:0.00M | Scene, ViewLayer | Synchronizing object | Sheet
Fra:132 Mem:14.58M (Peak 54.73M) | Time:00:00.00 | Mem:0.00M, Peak:0.00M | Scene, ViewLayer | Synchronizing object | GlassSphere
Fra:132 Mem:15.12M (Peak 54.73M) | Time:00:00.00 | Mem:0.00M, Peak:0.00M | Scene, ViewLayer | Initializing
Fra:132 Mem:12.22M (Peak 54.73M) | Time:00:00.00 | Mem:0.00M, Peak:0.00M | Scene, ViewLayer | Waiting for render to start
Fra:132 Mem:12.22M (Peak 54.73M) | Time:00:00.00 | Mem:0.00M, Peak:0.00M | Scene, ViewLayer | Updating Scene
Fra:132 Mem:12.22M (Peak 54.73M) | Time:00:00.00 | Mem:0.00M, Peak:0.00M | Scene, ViewLayer | Updating Shaders
Fra:132 Mem:12.22M (Peak 54.73M) | Time:00:00.00 | Mem:0.00M, Peak:0.00M | Scene, ViewLayer | Loading render kernels (may take a few minutes the first time)
Fra:132 Mem:12.31M (Peak 54.73M) | Time:00:00.00 | Mem:0.00M, Peak:0.00M | Scene, ViewLayer | Updating Procedurals
Fra:132 Mem:12.31M (Peak 54.73M) | Time:00:00.00 | Mem:0.00M, Peak:0.00M | Scene, ViewLayer | Updating Background
Fra:132 Mem:12.31M (Peak 54.73M) | Time:00:00.00 | Mem:0.00M, Peak:0.00M | Scene, ViewLayer | Updating Camera
Fra:132 Mem:12.31M (Peak 54.73M) | Time:00:00.00 | Mem:0.00M, Peak:0.00M | Scene, ViewLayer | Updating Meshes Flags
Fra:132 Mem:12.31M (Peak 54.73M) | Time:00:00.00 | Mem:0.00M, Peak:0.00M | Scene, ViewLayer | Updating Objects
Fra:132 Mem:12.31M (Peak 54.73M) | Time:00:00.00 | Mem:0.00M, Peak:0.00M | Scene, ViewLayer | Updating Objects | Copying Transformations to device
Fra:132 Mem:12.31M (Peak 54.73M) | Time:00:00.00 | Mem:0.01M, Peak:0.01M | Scene, ViewLayer | Updating Particle Systems
Fra:132 Mem:12.31M (Peak 54.73M) | Time:00:00.00 | Mem:0.01M, Peak:0.01M | Scene, ViewLayer | Updating Particle Systems | Copying Particles to device
Fra:132 Mem:12.31M (Peak 54.73M) | Time:00:00.00 | Mem:0.01M, Peak:0.01M | Scene, ViewLayer | Updating Meshes
Fra:132 Mem:12.31M (Peak 54.73M) | Time:00:00.00 | Mem:0.01M, Peak:0.01M | Scene, ViewLayer | Updating Objects | Applying Static Transformations
Fra:132 Mem:12.31M (Peak 54.73M) | Time:00:00.00 | Mem:0.01M, Peak:0.01M | Scene, ViewLayer | Updating Mesh | Computing attributes
Fra:132 Mem:12.37M (Peak 54.73M) | Time:00:00.00 | Mem:0.01M, Peak:0.01M | Scene, ViewLayer | Updating Mesh | Copying Attributes to device
Fra:132 Mem:12.37M (Peak 54.73M) | Time:00:00.00 | Mem:0.06M, Peak:0.06M | Scene, ViewLayer | Updating Scene BVH | Building
Fra:132 Mem:12.37M (Peak 54.73M) | Time:00:00.00 | Mem:0.06M, Peak:0.06M | Scene, ViewLayer | Updating Scene BVH | Building BVH
Fra:132 Mem:12.37M (Peak 54.73M) | Time:00:00.00 | Mem:0.27M, Peak:0.27M | Scene, ViewLayer | Updating Scene BVH | Building BVH 0%
Fra:132 Mem:12.37M (Peak 54.73M) | Time:00:00.00 | Mem:0.50M, Peak:0.71M | Scene, ViewLayer | Updating Scene BVH | Copying BVH to device
Fra:132 Mem:12.37M (Peak 54.73M) | Time:00:00.00 | Mem:0.50M, Peak:0.71M | Scene, ViewLayer | Updating Mesh | Computing normals
Fra:132 Mem:12.59M (Peak 54.73M) | Time:00:00.00 | Mem:0.50M, Peak:0.71M | Scene, ViewLayer | Updating Mesh | Copying Mesh to device
Fra:132 Mem:12.59M (Peak 54.73M) | Time:00:00.00 | Mem:0.72M, Peak:0.72M | Scene, ViewLayer | Updating Objects Flags
Fra:132 Mem:12.59M (Peak 54.73M) | Time:00:00.00 | Mem:0.72M, Peak:0.72M | Scene, ViewLayer | Updating Primitive Offsets
Fra:132 Mem:12.59M (Peak 54.73M) | Time:00:00.00 | Mem:0.72M, Peak:0.72M | Scene, ViewLayer | Updating Images
Fra:132 Mem:12.59M (Peak 54.73M) | Time:00:00.00 | Mem:0.72M, Peak:0.72M | Scene, ViewLayer | Updating Camera Volume
Fra:132 Mem:12.59M (Peak 54.73M) | Time:00:00.00 | Mem:0.72M, Peak:0.72M | Scene, ViewLayer | Updating Lookup Tables
Fra:132 Mem:12.59M (Peak 54.73M) | Time:00:00.00 | Mem:0.80M, Peak:0.80M | Scene, ViewLayer | Updating Lights
Fra:132 Mem:12.59M (Peak 54.73M) | Time:00:00.00 | Mem:0.80M, Peak:0.80M | Scene, ViewLayer | Updating Lights | Computing tree
Fra:132 Mem:13.16M (Peak 54.73M) | Time:00:00.02 | Mem:1.37M, Peak:1.37M | Scene, ViewLayer | Updating Integrator
Fra:132 Mem:13.16M (Peak 54.73M) | Time:00:00.02 | Mem:1.37M, Peak:1.37M | Scene, ViewLayer | Updating Film
Fra:132 Mem:13.16M (Peak 54.73M) | Time:00:00.02 | Mem:1.29M, Peak:1.37M | Scene, ViewLayer | Updating Lookup Tables
Fra:132 Mem:13.16M (Peak 54.73M) | Time:00:00.02 | Mem:1.37M, Peak:1.37M | Scene, ViewLayer | Updating Baking
Fra:132 Mem:13.16M (Peak 54.73M) | Time:00:00.02 | Mem:1.37M, Peak:1.37M | Scene, ViewLayer | Updating Device | Writing constant memory
Fra:132 Mem:13.16M (Peak 54.73M) | Time:00:00.02 | Mem:1.37M, Peak:1.37M | Scene, ViewLayer | Sample 0/32
Fra:132 Mem:31.00M (Peak 54.73M) | Time:00:00.24 | Remaining:00:06.84 | Mem:19.17M, Peak:19.17M | Scene, ViewLayer | Sample 1/32
Fra:132 Mem:38.91M (Peak 54.73M) | Time:00:07.13 | Mem:19.17M, Peak:19.17M | Scene, ViewLayer | Sample 32/32
Fra:132 Mem:38.91M (Peak 54.73M) | Time:00:07.13 | Mem:19.17M, Peak:19.17M | Scene, ViewLayer | Finished
Saved: '/home/runner/work/chaosim/chaosim/outputs/renders/paper_to_cloth_frames/frame_0132.png'
Time: 00:07.19 (Saving: 00:00.05)

Fra:133 Mem:14.55M (Peak 54.73M) | Time:00:00.00 | Mem:0.00M, Peak:0.00M | Scene, ViewLayer | Synchronizing object | ClothKey
Fra:133 Mem:14.55M (Peak 54.73M) | Time:00:00.00 | Mem:0.00M, Peak:0.00M | Scene, ViewLayer | Synchronizing object | ClothRim
Fra:133 Mem:14.55M (Peak 54.73M) | Time:00:00.00 | Mem:0.00M, Peak:0.00M | Scene, ViewLayer | Synchronizing object | Rod
Fra:133 Mem:14.55M (Peak 54.73M) | Time:00:00.00 | Mem:0.00M, Peak:0.00M | Scene, ViewLayer | Synchronizing object | FacesLabel
Fra:133 Mem:14.55M (Peak 54.73M) | Time:00:00.00 | Mem:0.00M, Peak:0.00M | Scene, ViewLayer | Synchronizing object | GlassSphere
Fra:133 Mem:15.12M (Peak 54.73M) | Time:00:00.00 | Mem:0.00M, Peak:0.00M | Scene, ViewLayer | Initializing
Fra:133 Mem:12.22M (Peak 54.73M) | Time:00:00.00 | Mem:0.00M, Peak:0.00M | Scene, ViewLayer | Waiting for render to start
Fra:133 Mem:12.22M (Peak 54.73M) | Time:00:00.00 | Mem:0.00M, Peak:0.00M | Scene, ViewLayer | Updating Scene
Fra:133 Mem:12.22M (Peak 54.73M) | Time:00:00.00 | Mem:0.00M, Peak:0.00M | Scene, ViewLayer | Updating Shaders
Fra:133 Mem:12.22M (Peak 54.73M) | Time:00:00.00 | Mem:0.00M, Peak:0.00M | Scene, ViewLayer | Loading render kernels (may take a few minutes the first time)
Fra:133 Mem:12.31M (Peak 54.73M) | Time:00:00.00 | Mem:0.00M, Peak:0.00M | Scene, ViewLayer | Updating Procedurals
Fra:133 Mem:12.31M (Peak 54.73M) | Time:00:00.00 | Mem:0.00M, Peak:0.00M | Scene, ViewLayer | Updating Background
Fra:133 Mem:12.31M (Peak 54.73M) | Time:00:00.00 | Mem:0.00M, Peak:0.00M | Scene, ViewLayer | Updating Camera
Fra:133 Mem:12.31M (Peak 54.73M) | Time:00:00.00 | Mem:0.00M, Peak:0.00M | Scene, ViewLayer | Updating Meshes Flags
Fra:133 Mem:12.31M (Peak 54.73M) | Time:00:00.00 | Mem:0.00M, Peak:0.00M | Scene, ViewLayer | Updating Objects
Fra:133 Mem:12.31M (Peak 54.73M) | Time:00:00.00 | Mem:0.00M, Peak:0.00M | Scene, ViewLayer | Updating Objects | Copying Transformations to device
Fra:133 Mem:12.31M (Peak 54.73M) | Time:00:00.00 | Mem:0.01M, Peak:0.01M | Scene, ViewLayer | Updating Particle Systems
Fra:133 Mem:12.31M (Peak 54.73M) | Time:00:00.00 | Mem:0.01M, Peak:0.01M | Scene, ViewLayer | Updating Particle Systems | Copying Particles to device
Fra:133 Mem:12.31M (Peak 54.73M) | Time:00:00.00 | Mem:0.01M, Peak:0.01M | Scene, ViewLayer | Updating Meshes
Fra:133 Mem:12.31M (Peak 54.73M) | Time:00:00.00 | Mem:0.01M, Peak:0.01M | Scene, ViewLayer | Updating Objects | Applying Static Transformations
Fra:133 Mem:12.31M (Peak 54.73M) | Time:00:00.00 | Mem:0.01M, Peak:0.01M | Scene, ViewLayer | Updating Mesh | Computing attributes
Fra:133 Mem:12.37M (Peak 54.73M) | Time:00:00.00 | Mem:0.01M, Peak:0.01M | Scene, ViewLayer | Updating Mesh | Copying Attributes to device
Fra:133 Mem:12.37M (Peak 54.73M) | Time:00:00.00 | Mem:0.06M, Peak:0.06M | Scene, ViewLayer | Updating Scene BVH | Building
Fra:133 Mem:12.37M (Peak 54.73M) | Time:00:00.00 | Mem:0.06M, Peak:0.06M | Scene, ViewLayer | Updating Scene BVH | Building BVH
Fra:133 Mem:12.37M (Peak 54.73M) | Time:00:00.00 | Mem:0.27M, Peak:0.27M | Scene, ViewLayer | Updating Scene BVH | Building BVH 0%
Fra:133 Mem:12.37M (Peak 54.73M) | Time:00:00.00 | Mem:0.50M, Peak:0.71M | Scene, ViewLayer | Updating Scene BVH | Copying BVH to device
Fra:133 Mem:12.37M (Peak 54.73M) | Time:00:00.00 | Mem:0.50M, Peak:0.71M | Scene, ViewLayer | Updating Mesh | Computing normals
Fra:133 Mem:12.59M (Peak 54.73M) | Time:00:00.00 | Mem:0.50M, Peak:0.71M | Scene, ViewLayer | Updating Mesh | Copying Mesh to device
Fra:133 Mem:12.59M (Peak 54.73M) | Time:00:00.00 | Mem:0.72M, Peak:0.72M | Scene, ViewLayer | Updating Objects Flags
Fra:133 Mem:12.59M (Peak 54.73M) | Time:00:00.00 | Mem:0.72M, Peak:0.72M | Scene, ViewLayer | Updating Primitive Offsets
Fra:133 Mem:12.59M (Peak 54.73M) | Time:00:00.00 | Mem:0.72M, Peak:0.72M | Scene, ViewLayer | Updating Images
Fra:133 Mem:12.59M (Peak 54.73M) | Time:00:00.00 | Mem:0.72M, Peak:0.72M | Scene, ViewLayer | Updating Camera Volume
Fra:133 Mem:12.59M (Peak 54.73M) | Time:00:00.00 | Mem:0.72M, Peak:0.72M | Scene, ViewLayer | Updating Lookup Tables
Fra:133 Mem:12.59M (Peak 54.73M) | Time:00:00.00 | Mem:0.80M, Peak:0.80M | Scene, ViewLayer | Updating Lights
Fra:133 Mem:12.59M (Peak 54.73M) | Time:00:00.00 | Mem:0.80M, Peak:0.80M | Scene, ViewLayer | Updating Lights | Computing tree
Fra:133 Mem:13.16M (Peak 54.73M) | Time:00:00.02 | Mem:1.37M, Peak:1.37M | Scene, ViewLayer | Updating Integrator
Fra:133 Mem:13.16M (Peak 54.73M) | Time:00:00.02 | Mem:1.37M, Peak:1.37M | Scene, ViewLayer | Updating Film
Fra:133 Mem:13.16M (Peak 54.73M) | Time:00:00.02 | Mem:1.29M, Peak:1.37M | Scene, ViewLayer | Updating Lookup Tables
Fra:133 Mem:13.16M (Peak 54.73M) | Time:00:00.02 | Mem:1.37M, Peak:1.37M | Scene, ViewLayer | Updating Baking
Fra:133 Mem:13.16M (Peak 54.73M) | Time:00:00.02 | Mem:1.37M, Peak:1.37M | Scene, ViewLayer | Updating Device | Writing constant memory
Fra:133 Mem:13.16M (Peak 54.73M) | Time:00:00.02 | Mem:1.37M, Peak:1.37M | Scene, ViewLayer | Sample 0/32
Fra:133 Mem:31.00M (Peak 54.73M) | Time:00:00.24 | Remaining:00:06.71 | Mem:19.17M, Peak:19.17M | Scene, ViewLayer | Sample 1/32
Fra:133 Mem:38.91M (Peak 54.73M) | Time:00:06.99 | Mem:19.17M, Peak:19.17M | Scene, ViewLayer | Sample 32/32
Fra:133 Mem:38.91M (Peak 54.73M) | Time:00:06.99 | Mem:19.17M, Peak:19.17M | Scene, ViewLayer | Finished
Saved: '/home/runner/work/chaosim/chaosim/outputs/renders/paper_to_cloth_frames/frame_0133.png'
Time: 00:07.05 (Saving: 00:00.05)

Fra:134 Mem:14.55M (Peak 54.73M) | Time:00:00.00 | Mem:0.00M, Peak:0.00M | Scene, ViewLayer | Synchronizing object | ClothKey
Fra:134 Mem:14.55M (Peak 54.73M) | Time:00:00.00 | Mem:0.00M, Peak:0.00M | Scene, ViewLayer | Synchronizing object | Rod
Fra:134 Mem:14.55M (Peak 54.73M) | Time:00:00.00 | Mem:0.00M, Peak:0.00M | Scene, ViewLayer | Synchronizing object | FacesLabel
Fra:134 Mem:14.59M (Peak 54.73M) | Time:00:00.00 | Mem:0.00M, Peak:0.00M | Scene, ViewLayer | Synchronizing object | Sheet
Fra:134 Mem:14.59M (Peak 54.73M) | Time:00:00.00 | Mem:0.00M, Peak:0.00M | Scene, ViewLayer | Synchronizing object | GlassSphere
Fra:134 Mem:15.12M (Peak 54.73M) | Time:00:00.00 | Mem:0.00M, Peak:0.00M | Scene, ViewLayer | Initializing
Fra:134 Mem:12.22M (Peak 54.73M) | Time:00:00.00 | Mem:0.00M, Peak:0.00M | Scene, ViewLayer | Waiting for render to start
Fra:134 Mem:12.22M (Peak 54.73M) | Time:00:00.00 | Mem:0.00M, Peak:0.00M | Scene, ViewLayer | Updating Scene
Fra:134 Mem:12.22M (Peak 54.73M) | Time:00:00.00 | Mem:0.00M, Peak:0.00M | Scene, ViewLayer | Updating Shaders
Fra:134 Mem:12.22M (Peak 54.73M) | Time:00:00.00 | Mem:0.00M, Peak:0.00M | Scene, ViewLayer | Loading render kernels (may take a few minutes the first time)
Fra:134 Mem:12.31M (Peak 54.73M) | Time:00:00.00 | Mem:0.00M, Peak:0.00M | Scene, ViewLayer | Updating Procedurals
Fra:134 Mem:12.31M (Peak 54.73M) | Time:00:00.00 | Mem:0.00M, Peak:0.00M | Scene, ViewLayer | Updating Background
Fra:134 Mem:12.31M (Peak 54.73M) | Time:00:00.00 | Mem:0.00M, Peak:0.00M | Scene, ViewLayer | Updating Camera
Fra:134 Mem:12.31M (Peak 54.73M) | Time:00:00.00 | Mem:0.00M, Peak:0.00M | Scene, ViewLayer | Updating Meshes Flags
Fra:134 Mem:12.31M (Peak 54.73M) | Time:00:00.00 | Mem:0.00M, Peak:0.00M | Scene, ViewLayer | Updating Objects
Fra:134 Mem:12.31M (Peak 54.73M) | Time:00:00.00 | Mem:0.00M, Peak:0.00M | Scene, ViewLayer | Updating Objects | Copying Transformations to device
Fra:134 Mem:12.31M (Peak 54.73M) | Time:00:00.00 | Mem:0.01M, Peak:0.01M | Scene, ViewLayer | Updating Particle Systems
Fra:134 Mem:12.31M (Peak 54.73M) | Time:00:00.00 | Mem:0.01M, Peak:0.01M | Scene, ViewLayer | Updating Particle Systems | Copying Particles to device
Fra:134 Mem:12.31M (Peak 54.73M) | Time:00:00.00 | Mem:0.01M, Peak:0.01M | Scene, ViewLayer | Updating Meshes
Fra:134 Mem:12.31M (Peak 54.73M) | Time:00:00.00 | Mem:0.01M, Peak:0.01M | Scene, ViewLayer | Updating Objects | Applying Static Transformations
Fra:134 Mem:12.31M (Peak 54.73M) | Time:00:00.00 | Mem:0.01M, Peak:0.01M | Scene, ViewLayer | Updating Mesh | Computing attributes
Fra:134 Mem:12.37M (Peak 54.73M) | Time:00:00.00 | Mem:0.01M, Peak:0.01M | Scene, ViewLayer | Updating Mesh | Copying Attributes to device
Fra:134 Mem:12.37M (Peak 54.73M) | Time:00:00.00 | Mem:0.06M, Peak:0.06M | Scene, ViewLayer | Updating Scene BVH | Building
Fra:134 Mem:12.37M (Peak 54.73M) | Time:00:00.00 | Mem:0.06M, Peak:0.06M | Scene, ViewLayer | Updating Scene BVH | Building BVH
Fra:134 Mem:12.37M (Peak 54.73M) | Time:00:00.00 | Mem:0.27M, Peak:0.27M | Scene, ViewLayer | Updating Scene BVH | Building BVH 0%
Fra:134 Mem:12.37M (Peak 54.73M) | Time:00:00.00 | Mem:0.50M, Peak:0.71M | Scene, ViewLayer | Updating Scene BVH | Copying BVH to device
Fra:134 Mem:12.37M (Peak 54.73M) | Time:00:00.00 | Mem:0.50M, Peak:0.71M | Scene, ViewLayer | Updating Mesh | Computing normals
Fra:134 Mem:12.59M (Peak 54.73M) | Time:00:00.00 | Mem:0.50M, Peak:0.71M | Scene, ViewLayer | Updating Mesh | Copying Mesh to device
Fra:134 Mem:12.59M (Peak 54.73M) | Time:00:00.00 | Mem:0.72M, Peak:0.72M | Scene, ViewLayer | Updating Objects Flags
Fra:134 Mem:12.59M (Peak 54.73M) | Time:00:00.00 | Mem:0.72M, Peak:0.72M | Scene, ViewLayer | Updating Primitive Offsets
Fra:134 Mem:12.59M (Peak 54.73M) | Time:00:00.00 | Mem:0.72M, Peak:0.72M | Scene, ViewLayer | Updating Images
Fra:134 Mem:12.59M (Peak 54.73M) | Time:00:00.00 | Mem:0.72M, Peak:0.72M | Scene, ViewLayer | Updating Camera Volume
Fra:134 Mem:12.59M (Peak 54.73M) | Time:00:00.00 | Mem:0.72M, Peak:0.72M | Scene, ViewLayer | Updating Lookup Tables
Fra:134 Mem:12.59M (Peak 54.73M) | Time:00:00.00 | Mem:0.80M, Peak:0.80M | Scene, ViewLayer | Updating Lights
Fra:134 Mem:12.59M (Peak 54.73M) | Time:00:00.00 | Mem:0.80M, Peak:0.80M | Scene, ViewLayer | Updating Lights | Computing tree
Fra:134 Mem:13.16M (Peak 54.73M) | Time:00:00.02 | Mem:1.37M, Peak:1.37M | Scene, ViewLayer | Updating Integrator
Fra:134 Mem:13.16M (Peak 54.73M) | Time:00:00.02 | Mem:1.37M, Peak:1.37M | Scene, ViewLayer | Updating Film
Fra:134 Mem:13.16M (Peak 54.73M) | Time:00:00.02 | Mem:1.29M, Peak:1.37M | Scene, ViewLayer | Updating Lookup Tables
Fra:134 Mem:13.16M (Peak 54.73M) | Time:00:00.02 | Mem:1.37M, Peak:1.37M | Scene, ViewLayer | Updating Baking
Fra:134 Mem:13.16M (Peak 54.73M) | Time:00:00.02 | Mem:1.37M, Peak:1.37M | Scene, ViewLayer | Updating Device | Writing constant memory
Fra:134 Mem:13.16M (Peak 54.73M) | Time:00:00.02 | Mem:1.37M, Peak:1.37M | Scene, ViewLayer | Sample 0/32
Fra:134 Mem:31.00M (Peak 54.73M) | Time:00:00.23 | Remaining:00:06.58 | Mem:19.17M, Peak:19.17M | Scene, ViewLayer | Sample 1/32
Fra:134 Mem:38.91M (Peak 54.73M) | Time:00:06.90 | Mem:19.17M, Peak:19.17M | Scene, ViewLayer | Sample 32/32
Fra:134 Mem:38.91M (Peak 54.73M) | Time:00:06.90 | Mem:19.17M, Peak:19.17M | Scene, ViewLayer | Finished
Saved: '/home/runner/work/chaosim/chaosim/outputs/renders/paper_to_cloth_frames/frame_0134.png'
Time: 00:06.95 (Saving: 00:00.05)

Fra:135 Mem:14.55M (Peak 54.73M) | Time:00:00.00 | Mem:0.00M, Peak:0.00M | Scene, ViewLayer | Synchronizing object | ClothKey
Fra:135 Mem:14.55M (Peak 54.73M) | Time:00:00.00 | Mem:0.00M, Peak:0.00M | Scene, ViewLayer | Synchronizing object | ClothRim
Fra:135 Mem:14.55M (Peak 54.73M) | Time:00:00.00 | Mem:0.00M, Peak:0.00M | Scene, ViewLayer | Synchronizing object | Rod
Fra:135 Mem:14.55M (Peak 54.73M) | Time:00:00.00 | Mem:0.00M, Peak:0.00M | Scene, ViewLayer | Synchronizing object | Sheet
Fra:135 Mem:14.55M (Peak 54.73M) | Time:00:00.00 | Mem:0.00M, Peak:0.00M | Scene, ViewLayer | Synchronizing object | FacesLabel
Fra:135 Mem:14.60M (Peak 54.73M) | Time:00:00.00 | Mem:0.00M, Peak:0.00M | Scene, ViewLayer | Synchronizing object | GlassSphere
Fra:135 Mem:15.12M (Peak 54.73M) | Time:00:00.00 | Mem:0.00M, Peak:0.00M | Scene, ViewLayer | Initializing
Fra:135 Mem:12.22M (Peak 54.73M) | Time:00:00.00 | Mem:0.00M, Peak:0.00M | Scene, ViewLayer | Waiting for render to start
Fra:135 Mem:12.22M (Peak 54.73M) | Time:00:00.00 | Mem:0.00M, Peak:0.00M | Scene, ViewLayer | Updating Scene
Fra:135 Mem:12.22M (Peak 54.73M) | Time:00:00.00 | Mem:0.00M, Peak:0.00M | Scene, ViewLayer | Updating Shaders
Fra:135 Mem:12.22M (Peak 54.73M) | Time:00:00.00 | Mem:0.00M, Peak:0.00M | Scene, ViewLayer | Loading render kernels (may take a few minutes the first time)
Fra:135 Mem:12.31M (Peak 54.73M) | Time:00:00.00 | Mem:0.00M, Peak:0.00M | Scene, ViewLayer | Updating Procedurals
Fra:135 Mem:12.31M (Peak 54.73M) | Time:00:00.00 | Mem:0.00M, Peak:0.00M | Scene, ViewLayer | Updating Background
Fra:135 Mem:12.31M (Peak 54.73M) | Time:00:00.00 | Mem:0.00M, Peak:0.00M | Scene, ViewLayer | Updating Camera
Fra:135 Mem:12.31M (Peak 54.73M) | Time:00:00.00 | Mem:0.00M, Peak:0.00M | Scene, ViewLayer | Updating Meshes Flags
Fra:135 Mem:12.31M (Peak 54.73M) | Time:00:00.00 | Mem:0.00M, Peak:0.00M | Scene, ViewLayer | Updating Objects
Fra:135 Mem:12.31M (Peak 54.73M) | Time:00:00.00 | Mem:0.00M, Peak:0.00M | Scene, ViewLayer | Updating Objects | Copying Transformations to device
Fra:135 Mem:12.31M (Peak 54.73M) | Time:00:00.00 | Mem:0.01M, Peak:0.01M | Scene, ViewLayer | Updating Particle Systems
Fra:135 Mem:12.31M (Peak 54.73M) | Time:00:00.00 | Mem:0.01M, Peak:0.01M | Scene, ViewLayer | Updating Particle Systems | Copying Particles to device
Fra:135 Mem:12.31M (Peak 54.73M) | Time:00:00.00 | Mem:0.01M, Peak:0.01M | Scene, ViewLayer | Updating Meshes
Fra:135 Mem:12.31M (Peak 54.73M) | Time:00:00.00 | Mem:0.01M, Peak:0.01M | Scene, ViewLayer | Updating Objects | Applying Static Transformations
Fra:135 Mem:12.31M (Peak 54.73M) | Time:00:00.00 | Mem:0.01M, Peak:0.01M | Scene, ViewLayer | Updating Mesh | Computing attributes
Fra:135 Mem:12.37M (Peak 54.73M) | Time:00:00.00 | Mem:0.01M, Peak:0.01M | Scene, ViewLayer | Updating Mesh | Copying Attributes to device
Fra:135 Mem:12.37M (Peak 54.73M) | Time:00:00.00 | Mem:0.06M, Peak:0.06M | Scene, ViewLayer | Updating Scene BVH | Building
Fra:135 Mem:12.37M (Peak 54.73M) | Time:00:00.00 | Mem:0.06M, Peak:0.06M | Scene, ViewLayer | Updating Scene BVH | Building BVH
Fra:135 Mem:12.37M (Peak 54.73M) | Time:00:00.00 | Mem:0.27M, Peak:0.27M | Scene, ViewLayer | Updating Scene BVH | Building BVH 0%
Fra:135 Mem:12.37M (Peak 54.73M) | Time:00:00.00 | Mem:0.50M, Peak:0.71M | Scene, ViewLayer | Updating Scene BVH | Copying BVH to device
Fra:135 Mem:12.37M (Peak 54.73M) | Time:00:00.00 | Mem:0.50M, Peak:0.71M | Scene, ViewLayer | Updating Mesh | Computing normals
Fra:135 Mem:12.59M (Peak 54.73M) | Time:00:00.00 | Mem:0.50M, Peak:0.71M | Scene, ViewLayer | Updating Mesh | Copying Mesh to device
Fra:135 Mem:12.59M (Peak 54.73M) | Time:00:00.00 | Mem:0.72M, Peak:0.72M | Scene, ViewLayer | Updating Objects Flags
Fra:135 Mem:12.59M (Peak 54.73M) | Time:00:00.00 | Mem:0.72M, Peak:0.72M | Scene, ViewLayer | Updating Primitive Offsets
Fra:135 Mem:12.59M (Peak 54.73M) | Time:00:00.00 | Mem:0.72M, Peak:0.72M | Scene, ViewLayer | Updating Images
Fra:135 Mem:12.59M (Peak 54.73M) | Time:00:00.00 | Mem:0.72M, Peak:0.72M | Scene, ViewLayer | Updating Camera Volume
Fra:135 Mem:12.59M (Peak 54.73M) | Time:00:00.00 | Mem:0.72M, Peak:0.72M | Scene, ViewLayer | Updating Lookup Tables
Fra:135 Mem:12.59M (Peak 54.73M) | Time:00:00.00 | Mem:0.80M, Peak:0.80M | Scene, ViewLayer | Updating Lights
Fra:135 Mem:12.59M (Peak 54.73M) | Time:00:00.00 | Mem:0.80M, Peak:0.80M | Scene, ViewLayer | Updating Lights | Computing tree
Fra:135 Mem:13.16M (Peak 54.73M) | Time:00:00.02 | Mem:1.37M, Peak:1.37M | Scene, ViewLayer | Updating Integrator
Fra:135 Mem:13.16M (Peak 54.73M) | Time:00:00.02 | Mem:1.37M, Peak:1.37M | Scene, ViewLayer | Updating Film
Fra:135 Mem:13.16M (Peak 54.73M) | Time:00:00.02 | Mem:1.29M, Peak:1.37M | Scene, ViewLayer | Updating Lookup Tables
Fra:135 Mem:13.16M (Peak 54.73M) | Time:00:00.02 | Mem:1.37M, Peak:1.37M | Scene, ViewLayer | Updating Baking
Fra:135 Mem:13.16M (Peak 54.73M) | Time:00:00.02 | Mem:1.37M, Peak:1.37M | Scene, ViewLayer | Updating Device | Writing constant memory
Fra:135 Mem:13.16M (Peak 54.73M) | Time:00:00.02 | Mem:1.37M, Peak:1.37M | Scene, ViewLayer | Sample 0/32
Fra:135 Mem:31.00M (Peak 54.73M) | Time:00:00.22 | Remaining:00:06.35 | Mem:19.17M, Peak:19.17M | Scene, ViewLayer | Sample 1/32
Fra:135 Mem:38.91M (Peak 54.73M) | Time:00:06.66 | Mem:19.17M, Peak:19.17M | Scene, ViewLayer | Sample 32/32
Fra:135 Mem:38.91M (Peak 54.73M) | Time:00:06.66 | Mem:19.17M, Peak:19.17M | Scene, ViewLayer | Finished
Saved: '/home/runner/work/chaosim/chaosim/outputs/renders/paper_to_cloth_frames/frame_0135.png'
Time: 00:06.71 (Saving: 00:00.05)

bake: frame 136 :: 180
bake: frame 137 :: 180
bake: frame 138 :: 180
bake: frame 139 :: 180
bake: frame 140 :: 180
bake: frame 141 :: 180
bake: frame 142 :: 180
bake: frame 143 :: 180
bake: frame 144 :: 180
bake: frame 145 :: 180
bake: frame 146 :: 180
bake: frame 147 :: 180
bake: frame 148 :: 180
bake: frame 149 :: 180
bake: frame 150 :: 180
bake: frame 151 :: 180
bake: frame 152 :: 180
bake: frame 153 :: 180
bake: frame 154 :: 180
bake: frame 155 :: 180
bake: frame 156 :: 180
bake: frame 157 :: 180
bake: frame 158 :: 180
bake: frame 159 :: 180
bake: frame 160 :: 180
bake: frame 161 :: 180
bake: frame 162 :: 180
bake: frame 163 :: 180
bake: frame 164 :: 180
bake: frame 165 :: 180
bake: frame 166 :: 180
bake: frame 167 :: 180
bake: frame 168 :: 180
bake: frame 169 :: 180
bake: frame 170 :: 180
bake: frame 171 :: 180
bake: frame 172 :: 180
bake: frame 173 :: 180
bake: frame 174 :: 180
bake: frame 175 :: 180
bake: frame 176 :: 180
bake: frame 177 :: 180
bake: frame 178 :: 180
bake: frame 179 :: 180
bake: frame 180 :: 180
Fra:136 Mem:22.38M (Peak 54.73M) | Time:00:00.00 | Mem:0.00M, Peak:0.00M | Scene, ViewLayer | Synchronizing object | ClothKey
Fra:136 Mem:22.38M (Peak 54.73M) | Time:00:00.00 | Mem:0.00M, Peak:0.00M | Scene, ViewLayer | Synchronizing object | Rod
Fra:136 Mem:22.38M (Peak 54.73M) | Time:00:00.00 | Mem:0.00M, Peak:0.00M | Scene, ViewLayer | Synchronizing object | FacesLabel
Fra:136 Mem:22.39M (Peak 54.73M) | Time:00:00.00 | Mem:0.00M, Peak:0.00M | Scene, ViewLayer | Synchronizing object | Sheet
Fra:136 Mem:22.39M (Peak 54.73M) | Time:00:00.00 | Mem:0.00M, Peak:0.00M | Scene, ViewLayer | Synchronizing object | GlassSphere
Fra:136 Mem:23.20M (Peak 54.73M) | Time:00:00.00 | Mem:0.00M, Peak:0.00M | Scene, ViewLayer | Initializing
Fra:136 Mem:17.03M (Peak 54.73M) | Time:00:00.01 | Mem:0.00M, Peak:0.00M | Scene, ViewLayer | Waiting for render to start
Fra:136 Mem:17.03M (Peak 54.73M) | Time:00:00.01 | Mem:0.00M, Peak:0.00M | Scene, ViewLayer | Updating Scene
Fra:136 Mem:17.03M (Peak 54.73M) | Time:00:00.01 | Mem:0.00M, Peak:0.00M | Scene, ViewLayer | Updating Shaders
Fra:136 Mem:17.03M (Peak 54.73M) | Time:00:00.01 | Mem:0.00M, Peak:0.00M | Scene, ViewLayer | Loading render kernels (may take a few minutes the first time)
Fra:136 Mem:17.11M (Peak 54.73M) | Time:00:00.01 | Mem:0.00M, Peak:0.00M | Scene, ViewLayer | Updating Procedurals
Fra:136 Mem:17.11M (Peak 54.73M) | Time:00:00.01 | Mem:0.00M, Peak:0.00M | Scene, ViewLayer | Updating Background
Fra:136 Mem:17.11M (Peak 54.73M) | Time:00:00.01 | Mem:0.00M, Peak:0.00M | Scene, ViewLayer | Updating Camera
Fra:136 Mem:17.11M (Peak 54.73M) | Time:00:00.01 | Mem:0.00M, Peak:0.00M | Scene, ViewLayer | Updating Meshes Flags
Fra:136 Mem:17.11M (Peak 54.73M) | Time:00:00.01 | Mem:0.00M, Peak:0.00M | Scene, ViewLayer | Updating Objects
Fra:136 Mem:17.11M (Peak 54.73M) | Time:00:00.01 | Mem:0.00M, Peak:0.00M | Scene, ViewLayer | Updating Objects | Copying Transformations to device
Fra:136 Mem:17.12M (Peak 54.73M) | Time:00:00.01 | Mem:0.01M, Peak:0.01M | Scene, ViewLayer | Updating Particle Systems
Fra:136 Mem:17.12M (Peak 54.73M) | Time:00:00.01 | Mem:0.01M, Peak:0.01M | Scene, ViewLayer | Updating Particle Systems | Copying Particles to device
Fra:136 Mem:17.12M (Peak 54.73M) | Time:00:00.01 | Mem:0.01M, Peak:0.01M | Scene, ViewLayer | Updating Meshes
Fra:136 Mem:17.12M (Peak 54.73M) | Time:00:00.01 | Mem:0.01M, Peak:0.01M | Scene, ViewLayer | Updating Objects | Applying Static Transformations
Fra:136 Mem:17.12M (Peak 54.73M) | Time:00:00.01 | Mem:0.01M, Peak:0.01M | Scene, ViewLayer | Updating Mesh | Computing attributes
Fra:136 Mem:17.19M (Peak 54.73M) | Time:00:00.01 | Mem:0.01M, Peak:0.01M | Scene, ViewLayer | Updating Mesh | Copying Attributes to device
Fra:136 Mem:17.19M (Peak 54.73M) | Time:00:00.01 | Mem:0.08M, Peak:0.08M | Scene, ViewLayer | Updating Scene BVH | Building
Fra:136 Mem:17.19M (Peak 54.73M) | Time:00:00.01 | Mem:0.08M, Peak:0.08M | Scene, ViewLayer | Updating Scene BVH | Building BVH
Fra:136 Mem:17.19M (Peak 54.73M) | Time:00:00.01 | Mem:0.38M, Peak:0.38M | Scene, ViewLayer | Updating Scene BVH | Building BVH 0%
Fra:136 Mem:17.19M (Peak 54.73M) | Time:00:00.01 | Mem:0.71M, Peak:1.01M | Scene, ViewLayer | Updating Scene BVH | Copying BVH to device
Fra:136 Mem:17.19M (Peak 54.73M) | Time:00:00.01 | Mem:0.71M, Peak:1.01M | Scene, ViewLayer | Updating Mesh | Computing normals
Fra:136 Mem:17.48M (Peak 54.73M) | Time:00:00.01 | Mem:0.71M, Peak:1.01M | Scene, ViewLayer | Updating Mesh | Copying Mesh to device
Fra:136 Mem:17.48M (Peak 54.73M) | Time:00:00.01 | Mem:1.00M, Peak:1.01M | Scene, ViewLayer | Updating Objects Flags
Fra:136 Mem:17.48M (Peak 54.73M) | Time:00:00.01 | Mem:1.00M, Peak:1.01M | Scene, ViewLayer | Updating Primitive Offsets
Fra:136 Mem:17.48M (Peak 54.73M) | Time:00:00.01 | Mem:1.00M, Peak:1.01M | Scene, ViewLayer | Updating Images
Fra:136 Mem:17.48M (Peak 54.73M) | Time:00:00.01 | Mem:1.00M, Peak:1.01M | Scene, ViewLayer | Updating Camera Volume
Fra:136 Mem:17.48M (Peak 54.73M) | Time:00:00.01 | Mem:1.00M, Peak:1.01M | Scene, ViewLayer | Updating Lookup Tables
Fra:136 Mem:17.48M (Peak 54.73M) | Time:00:00.01 | Mem:1.08M, Peak:1.08M | Scene, ViewLayer | Updating Lights
Fra:136 Mem:17.48M (Peak 54.73M) | Time:00:00.01 | Mem:1.08M, Peak:1.08M | Scene, ViewLayer | Updating Lights | Computing tree
Fra:136 Mem:17.99M (Peak 54.73M) | Time:00:00.02 | Mem:1.59M, Peak:1.59M | Scene, ViewLayer | Updating Integrator
Fra:136 Mem:17.99M (Peak 54.73M) | Time:00:00.02 | Mem:1.59M, Peak:1.59M | Scene, ViewLayer | Updating Film
Fra:136 Mem:17.99M (Peak 54.73M) | Time:00:00.02 | Mem:1.51M, Peak:1.59M | Scene, ViewLayer | Updating Lookup Tables
Fra:136 Mem:17.99M (Peak 54.73M) | Time:00:00.02 | Mem:1.59M, Peak:1.59M | Scene, ViewLayer | Updating Baking
Fra:136 Mem:17.99M (Peak 54.73M) | Time:00:00.02 | Mem:1.59M, Peak:1.59M | Scene, ViewLayer | Updating Device | Writing constant memory
Fra:136 Mem:17.99M (Peak 54.73M) | Time:00:00.02 | Mem:1.59M, Peak:1.59M | Scene, ViewLayer | Sample 0/32
Fra:136 Mem:35.83M (Peak 54.73M) | Time:00:00.52 | Remaining:00:15.31 | Mem:19.39M, Peak:19.39M | Scene, ViewLayer | Sample 1/32
Fra:136 Mem:43.74M (Peak 59.57M) | Time:00:15.82 | Mem:19.39M, Peak:19.39M | Scene, ViewLayer | Sample 32/32
Fra:136 Mem:43.74M (Peak 59.57M) | Time:00:15.82 | Mem:19.39M, Peak:19.39M | Scene, ViewLayer | Finished
Saved: '/home/runner/work/chaosim/chaosim/outputs/renders/paper_to_cloth_frames/frame_0136.png'
Time: 00:15.88 (Saving: 00:00.05)

Fra:137 Mem:22.41M (Peak 59.57M) | Time:00:00.00 | Mem:0.00M, Peak:0.00M | Scene, ViewLayer | Synchronizing object | ClothKey
Fra:137 Mem:22.42M (Peak 59.57M) | Time:00:00.00 | Mem:0.00M, Peak:0.00M | Scene, ViewLayer | Synchronizing object | ClothRim
Fra:137 Mem:22.42M (Peak 59.57M) | Time:00:00.00 | Mem:0.00M, Peak:0.00M | Scene, ViewLayer | Synchronizing object | Rod
Fra:137 Mem:22.42M (Peak 59.57M) | Time:00:00.00 | Mem:0.00M, Peak:0.00M | Scene, ViewLayer | Synchronizing object | Sheet
Fra:137 Mem:22.42M (Peak 59.57M) | Time:00:00.00 | Mem:0.00M, Peak:0.00M | Scene, ViewLayer | Synchronizing object | GlassSphere
Fra:137 Mem:22.42M (Peak 59.57M) | Time:00:00.00 | Mem:0.00M, Peak:0.00M | Scene, ViewLayer | Synchronizing object | FacesLabel
Fra:137 Mem:23.20M (Peak 59.57M) | Time:00:00.00 | Mem:0.00M, Peak:0.00M | Scene, ViewLayer | Initializing
Fra:137 Mem:17.03M (Peak 59.57M) | Time:00:00.00 | Mem:0.00M, Peak:0.00M | Scene, ViewLayer | Waiting for render to start
Fra:137 Mem:17.03M (Peak 59.57M) | Time:00:00.00 | Mem:0.00M, Peak:0.00M | Scene, ViewLayer | Updating Scene
Fra:137 Mem:17.03M (Peak 59.57M) | Time:00:00.00 | Mem:0.00M, Peak:0.00M | Scene, ViewLayer | Updating Shaders
Fra:137 Mem:17.03M (Peak 59.57M) | Time:00:00.00 | Mem:0.00M, Peak:0.00M | Scene, ViewLayer | Loading render kernels (may take a few minutes the first time)
Fra:137 Mem:17.11M (Peak 59.57M) | Time:00:00.00 | Mem:0.00M, Peak:0.00M | Scene, ViewLayer | Updating Procedurals
Fra:137 Mem:17.11M (Peak 59.57M) | Time:00:00.00 | Mem:0.00M, Peak:0.00M | Scene, ViewLayer | Updating Background
Fra:137 Mem:17.11M (Peak 59.57M) | Time:00:00.00 | Mem:0.00M, Peak:0.00M | Scene, ViewLayer | Updating Camera
Fra:137 Mem:17.11M (Peak 59.57M) | Time:00:00.00 | Mem:0.00M, Peak:0.00M | Scene, ViewLayer | Updating Meshes Flags
Fra:137 Mem:17.11M (Peak 59.57M) | Time:00:00.00 | Mem:0.00M, Peak:0.00M | Scene, ViewLayer | Updating Objects
Fra:137 Mem:17.11M (Peak 59.57M) | Time:00:00.00 | Mem:0.00M, Peak:0.00M | Scene, ViewLayer | Updating Objects | Copying Transformations to device
Fra:137 Mem:17.12M (Peak 59.57M) | Time:00:00.00 | Mem:0.01M, Peak:0.01M | Scene, ViewLayer | Updating Particle Systems
Fra:137 Mem:17.12M (Peak 59.57M) | Time:00:00.00 | Mem:0.01M, Peak:0.01M | Scene, ViewLayer | Updating Particle Systems | Copying Particles to device
Fra:137 Mem:17.12M (Peak 59.57M) | Time:00:00.00 | Mem:0.01M, Peak:0.01M | Scene, ViewLayer | Updating Meshes
Fra:137 Mem:17.12M (Peak 59.57M) | Time:00:00.00 | Mem:0.01M, Peak:0.01M | Scene, ViewLayer | Updating Objects | Applying Static Transformations
Fra:137 Mem:17.12M (Peak 59.57M) | Time:00:00.01 | Mem:0.01M, Peak:0.01M | Scene, ViewLayer | Updating Mesh | Computing attributes
Fra:137 Mem:17.19M (Peak 59.57M) | Time:00:00.01 | Mem:0.01M, Peak:0.01M | Scene, ViewLayer | Updating Mesh | Copying Attributes to device
Fra:137 Mem:17.19M (Peak 59.57M) | Time:00:00.01 | Mem:0.08M, Peak:0.08M | Scene, ViewLayer | Updating Scene BVH | Building
Fra:137 Mem:17.19M (Peak 59.57M) | Time:00:00.01 | Mem:0.08M, Peak:0.08M | Scene, ViewLayer | Updating Scene BVH | Building BVH
Fra:137 Mem:17.19M (Peak 59.57M) | Time:00:00.01 | Mem:0.38M, Peak:0.38M | Scene, ViewLayer | Updating Scene BVH | Building BVH 0%
Fra:137 Mem:17.19M (Peak 59.57M) | Time:00:00.01 | Mem:0.71M, Peak:1.01M | Scene, ViewLayer | Updating Scene BVH | Copying BVH to device
Fra:137 Mem:17.19M (Peak 59.57M) | Time:00:00.01 | Mem:0.71M, Peak:1.01M | Scene, ViewLayer | Updating Mesh | Computing normals
Fra:137 Mem:17.48M (Peak 59.57M) | Time:00:00.01 | Mem:0.71M, Peak:1.01M | Scene, ViewLayer | Updating Mesh | Copying Mesh to device
Fra:137 Mem:17.48M (Peak 59.57M) | Time:00:00.01 | Mem:1.00M, Peak:1.01M | Scene, ViewLayer | Updating Objects Flags
Fra:137 Mem:17.48M (Peak 59.57M) | Time:00:00.01 | Mem:1.00M, Peak:1.01M | Scene, ViewLayer | Updating Primitive Offsets
Fra:137 Mem:17.48M (Peak 59.57M) | Time:00:00.01 | Mem:1.00M, Peak:1.01M | Scene, ViewLayer | Updating Images
Fra:137 Mem:17.48M (Peak 59.57M) | Time:00:00.01 | Mem:1.00M, Peak:1.01M | Scene, ViewLayer | Updating Camera Volume
Fra:137 Mem:17.48M (Peak 59.57M) | Time:00:00.01 | Mem:1.00M, Peak:1.01M | Scene, ViewLayer | Updating Lookup Tables
Fra:137 Mem:17.48M (Peak 59.57M) | Time:00:00.01 | Mem:1.08M, Peak:1.08M | Scene, ViewLayer | Updating Lights
Fra:137 Mem:17.48M (Peak 59.57M) | Time:00:00.01 | Mem:1.08M, Peak:1.08M | Scene, ViewLayer | Updating Lights | Computing tree
Fra:137 Mem:17.99M (Peak 59.57M) | Time:00:00.02 | Mem:1.59M, Peak:1.59M | Scene, ViewLayer | Updating Integrator
Fra:137 Mem:17.99M (Peak 59.57M) | Time:00:00.02 | Mem:1.59M, Peak:1.59M | Scene, ViewLayer | Updating Film
Fra:137 Mem:17.99M (Peak 59.57M) | Time:00:00.02 | Mem:1.51M, Peak:1.59M | Scene, ViewLayer | Updating Lookup Tables
Fra:137 Mem:17.99M (Peak 59.57M) | Time:00:00.02 | Mem:1.59M, Peak:1.59M | Scene, ViewLayer | Updating Baking
Fra:137 Mem:17.99M (Peak 59.57M) | Time:00:00.02 | Mem:1.59M, Peak:1.59M | Scene, ViewLayer | Updating Device | Writing constant memory
Fra:137 Mem:17.99M (Peak 59.57M) | Time:00:00.02 | Mem:1.59M, Peak:1.59M | Scene, ViewLayer | Sample 0/32
Fra:137 Mem:35.83M (Peak 59.57M) | Time:00:00.52 | Remaining:00:15.36 | Mem:19.39M, Peak:19.39M | Scene, ViewLayer | Sample 1/32
Fra:137 Mem:43.74M (Peak 59.57M) | Time:00:15.79 | Mem:19.39M, Peak:19.39M | Scene, ViewLayer | Sample 32/32
Fra:137 Mem:43.74M (Peak 59.57M) | Time:00:15.79 | Mem:19.39M, Peak:19.39M | Scene, ViewLayer | Finished
Saved: '/home/runner/work/chaosim/chaosim/outputs/renders/paper_to_cloth_frames/frame_0137.png'
Time: 00:15.84 (Saving: 00:00.05)

Fra:138 Mem:22.41M (Peak 59.57M) | Time:00:00.00 | Mem:0.00M, Peak:0.00M | Scene, ViewLayer | Synchronizing object | ClothKey
Fra:138 Mem:22.42M (Peak 59.57M) | Time:00:00.00 | Mem:0.00M, Peak:0.00M | Scene, ViewLayer | Synchronizing object | ClothRim
Fra:138 Mem:22.42M (Peak 59.57M) | Time:00:00.00 | Mem:0.00M, Peak:0.00M | Scene, ViewLayer | Synchronizing object | Rod
Fra:138 Mem:22.42M (Peak 59.57M) | Time:00:00.00 | Mem:0.00M, Peak:0.00M | Scene, ViewLayer | Synchronizing object | FacesLabel
Fra:138 Mem:22.42M (Peak 59.57M) | Time:00:00.00 | Mem:0.00M, Peak:0.00M | Scene, ViewLayer | Synchronizing object | Sheet
Fra:138 Mem:22.45M (Peak 59.57M) | Time:00:00.00 | Mem:0.00M, Peak:0.00M | Scene, ViewLayer | Synchronizing object | GlassSphere
Fra:138 Mem:23.20M (Peak 59.57M) | Time:00:00.00 | Mem:0.00M, Peak:0.00M | Scene, ViewLayer | Initializing
Fra:138 Mem:17.03M (Peak 59.57M) | Time:00:00.00 | Mem:0.00M, Peak:0.00M | Scene, ViewLayer | Waiting for render to start
Fra:138 Mem:17.03M (Peak 59.57M) | Time:00:00.00 | Mem:0.00M, Peak:0.00M | Scene, ViewLayer | Updating Scene
Fra:138 Mem:17.03M (Peak 59.57M) | Time:00:00.00 | Mem:0.00M, Peak:0.00M | Scene, ViewLayer | Updating Shaders
Fra:138 Mem:17.03M (Peak 59.57M) | Time:00:00.00 | Mem:0.00M, Peak:0.00M | Scene, ViewLayer | Loading render kernels (may take a few minutes the first time)
Fra:138 Mem:17.11M (Peak 59.57M) | Time:00:00.00 | Mem:0.00M, Peak:0.00M | Scene, ViewLayer | Updating Procedurals
Fra:138 Mem:17.11M (Peak 59.57M) | Time:00:00.00 | Mem:0.00M, Peak:0.00M | Scene, ViewLayer | Updating Background
Fra:138 Mem:17.11M (Peak 59.57M) | Time:00:00.00 | Mem:0.00M, Peak:0.00M | Scene, ViewLayer | Updating Camera
Fra:138 Mem:17.11M (Peak 59.57M) | Time:00:00.00 | Mem:0.00M, Peak:0.00M | Scene, ViewLayer | Updating Meshes Flags
Fra:138 Mem:17.11M (Peak 59.57M) | Time:00:00.00 | Mem:0.00M, Peak:0.00M | Scene, ViewLayer | Updating Objects
Fra:138 Mem:17.11M (Peak 59.57M) | Time:00:00.00 | Mem:0.00M, Peak:0.00M | Scene, ViewLayer | Updating Objects | Copying Transformations to device
Fra:138 Mem:17.12M (Peak 59.57M) | Time:00:00.00 | Mem:0.01M, Peak:0.01M | Scene, ViewLayer | Updating Particle Systems
Fra:138 Mem:17.12M (Peak 59.57M) | Time:00:00.00 | Mem:0.01M, Peak:0.01M | Scene, ViewLayer | Updating Particle Systems | Copying Particles to device
Fra:138 Mem:17.12M (Peak 59.57M) | Time:00:00.00 | Mem:0.01M, Peak:0.01M | Scene, ViewLayer | Updating Meshes
Fra:138 Mem:17.12M (Peak 59.57M) | Time:00:00.00 | Mem:0.01M, Peak:0.01M | Scene, ViewLayer | Updating Objects | Applying Static Transformations
Fra:138 Mem:17.12M (Peak 59.57M) | Time:00:00.00 | Mem:0.01M, Peak:0.01M | Scene, ViewLayer | Updating Mesh | Computing attributes
Fra:138 Mem:17.19M (Peak 59.57M) | Time:00:00.01 | Mem:0.01M, Peak:0.01M | Scene, ViewLayer | Updating Mesh | Copying Attributes to device
Fra:138 Mem:17.19M (Peak 59.57M) | Time:00:00.01 | Mem:0.08M, Peak:0.08M | Scene, ViewLayer | Updating Scene BVH | Building
Fra:138 Mem:17.19M (Peak 59.57M) | Time:00:00.01 | Mem:0.08M, Peak:0.08M | Scene, ViewLayer | Updating Scene BVH | Building BVH
Fra:138 Mem:17.19M (Peak 59.57M) | Time:00:00.01 | Mem:0.38M, Peak:0.38M | Scene, ViewLayer | Updating Scene BVH | Building BVH 0%
Fra:138 Mem:17.19M (Peak 59.57M) | Time:00:00.01 | Mem:0.71M, Peak:1.01M | Scene, ViewLayer | Updating Scene BVH | Copying BVH to device
Fra:138 Mem:17.19M (Peak 59.57M) | Time:00:00.01 | Mem:0.71M, Peak:1.01M | Scene, ViewLayer | Updating Mesh | Computing normals
Fra:138 Mem:17.48M (Peak 59.57M) | Time:00:00.01 | Mem:0.71M, Peak:1.01M | Scene, ViewLayer | Updating Mesh | Copying Mesh to device
Fra:138 Mem:17.48M (Peak 59.57M) | Time:00:00.01 | Mem:1.00M, Peak:1.01M | Scene, ViewLayer | Updating Objects Flags
Fra:138 Mem:17.48M (Peak 59.57M) | Time:00:00.01 | Mem:1.00M, Peak:1.01M | Scene, ViewLayer | Updating Primitive Offsets
Fra:138 Mem:17.48M (Peak 59.57M) | Time:00:00.01 | Mem:1.00M, Peak:1.01M | Scene, ViewLayer | Updating Images
Fra:138 Mem:17.48M (Peak 59.57M) | Time:00:00.01 | Mem:1.00M, Peak:1.01M | Scene, ViewLayer | Updating Camera Volume
Fra:138 Mem:17.48M (Peak 59.57M) | Time:00:00.01 | Mem:1.00M, Peak:1.01M | Scene, ViewLayer | Updating Lookup Tables
Fra:138 Mem:17.48M (Peak 59.57M) | Time:00:00.01 | Mem:1.08M, Peak:1.08M | Scene, ViewLayer | Updating Lights
Fra:138 Mem:17.48M (Peak 59.57M) | Time:00:00.01 | Mem:1.08M, Peak:1.08M | Scene, ViewLayer | Updating Lights | Computing tree
Fra:138 Mem:17.99M (Peak 59.57M) | Time:00:00.02 | Mem:1.59M, Peak:1.59M | Scene, ViewLayer | Updating Integrator
Fra:138 Mem:17.99M (Peak 59.57M) | Time:00:00.02 | Mem:1.59M, Peak:1.59M | Scene, ViewLayer | Updating Film
Fra:138 Mem:17.99M (Peak 59.57M) | Time:00:00.02 | Mem:1.51M, Peak:1.59M | Scene, ViewLayer | Updating Lookup Tables
Fra:138 Mem:17.99M (Peak 59.57M) | Time:00:00.02 | Mem:1.59M, Peak:1.59M | Scene, ViewLayer | Updating Baking
Fra:138 Mem:17.99M (Peak 59.57M) | Time:00:00.02 | Mem:1.59M, Peak:1.59M | Scene, ViewLayer | Updating Device | Writing constant memory
Fra:138 Mem:17.99M (Peak 59.57M) | Time:00:00.02 | Mem:1.59M, Peak:1.59M | Scene, ViewLayer | Sample 0/32
Fra:138 Mem:35.83M (Peak 59.57M) | Time:00:00.51 | Remaining:00:15.27 | Mem:19.39M, Peak:19.39M | Scene, ViewLayer | Sample 1/32
Fra:138 Mem:43.74M (Peak 59.57M) | Time:00:15.80 | Mem:19.39M, Peak:19.39M | Scene, ViewLayer | Sample 32/32
Fra:138 Mem:43.74M (Peak 59.57M) | Time:00:15.80 | Mem:19.39M, Peak:19.39M | Scene, ViewLayer | Finished
Saved: '/home/runner/work/chaosim/chaosim/outputs/renders/paper_to_cloth_frames/frame_0138.png'
Time: 00:15.85 (Saving: 00:00.05)

Fra:139 Mem:22.41M (Peak 59.57M) | Time:00:00.00 | Mem:0.00M, Peak:0.00M | Scene, ViewLayer | Synchronizing object | ClothKey
Fra:139 Mem:22.42M (Peak 59.57M) | Time:00:00.00 | Mem:0.00M, Peak:0.00M | Scene, ViewLayer | Synchronizing object | ClothRim
Fra:139 Mem:22.42M (Peak 59.57M) | Time:00:00.00 | Mem:0.00M, Peak:0.00M | Scene, ViewLayer | Synchronizing object | Sheet
Fra:139 Mem:22.42M (Peak 59.57M) | Time:00:00.00 | Mem:0.00M, Peak:0.00M | Scene, ViewLayer | Synchronizing object | FacesLabel
Fra:139 Mem:22.42M (Peak 59.57M) | Time:00:00.00 | Mem:0.00M, Peak:0.00M | Scene, ViewLayer | Synchronizing object | GlassSphere
Fra:139 Mem:23.20M (Peak 59.57M) | Time:00:00.00 | Mem:0.00M, Peak:0.00M | Scene, ViewLayer | Initializing
Fra:139 Mem:17.03M (Peak 59.57M) | Time:00:00.00 | Mem:0.00M, Peak:0.00M | Scene, ViewLayer | Waiting for render to start
Fra:139 Mem:17.03M (Peak 59.57M) | Time:00:00.00 | Mem:0.00M, Peak:0.00M | Scene, ViewLayer | Updating Scene
Fra:139 Mem:17.03M (Peak 59.57M) | Time:00:00.00 | Mem:0.00M, Peak:0.00M | Scene, ViewLayer | Updating Shaders
Fra:139 Mem:17.03M (Peak 59.57M) | Time:00:00.00 | Mem:0.00M, Peak:0.00M | Scene, ViewLayer | Loading render kernels (may take a few minutes the first time)
Fra:139 Mem:17.11M (Peak 59.57M) | Time:00:00.00 | Mem:0.00M, Peak:0.00M | Scene, ViewLayer | Updating Procedurals
Fra:139 Mem:17.11M (Peak 59.57M) | Time:00:00.00 | Mem:0.00M, Peak:0.00M | Scene, ViewLayer | Updating Background
Fra:139 Mem:17.11M (Peak 59.57M) | Time:00:00.00 | Mem:0.00M, Peak:0.00M | Scene, ViewLayer | Updating Camera
Fra:139 Mem:17.11M (Peak 59.57M) | Time:00:00.00 | Mem:0.00M, Peak:0.00M | Scene, ViewLayer | Updating Meshes Flags
Fra:139 Mem:17.11M (Peak 59.57M) | Time:00:00.00 | Mem:0.00M, Peak:0.00M | Scene, ViewLayer | Updating Objects
Fra:139 Mem:17.11M (Peak 59.57M) | Time:00:00.00 | Mem:0.00M, Peak:0.00M | Scene, ViewLayer | Updating Objects | Copying Transformations to device
Fra:139 Mem:17.12M (Peak 59.57M) | Time:00:00.00 | Mem:0.01M, Peak:0.01M | Scene, ViewLayer | Updating Particle Systems
Fra:139 Mem:17.12M (Peak 59.57M) | Time:00:00.00 | Mem:0.01M, Peak:0.01M | Scene, ViewLayer | Updating Particle Systems | Copying Particles to device
Fra:139 Mem:17.12M (Peak 59.57M) | Time:00:00.00 | Mem:0.01M, Peak:0.01M | Scene, ViewLayer | Updating Meshes
Fra:139 Mem:17.12M (Peak 59.57M) | Time:00:00.00 | Mem:0.01M, Peak:0.01M | Scene, ViewLayer | Updating Objects | Applying Static Transformations
Fra:139 Mem:17.12M (Peak 59.57M) | Time:00:00.00 | Mem:0.01M, Peak:0.01M | Scene, ViewLayer | Updating Mesh | Computing attributes
Fra:139 Mem:17.19M (Peak 59.57M) | Time:00:00.00 | Mem:0.01M, Peak:0.01M | Scene, ViewLayer | Updating Mesh | Copying Attributes to device
Fra:139 Mem:17.19M (Peak 59.57M) | Time:00:00.00 | Mem:0.08M, Peak:0.08M | Scene, ViewLayer | Updating Scene BVH | Building
Fra:139 Mem:17.19M (Peak 59.57M) | Time:00:00.00 | Mem:0.08M, Peak:0.08M | Scene, ViewLayer | Updating Scene BVH | Building BVH
Fra:139 Mem:17.19M (Peak 59.57M) | Time:00:00.00 | Mem:0.38M, Peak:0.38M | Scene, ViewLayer | Updating Scene BVH | Building BVH 0%
Fra:139 Mem:17.19M (Peak 59.57M) | Time:00:00.01 | Mem:0.71M, Peak:1.01M | Scene, ViewLayer | Updating Scene BVH | Copying BVH to device
Fra:139 Mem:17.19M (Peak 59.57M) | Time:00:00.01 | Mem:0.71M, Peak:1.01M | Scene, ViewLayer | Updating Mesh | Computing normals
Fra:139 Mem:17.48M (Peak 59.57M) | Time:00:00.01 | Mem:0.71M, Peak:1.01M | Scene, ViewLayer | Updating Mesh | Copying Mesh to device
Fra:139 Mem:17.48M (Peak 59.57M) | Time:00:00.01 | Mem:1.00M, Peak:1.01M | Scene, ViewLayer | Updating Objects Flags
Fra:139 Mem:17.48M (Peak 59.57M) | Time:00:00.01 | Mem:1.00M, Peak:1.01M | Scene, ViewLayer | Updating Primitive Offsets
Fra:139 Mem:17.48M (Peak 59.57M) | Time:00:00.01 | Mem:1.00M, Peak:1.01M | Scene, ViewLayer | Updating Images
Fra:139 Mem:17.48M (Peak 59.57M) | Time:00:00.01 | Mem:1.00M, Peak:1.01M | Scene, ViewLayer | Updating Camera Volume
Fra:139 Mem:17.48M (Peak 59.57M) | Time:00:00.01 | Mem:1.00M, Peak:1.01M | Scene, ViewLayer | Updating Lookup Tables
Fra:139 Mem:17.48M (Peak 59.57M) | Time:00:00.01 | Mem:1.08M, Peak:1.08M | Scene, ViewLayer | Updating Lights
Fra:139 Mem:17.48M (Peak 59.57M) | Time:00:00.01 | Mem:1.08M, Peak:1.08M | Scene, ViewLayer | Updating Lights | Computing tree
Fra:139 Mem:17.99M (Peak 59.57M) | Time:00:00.02 | Mem:1.59M, Peak:1.59M | Scene, ViewLayer | Updating Integrator
Fra:139 Mem:17.99M (Peak 59.57M) | Time:00:00.02 | Mem:1.59M, Peak:1.59M | Scene, ViewLayer | Updating Film
Fra:139 Mem:17.99M (Peak 59.57M) | Time:00:00.02 | Mem:1.51M, Peak:1.59M | Scene, ViewLayer | Updating Lookup Tables
Fra:139 Mem:17.99M (Peak 59.57M) | Time:00:00.02 | Mem:1.59M, Peak:1.59M | Scene, ViewLayer | Updating Baking
Fra:139 Mem:17.99M (Peak 59.57M) | Time:00:00.02 | Mem:1.59M, Peak:1.59M | Scene, ViewLayer | Updating Device | Writing constant memory
Fra:139 Mem:17.99M (Peak 59.57M) | Time:00:00.02 | Mem:1.59M, Peak:1.59M | Scene, ViewLayer | Sample 0/32
Fra:139 Mem:35.83M (Peak 59.57M) | Time:00:00.51 | Remaining:00:15.28 | Mem:19.39M, Peak:19.39M | Scene, ViewLayer | Sample 1/32
Fra:139 Mem:43.74M (Peak 59.57M) | Time:00:15.76 | Mem:19.39M, Peak:19.39M | Scene, ViewLayer | Sample 32/32
Fra:139 Mem:43.74M (Peak 59.57M) | Time:00:15.76 | Mem:19.39M, Peak:19.39M | Scene, ViewLayer | Finished
Saved: '/home/runner/work/chaosim/chaosim/outputs/renders/paper_to_cloth_frames/frame_0139.png'
Time: 00:15.81 (Saving: 00:00.05)

Fra:140 Mem:22.41M (Peak 59.57M) | Time:00:00.00 | Mem:0.00M, Peak:0.00M | Scene, ViewLayer | Synchronizing object | ClothKey
Fra:140 Mem:22.42M (Peak 59.57M) | Time:00:00.00 | Mem:0.00M, Peak:0.00M | Scene, ViewLayer | Synchronizing object | ClothFill
Fra:140 Mem:22.42M (Peak 59.57M) | Time:00:00.00 | Mem:0.00M, Peak:0.00M | Scene, ViewLayer | Synchronizing object | ClothRim
Fra:140 Mem:22.42M (Peak 59.57M) | Time:00:00.00 | Mem:0.00M, Peak:0.00M | Scene, ViewLayer | Synchronizing object | Sheet
Fra:140 Mem:22.42M (Peak 59.57M) | Time:00:00.00 | Mem:0.00M, Peak:0.00M | Scene, ViewLayer | Synchronizing object | GlassSphere
Fra:140 Mem:23.20M (Peak 59.57M) | Time:00:00.00 | Mem:0.00M, Peak:0.00M | Scene, ViewLayer | Initializing
Fra:140 Mem:17.03M (Peak 59.57M) | Time:00:00.00 | Mem:0.00M, Peak:0.00M | Scene, ViewLayer | Waiting for render to start
Fra:140 Mem:17.03M (Peak 59.57M) | Time:00:00.00 | Mem:0.00M, Peak:0.00M | Scene, ViewLayer | Updating Scene
Fra:140 Mem:17.03M (Peak 59.57M) | Time:00:00.00 | Mem:0.00M, Peak:0.00M | Scene, ViewLayer | Updating Shaders
Fra:140 Mem:17.03M (Peak 59.57M) | Time:00:00.00 | Mem:0.00M, Peak:0.00M | Scene, ViewLayer | Loading render kernels (may take a few minutes the first time)
Fra:140 Mem:17.11M (Peak 59.57M) | Time:00:00.00 | Mem:0.00M, Peak:0.00M | Scene, ViewLayer | Updating Procedurals
Fra:140 Mem:17.11M (Peak 59.57M) | Time:00:00.00 | Mem:0.00M, Peak:0.00M | Scene, ViewLayer | Updating Background
Fra:140 Mem:17.11M (Peak 59.57M) | Time:00:00.00 | Mem:0.00M, Peak:0.00M | Scene, ViewLayer | Updating Camera
Fra:140 Mem:17.11M (Peak 59.57M) | Time:00:00.00 | Mem:0.00M, Peak:0.00M | Scene, ViewLayer | Updating Meshes Flags
Fra:140 Mem:17.11M (Peak 59.57M) | Time:00:00.00 | Mem:0.00M, Peak:0.00M | Scene, ViewLayer | Updating Objects
Fra:140 Mem:17.11M (Peak 59.57M) | Time:00:00.00 | Mem:0.00M, Peak:0.00M | Scene, ViewLayer | Updating Objects | Copying Transformations to device
Fra:140 Mem:17.12M (Peak 59.57M) | Time:00:00.00 | Mem:0.01M, Peak:0.01M | Scene, ViewLayer | Updating Particle Systems
Fra:140 Mem:17.12M (Peak 59.57M) | Time:00:00.00 | Mem:0.01M, Peak:0.01M | Scene, ViewLayer | Updating Particle Systems | Copying Particles to device
Fra:140 Mem:17.12M (Peak 59.57M) | Time:00:00.00 | Mem:0.01M, Peak:0.01M | Scene, ViewLayer | Updating Meshes
Fra:140 Mem:17.12M (Peak 59.57M) | Time:00:00.00 | Mem:0.01M, Peak:0.01M | Scene, ViewLayer | Updating Objects | Applying Static Transformations
Fra:140 Mem:17.12M (Peak 59.57M) | Time:00:00.00 | Mem:0.01M, Peak:0.01M | Scene, ViewLayer | Updating Mesh | Computing attributes
Fra:140 Mem:17.19M (Peak 59.57M) | Time:00:00.00 | Mem:0.01M, Peak:0.01M | Scene, ViewLayer | Updating Mesh | Copying Attributes to device
Fra:140 Mem:17.19M (Peak 59.57M) | Time:00:00.00 | Mem:0.08M, Peak:0.08M | Scene, ViewLayer | Updating Scene BVH | Building
Fra:140 Mem:17.19M (Peak 59.57M) | Time:00:00.00 | Mem:0.08M, Peak:0.08M | Scene, ViewLayer | Updating Scene BVH | Building BVH
Fra:140 Mem:17.19M (Peak 59.57M) | Time:00:00.00 | Mem:0.38M, Peak:0.38M | Scene, ViewLayer | Updating Scene BVH | Building BVH 0%
Fra:140 Mem:17.19M (Peak 59.57M) | Time:00:00.01 | Mem:0.71M, Peak:1.01M | Scene, ViewLayer | Updating Scene BVH | Copying BVH to device
Fra:140 Mem:17.19M (Peak 59.57M) | Time:00:00.01 | Mem:0.71M, Peak:1.01M | Scene, ViewLayer | Updating Mesh | Computing normals
Fra:140 Mem:17.48M (Peak 59.57M) | Time:00:00.01 | Mem:0.71M, Peak:1.01M | Scene, ViewLayer | Updating Mesh | Copying Mesh to device
Fra:140 Mem:17.48M (Peak 59.57M) | Time:00:00.01 | Mem:1.00M, Peak:1.01M | Scene, ViewLayer | Updating Objects Flags
Fra:140 Mem:17.48M (Peak 59.57M) | Time:00:00.01 | Mem:1.00M, Peak:1.01M | Scene, ViewLayer | Updating Primitive Offsets
Fra:140 Mem:17.48M (Peak 59.57M) | Time:00:00.01 | Mem:1.00M, Peak:1.01M | Scene, ViewLayer | Updating Images
Fra:140 Mem:17.48M (Peak 59.57M) | Time:00:00.01 | Mem:1.00M, Peak:1.01M | Scene, ViewLayer | Updating Camera Volume
Fra:140 Mem:17.48M (Peak 59.57M) | Time:00:00.01 | Mem:1.00M, Peak:1.01M | Scene, ViewLayer | Updating Lookup Tables
Fra:140 Mem:17.48M (Peak 59.57M) | Time:00:00.01 | Mem:1.08M, Peak:1.08M | Scene, ViewLayer | Updating Lights
Fra:140 Mem:17.48M (Peak 59.57M) | Time:00:00.01 | Mem:1.08M, Peak:1.08M | Scene, ViewLayer | Updating Lights | Computing tree
Fra:140 Mem:17.99M (Peak 59.57M) | Time:00:00.02 | Mem:1.59M, Peak:1.59M | Scene, ViewLayer | Updating Integrator
Fra:140 Mem:17.99M (Peak 59.57M) | Time:00:00.02 | Mem:1.59M, Peak:1.59M | Scene, ViewLayer | Updating Film
Fra:140 Mem:17.99M (Peak 59.57M) | Time:00:00.02 | Mem:1.51M, Peak:1.59M | Scene, ViewLayer | Updating Lookup Tables
Fra:140 Mem:17.99M (Peak 59.57M) | Time:00:00.02 | Mem:1.59M, Peak:1.59M | Scene, ViewLayer | Updating Baking
Fra:140 Mem:17.99M (Peak 59.57M) | Time:00:00.02 | Mem:1.59M, Peak:1.59M | Scene, ViewLayer | Updating Device | Writing constant memory
Fra:140 Mem:17.99M (Peak 59.57M) | Time:00:00.02 | Mem:1.59M, Peak:1.59M | Scene, ViewLayer | Sample 0/32
Fra:140 Mem:35.83M (Peak 59.57M) | Time:00:00.51 | Remaining:00:15.28 | Mem:19.39M, Peak:19.39M | Scene, ViewLayer | Sample 1/32
Fra:140 Mem:43.74M (Peak 59.57M) | Time:00:15.70 | Mem:19.39M, Peak:19.39M | Scene, ViewLayer | Sample 32/32
Fra:140 Mem:43.74M (Peak 59.57M) | Time:00:15.70 | Mem:19.39M, Peak:19.39M | Scene, ViewLayer | Finished
Saved: '/home/runner/work/chaosim/chaosim/outputs/renders/paper_to_cloth_frames/frame_0140.png'
Time: 00:15.76 (Saving: 00:00.05)

Fra:141 Mem:22.41M (Peak 59.57M) | Time:00:00.00 | Mem:0.00M, Peak:0.00M | Scene, ViewLayer | Synchronizing object | ClothKey
Fra:141 Mem:22.42M (Peak 59.57M) | Time:00:00.00 | Mem:0.00M, Peak:0.00M | Scene, ViewLayer | Synchronizing object | ClothRim
Fra:141 Mem:22.42M (Peak 59.57M) | Time:00:00.00 | Mem:0.00M, Peak:0.00M | Scene, ViewLayer | Synchronizing object | Rod
Fra:141 Mem:22.42M (Peak 59.57M) | Time:00:00.00 | Mem:0.00M, Peak:0.00M | Scene, ViewLayer | Synchronizing object | Sheet
Fra:141 Mem:22.42M (Peak 59.57M) | Time:00:00.00 | Mem:0.00M, Peak:0.00M | Scene, ViewLayer | Synchronizing object | FacesLabel
Fra:141 Mem:22.47M (Peak 59.57M) | Time:00:00.00 | Mem:0.00M, Peak:0.00M | Scene, ViewLayer | Synchronizing object | GlassSphere
Fra:141 Mem:23.20M (Peak 59.57M) | Time:00:00.00 | Mem:0.00M, Peak:0.00M | Scene, ViewLayer | Initializing
Fra:141 Mem:17.03M (Peak 59.57M) | Time:00:00.00 | Mem:0.00M, Peak:0.00M | Scene, ViewLayer | Waiting for render to start
Fra:141 Mem:17.03M (Peak 59.57M) | Time:00:00.00 | Mem:0.00M, Peak:0.00M | Scene, ViewLayer | Updating Scene
Fra:141 Mem:17.03M (Peak 59.57M) | Time:00:00.00 | Mem:0.00M, Peak:0.00M | Scene, ViewLayer | Updating Shaders
Fra:141 Mem:17.03M (Peak 59.57M) | Time:00:00.00 | Mem:0.00M, Peak:0.00M | Scene, ViewLayer | Loading render kernels (may take a few minutes the first time)
Fra:141 Mem:17.11M (Peak 59.57M) | Time:00:00.00 | Mem:0.00M, Peak:0.00M | Scene, ViewLayer | Updating Procedurals
Fra:141 Mem:17.11M (Peak 59.57M) | Time:00:00.00 | Mem:0.00M, Peak:0.00M | Scene, ViewLayer | Updating Background
Fra:141 Mem:17.11M (Peak 59.57M) | Time:00:00.00 | Mem:0.00M, Peak:0.00M | Scene, ViewLayer | Updating Camera
Fra:141 Mem:17.11M (Peak 59.57M) | Time:00:00.00 | Mem:0.00M, Peak:0.00M | Scene, ViewLayer | Updating Meshes Flags
Fra:141 Mem:17.11M (Peak 59.57M) | Time:00:00.00 | Mem:0.00M, Peak:0.00M | Scene, ViewLayer | Updating Objects
Fra:141 Mem:17.11M (Peak 59.57M) | Time:00:00.00 | Mem:0.00M, Peak:0.00M | Scene, ViewLayer | Updating Objects | Copying Transformations to device
Fra:141 Mem:17.12M (Peak 59.57M) | Time:00:00.00 | Mem:0.01M, Peak:0.01M | Scene, ViewLayer | Updating Particle Systems
Fra:141 Mem:17.12M (Peak 59.57M) | Time:00:00.00 | Mem:0.01M, Peak:0.01M | Scene, ViewLayer | Updating Particle Systems | Copying Particles to device
Fra:141 Mem:17.12M (Peak 59.57M) | Time:00:00.00 | Mem:0.01M, Peak:0.01M | Scene, ViewLayer | Updating Meshes
Fra:141 Mem:17.12M (Peak 59.57M) | Time:00:00.00 | Mem:0.01M, Peak:0.01M | Scene, ViewLayer | Updating Objects | Applying Static Transformations
Fra:141 Mem:17.12M (Peak 59.57M) | Time:00:00.00 | Mem:0.01M, Peak:0.01M | Scene, ViewLayer | Updating Mesh | Computing attributes
Fra:141 Mem:17.19M (Peak 59.57M) | Time:00:00.00 | Mem:0.01M, Peak:0.01M | Scene, ViewLayer | Updating Mesh | Copying Attributes to device
Fra:141 Mem:17.19M (Peak 59.57M) | Time:00:00.00 | Mem:0.08M, Peak:0.08M | Scene, ViewLayer | Updating Scene BVH | Building
Fra:141 Mem:17.19M (Peak 59.57M) | Time:00:00.00 | Mem:0.08M, Peak:0.08M | Scene, ViewLayer | Updating Scene BVH | Building BVH
Fra:141 Mem:17.19M (Peak 59.57M) | Time:00:00.00 | Mem:0.38M, Peak:0.38M | Scene, ViewLayer | Updating Scene BVH | Building BVH 0%
Fra:141 Mem:17.19M (Peak 59.57M) | Time:00:00.01 | Mem:0.71M, Peak:1.01M | Scene, ViewLayer | Updating Scene BVH | Copying BVH to device
Fra:141 Mem:17.19M (Peak 59.57M) | Time:00:00.01 | Mem:0.71M, Peak:1.01M | Scene, ViewLayer | Updating Mesh | Computing normals
Fra:141 Mem:17.48M (Peak 59.57M) | Time:00:00.01 | Mem:0.71M, Peak:1.01M | Scene, ViewLayer | Updating Mesh | Copying Mesh to device
Fra:141 Mem:17.48M (Peak 59.57M) | Time:00:00.01 | Mem:1.00M, Peak:1.01M | Scene, ViewLayer | Updating Objects Flags
Fra:141 Mem:17.48M (Peak 59.57M) | Time:00:00.01 | Mem:1.00M, Peak:1.01M | Scene, ViewLayer | Updating Primitive Offsets
Fra:141 Mem:17.48M (Peak 59.57M) | Time:00:00.01 | Mem:1.00M, Peak:1.01M | Scene, ViewLayer | Updating Images
Fra:141 Mem:17.48M (Peak 59.57M) | Time:00:00.01 | Mem:1.00M, Peak:1.01M | Scene, ViewLayer | Updating Camera Volume
Fra:141 Mem:17.48M (Peak 59.57M) | Time:00:00.01 | Mem:1.00M, Peak:1.01M | Scene, ViewLayer | Updating Lookup Tables
Fra:141 Mem:17.48M (Peak 59.57M) | Time:00:00.01 | Mem:1.08M, Peak:1.08M | Scene, ViewLayer | Updating Lights
Fra:141 Mem:17.48M (Peak 59.57M) | Time:00:00.01 | Mem:1.08M, Peak:1.08M | Scene, ViewLayer | Updating Lights | Computing tree
Fra:141 Mem:17.99M (Peak 59.57M) | Time:00:00.02 | Mem:1.59M, Peak:1.59M | Scene, ViewLayer | Updating Integrator
Fra:141 Mem:17.99M (Peak 59.57M) | Time:00:00.02 | Mem:1.59M, Peak:1.59M | Scene, ViewLayer | Updating Film
Fra:141 Mem:17.99M (Peak 59.57M) | Time:00:00.02 | Mem:1.51M, Peak:1.59M | Scene, ViewLayer | Updating Lookup Tables
Fra:141 Mem:17.99M (Peak 59.57M) | Time:00:00.02 | Mem:1.59M, Peak:1.59M | Scene, ViewLayer | Updating Baking
Fra:141 Mem:17.99M (Peak 59.57M) | Time:00:00.02 | Mem:1.59M, Peak:1.59M | Scene, ViewLayer | Updating Device | Writing constant memory
Fra:141 Mem:17.99M (Peak 59.57M) | Time:00:00.02 | Mem:1.59M, Peak:1.59M | Scene, ViewLayer | Sample 0/32
Fra:141 Mem:35.83M (Peak 59.57M) | Time:00:00.51 | Remaining:00:15.19 | Mem:19.39M, Peak:19.39M | Scene, ViewLayer | Sample 1/32
Fra:141 Mem:43.74M (Peak 59.57M) | Time:00:15.74 | Mem:19.39M, Peak:19.39M | Scene, ViewLayer | Sample 32/32
Fra:141 Mem:43.74M (Peak 59.57M) | Time:00:15.74 | Mem:19.39M, Peak:19.39M | Scene, ViewLayer | Finished
Saved: '/home/runner/work/chaosim/chaosim/outputs/renders/paper_to_cloth_frames/frame_0141.png'
Time: 00:15.80 (Saving: 00:00.05)

Fra:142 Mem:22.41M (Peak 59.57M) | Time:00:00.00 | Mem:0.00M, Peak:0.00M | Scene, ViewLayer | Synchronizing object | ClothKey
Fra:142 Mem:22.42M (Peak 59.57M) | Time:00:00.00 | Mem:0.00M, Peak:0.00M | Scene, ViewLayer | Synchronizing object | ClothFill
Fra:142 Mem:22.42M (Peak 59.57M) | Time:00:00.00 | Mem:0.00M, Peak:0.00M | Scene, ViewLayer | Synchronizing object | FacesLabel
Fra:142 Mem:22.42M (Peak 59.57M) | Time:00:00.00 | Mem:0.00M, Peak:0.00M | Scene, ViewLayer | Synchronizing object | Sheet
Fra:142 Mem:23.08M (Peak 59.57M) | Time:00:00.00 | Mem:0.00M, Peak:0.00M | Scene, ViewLayer | Synchronizing object | GlassSphere
Fra:142 Mem:23.20M (Peak 59.57M) | Time:00:00.00 | Mem:0.00M, Peak:0.00M | Scene, ViewLayer | Initializing
Fra:142 Mem:17.03M (Peak 59.57M) | Time:00:00.00 | Mem:0.00M, Peak:0.00M | Scene, ViewLayer | Waiting for render to start
Fra:142 Mem:17.03M (Peak 59.57M) | Time:00:00.00 | Mem:0.00M, Peak:0.00M | Scene, ViewLayer | Updating Scene
Fra:142 Mem:17.03M (Peak 59.57M) | Time:00:00.00 | Mem:0.00M, Peak:0.00M | Scene, ViewLayer | Updating Shaders
Fra:142 Mem:17.03M (Peak 59.57M) | Time:00:00.00 | Mem:0.00M, Peak:0.00M | Scene, ViewLayer | Loading render kernels (may take a few minutes the first time)
Fra:142 Mem:17.11M (Peak 59.57M) | Time:00:00.00 | Mem:0.00M, Peak:0.00M | Scene, ViewLayer | Updating Procedurals
Fra:142 Mem:17.11M (Peak 59.57M) | Time:00:00.00 | Mem:0.00M, Peak:0.00M | Scene, ViewLayer | Updating Background
Fra:142 Mem:17.11M (Peak 59.57M) | Time:00:00.00 | Mem:0.00M, Peak:0.00M | Scene, ViewLayer | Updating Camera
Fra:142 Mem:17.11M (Peak 59.57M) | Time:00:00.00 | Mem:0.00M, Peak:0.00M | Scene, ViewLayer | Updating Meshes Flags
Fra:142 Mem:17.11M (Peak 59.57M) | Time:00:00.00 | Mem:0.00M, Peak:0.00M | Scene, ViewLayer | Updating Objects
Fra:142 Mem:17.11M (Peak 59.57M) | Time:00:00.00 | Mem:0.00M, Peak:0.00M | Scene, ViewLayer | Updating Objects | Copying Transformations to device
Fra:142 Mem:17.12M (Peak 59.57M) | Time:00:00.00 | Mem:0.01M, Peak:0.01M | Scene, ViewLayer | Updating Particle Systems
Fra:142 Mem:17.12M (Peak 59.57M) | Time:00:00.00 | Mem:0.01M, Peak:0.01M | Scene, ViewLayer | Updating Particle Systems | Copying Particles to device
Fra:142 Mem:17.12M (Peak 59.57M) | Time:00:00.00 | Mem:0.01M, Peak:0.01M | Scene, ViewLayer | Updating Meshes
Fra:142 Mem:17.12M (Peak 59.57M) | Time:00:00.00 | Mem:0.01M, Peak:0.01M | Scene, ViewLayer | Updating Objects | Applying Static Transformations
Fra:142 Mem:17.12M (Peak 59.57M) | Time:00:00.01 | Mem:0.01M, Peak:0.01M | Scene, ViewLayer | Updating Mesh | Computing attributes
Fra:142 Mem:17.19M (Peak 59.57M) | Time:00:00.01 | Mem:0.01M, Peak:0.01M | Scene, ViewLayer | Updating Mesh | Copying Attributes to device
Fra:142 Mem:17.19M (Peak 59.57M) | Time:00:00.01 | Mem:0.08M, Peak:0.08M | Scene, ViewLayer | Updating Scene BVH | Building
Fra:142 Mem:17.19M (Peak 59.57M) | Time:00:00.01 | Mem:0.08M, Peak:0.08M | Scene, ViewLayer | Updating Scene BVH | Building BVH
Fra:142 Mem:17.19M (Peak 59.57M) | Time:00:00.01 | Mem:0.38M, Peak:0.38M | Scene, ViewLayer | Updating Scene BVH | Building BVH 0%
Fra:142 Mem:17.19M (Peak 59.57M) | Time:00:00.01 | Mem:0.71M, Peak:1.01M | Scene, ViewLayer | Updating Scene BVH | Copying BVH to device
Fra:142 Mem:17.19M (Peak 59.57M) | Time:00:00.01 | Mem:0.71M, Peak:1.01M | Scene, ViewLayer | Updating Mesh | Computing normals
Fra:142 Mem:17.48M (Peak 59.57M) | Time:00:00.01 | Mem:0.71M, Peak:1.01M | Scene, ViewLayer | Updating Mesh | Copying Mesh to device
Fra:142 Mem:17.48M (Peak 59.57M) | Time:00:00.01 | Mem:1.00M, Peak:1.01M | Scene, ViewLayer | Updating Objects Flags
Fra:142 Mem:17.48M (Peak 59.57M) | Time:00:00.01 | Mem:1.00M, Peak:1.01M | Scene, ViewLayer | Updating Primitive Offsets
Fra:142 Mem:17.48M (Peak 59.57M) | Time:00:00.01 | Mem:1.00M, Peak:1.01M | Scene, ViewLayer | Updating Images
Fra:142 Mem:17.48M (Peak 59.57M) | Time:00:00.01 | Mem:1.00M, Peak:1.01M | Scene, ViewLayer | Updating Camera Volume
Fra:142 Mem:17.48M (Peak 59.57M) | Time:00:00.01 | Mem:1.00M, Peak:1.01M | Scene, ViewLayer | Updating Lookup Tables
Fra:142 Mem:17.48M (Peak 59.57M) | Time:00:00.01 | Mem:1.08M, Peak:1.08M | Scene, ViewLayer | Updating Lights
Fra:142 Mem:17.48M (Peak 59.57M) | Time:00:00.01 | Mem:1.08M, Peak:1.08M | Scene, ViewLayer | Updating Lights | Computing tree
Fra:142 Mem:17.99M (Peak 59.57M) | Time:00:00.02 | Mem:1.59M, Peak:1.59M | Scene, ViewLayer | Updating Integrator
Fra:142 Mem:17.99M (Peak 59.57M) | Time:00:00.02 | Mem:1.59M, Peak:1.59M | Scene, ViewLayer | Updating Film
Fra:142 Mem:17.99M (Peak 59.57M) | Time:00:00.02 | Mem:1.51M, Peak:1.59M | Scene, ViewLayer | Updating Lookup Tables
Fra:142 Mem:17.99M (Peak 59.57M) | Time:00:00.02 | Mem:1.59M, Peak:1.59M | Scene, ViewLayer | Updating Baking
Fra:142 Mem:17.99M (Peak 59.57M) | Time:00:00.02 | Mem:1.59M, Peak:1.59M | Scene, ViewLayer | Updating Device | Writing constant memory
Fra:142 Mem:17.99M (Peak 59.57M) | Time:00:00.02 | Mem:1.59M, Peak:1.59M | Scene, ViewLayer | Sample 0/32
Fra:142 Mem:35.83M (Peak 59.57M) | Time:00:00.52 | Remaining:00:15.34 | Mem:19.39M, Peak:19.39M | Scene, ViewLayer | Sample 1/32
Fra:142 Mem:43.74M (Peak 59.57M) | Time:00:15.74 | Mem:19.39M, Peak:19.39M | Scene, ViewLayer | Sample 32/32
Fra:142 Mem:43.74M (Peak 59.57M) | Time:00:15.74 | Mem:19.39M, Peak:19.39M | Scene, ViewLayer | Finished
Saved: '/home/runner/work/chaosim/chaosim/outputs/renders/paper_to_cloth_frames/frame_0142.png'
Time: 00:15.80 (Saving: 00:00.05)

Fra:143 Mem:22.41M (Peak 59.57M) | Time:00:00.00 | Mem:0.00M, Peak:0.00M | Scene, ViewLayer | Synchronizing object | ClothKey
Fra:143 Mem:22.42M (Peak 59.57M) | Time:00:00.00 | Mem:0.00M, Peak:0.00M | Scene, ViewLayer | Synchronizing object | ClothRim
Fra:143 Mem:22.42M (Peak 59.57M) | Time:00:00.00 | Mem:0.00M, Peak:0.00M | Scene, ViewLayer | Synchronizing object | FacesLabel
Fra:143 Mem:22.42M (Peak 59.57M) | Time:00:00.00 | Mem:0.00M, Peak:0.00M | Scene, ViewLayer | Synchronizing object | Sheet
Fra:143 Mem:22.45M (Peak 59.57M) | Time:00:00.00 | Mem:0.00M, Peak:0.00M | Scene, ViewLayer | Synchronizing object | GlassSphere
Fra:143 Mem:23.20M (Peak 59.57M) | Time:00:00.00 | Mem:0.00M, Peak:0.00M | Scene, ViewLayer | Initializing
Fra:143 Mem:17.03M (Peak 59.57M) | Time:00:00.00 | Mem:0.00M, Peak:0.00M | Scene, ViewLayer | Waiting for render to start
Fra:143 Mem:17.03M (Peak 59.57M) | Time:00:00.00 | Mem:0.00M, Peak:0.00M | Scene, ViewLayer | Updating Scene
Fra:143 Mem:17.03M (Peak 59.57M) | Time:00:00.00 | Mem:0.00M, Peak:0.00M | Scene, ViewLayer | Updating Shaders
Fra:143 Mem:17.03M (Peak 59.57M) | Time:00:00.00 | Mem:0.00M, Peak:0.00M | Scene, ViewLayer | Loading render kernels (may take a few minutes the first time)
Fra:143 Mem:17.11M (Peak 59.57M) | Time:00:00.01 | Mem:0.00M, Peak:0.00M | Scene, ViewLayer | Updating Procedurals
Fra:143 Mem:17.11M (Peak 59.57M) | Time:00:00.01 | Mem:0.00M, Peak:0.00M | Scene, ViewLayer | Updating Background
Fra:143 Mem:17.11M (Peak 59.57M) | Time:00:00.01 | Mem:0.00M, Peak:0.00M | Scene, ViewLayer | Updating Camera
Fra:143 Mem:17.11M (Peak 59.57M) | Time:00:00.01 | Mem:0.00M, Peak:0.00M | Scene, ViewLayer | Updating Meshes Flags
Fra:143 Mem:17.11M (Peak 59.57M) | Time:00:00.01 | Mem:0.00M, Peak:0.00M | Scene, ViewLayer | Updating Objects
Fra:143 Mem:17.11M (Peak 59.57M) | Time:00:00.01 | Mem:0.00M, Peak:0.00M | Scene, ViewLayer | Updating Objects | Copying Transformations to device
Fra:143 Mem:17.12M (Peak 59.57M) | Time:00:00.01 | Mem:0.01M, Peak:0.01M | Scene, ViewLayer | Updating Particle Systems
Fra:143 Mem:17.12M (Peak 59.57M) | Time:00:00.01 | Mem:0.01M, Peak:0.01M | Scene, ViewLayer | Updating Particle Systems | Copying Particles to device
Fra:143 Mem:17.12M (Peak 59.57M) | Time:00:00.01 | Mem:0.01M, Peak:0.01M | Scene, ViewLayer | Updating Meshes
Fra:143 Mem:17.12M (Peak 59.57M) | Time:00:00.01 | Mem:0.01M, Peak:0.01M | Scene, ViewLayer | Updating Objects | Applying Static Transformations
Fra:143 Mem:17.12M (Peak 59.57M) | Time:00:00.01 | Mem:0.01M, Peak:0.01M | Scene, ViewLayer | Updating Mesh | Computing attributes
Fra:143 Mem:17.19M (Peak 59.57M) | Time:00:00.01 | Mem:0.01M, Peak:0.01M | Scene, ViewLayer | Updating Mesh | Copying Attributes to device
Fra:143 Mem:17.19M (Peak 59.57M) | Time:00:00.01 | Mem:0.08M, Peak:0.08M | Scene, ViewLayer | Updating Scene BVH | Building
Fra:143 Mem:17.19M (Peak 59.57M) | Time:00:00.01 | Mem:0.08M, Peak:0.08M | Scene, ViewLayer | Updating Scene BVH | Building BVH
Fra:143 Mem:17.19M (Peak 59.57M) | Time:00:00.01 | Mem:0.38M, Peak:0.38M | Scene, ViewLayer | Updating Scene BVH | Building BVH 0%
Fra:143 Mem:17.19M (Peak 59.57M) | Time:00:00.01 | Mem:0.74M, Peak:1.04M | Scene, ViewLayer | Updating Scene BVH | Copying BVH to device
Fra:143 Mem:17.19M (Peak 59.57M) | Time:00:00.01 | Mem:0.74M, Peak:1.04M | Scene, ViewLayer | Updating Mesh | Computing normals
Fra:143 Mem:17.48M (Peak 59.57M) | Time:00:00.01 | Mem:0.74M, Peak:1.04M | Scene, ViewLayer | Updating Mesh | Copying Mesh to device
Fra:143 Mem:17.48M (Peak 59.57M) | Time:00:00.01 | Mem:1.03M, Peak:1.04M | Scene, ViewLayer | Updating Objects Flags
Fra:143 Mem:17.48M (Peak 59.57M) | Time:00:00.01 | Mem:1.03M, Peak:1.04M | Scene, ViewLayer | Updating Primitive Offsets
Fra:143 Mem:17.48M (Peak 59.57M) | Time:00:00.01 | Mem:1.03M, Peak:1.04M | Scene, ViewLayer | Updating Images
Fra:143 Mem:17.48M (Peak 59.57M) | Time:00:00.01 | Mem:1.03M, Peak:1.04M | Scene, ViewLayer | Updating Camera Volume
Fra:143 Mem:17.48M (Peak 59.57M) | Time:00:00.01 | Mem:1.03M, Peak:1.04M | Scene, ViewLayer | Updating Lookup Tables
Fra:143 Mem:17.48M (Peak 59.57M) | Time:00:00.01 | Mem:1.11M, Peak:1.11M | Scene, ViewLayer | Updating Lights
Fra:143 Mem:17.48M (Peak 59.57M) | Time:00:00.01 | Mem:1.11M, Peak:1.11M | Scene, ViewLayer | Updating Lights | Computing tree
Fra:143 Mem:17.99M (Peak 59.57M) | Time:00:00.02 | Mem:1.62M, Peak:1.62M | Scene, ViewLayer | Updating Integrator
Fra:143 Mem:17.99M (Peak 59.57M) | Time:00:00.02 | Mem:1.62M, Peak:1.62M | Scene, ViewLayer | Updating Film
Fra:143 Mem:17.99M (Peak 59.57M) | Time:00:00.02 | Mem:1.54M, Peak:1.62M | Scene, ViewLayer | Updating Lookup Tables
Fra:143 Mem:17.99M (Peak 59.57M) | Time:00:00.02 | Mem:1.62M, Peak:1.62M | Scene, ViewLayer | Updating Baking
Fra:143 Mem:17.99M (Peak 59.57M) | Time:00:00.02 | Mem:1.62M, Peak:1.62M | Scene, ViewLayer | Updating Device | Writing constant memory
Fra:143 Mem:17.99M (Peak 59.57M) | Time:00:00.02 | Mem:1.62M, Peak:1.62M | Scene, ViewLayer | Sample 0/32
Fra:143 Mem:35.83M (Peak 59.57M) | Time:00:00.52 | Remaining:00:15.33 | Mem:19.42M, Peak:19.42M | Scene, ViewLayer | Sample 1/32
Fra:143 Mem:43.74M (Peak 59.57M) | Time:00:15.73 | Mem:19.42M, Peak:19.42M | Scene, ViewLayer | Sample 32/32
Fra:143 Mem:43.74M (Peak 59.57M) | Time:00:15.73 | Mem:19.42M, Peak:19.42M | Scene, ViewLayer | Finished
Saved: '/home/runner/work/chaosim/chaosim/outputs/renders/paper_to_cloth_frames/frame_0143.png'
Time: 00:15.79 (Saving: 00:00.05)

Fra:144 Mem:22.41M (Peak 59.57M) | Time:00:00.00 | Mem:0.00M, Peak:0.00M | Scene, ViewLayer | Synchronizing object | ClothKey
Fra:144 Mem:22.42M (Peak 59.57M) | Time:00:00.00 | Mem:0.00M, Peak:0.00M | Scene, ViewLayer | Synchronizing object | Rod
Fra:144 Mem:22.42M (Peak 59.57M) | Time:00:00.00 | Mem:0.00M, Peak:0.00M | Scene, ViewLayer | Synchronizing object | FacesLabel
Fra:144 Mem:22.42M (Peak 59.57M) | Time:00:00.00 | Mem:0.00M, Peak:0.00M | Scene, ViewLayer | Synchronizing object | Sheet
Fra:144 Mem:22.42M (Peak 59.57M) | Time:00:00.00 | Mem:0.00M, Peak:0.00M | Scene, ViewLayer | Synchronizing object | GlassSphere
Fra:144 Mem:23.20M (Peak 59.57M) | Time:00:00.00 | Mem:0.00M, Peak:0.00M | Scene, ViewLayer | Initializing
Fra:144 Mem:17.03M (Peak 59.57M) | Time:00:00.00 | Mem:0.00M, Peak:0.00M | Scene, ViewLayer | Waiting for render to start
Fra:144 Mem:17.03M (Peak 59.57M) | Time:00:00.00 | Mem:0.00M, Peak:0.00M | Scene, ViewLayer | Updating Scene
Fra:144 Mem:17.03M (Peak 59.57M) | Time:00:00.00 | Mem:0.00M, Peak:0.00M | Scene, ViewLayer | Updating Shaders
Fra:144 Mem:17.03M (Peak 59.57M) | Time:00:00.00 | Mem:0.00M, Peak:0.00M | Scene, ViewLayer | Loading render kernels (may take a few minutes the first time)
Fra:144 Mem:17.11M (Peak 59.57M) | Time:00:00.01 | Mem:0.00M, Peak:0.00M | Scene, ViewLayer | Updating Procedurals
Fra:144 Mem:17.11M (Peak 59.57M) | Time:00:00.01 | Mem:0.00M, Peak:0.00M | Scene, ViewLayer | Updating Background
Fra:144 Mem:17.11M (Peak 59.57M) | Time:00:00.01 | Mem:0.00M, Peak:0.00M | Scene, ViewLayer | Updating Camera
Fra:144 Mem:17.11M (Peak 59.57M) | Time:00:00.01 | Mem:0.00M, Peak:0.00M | Scene, ViewLayer | Updating Meshes Flags
Fra:144 Mem:17.11M (Peak 59.57M) | Time:00:00.01 | Mem:0.00M, Peak:0.00M | Scene, ViewLayer | Updating Objects
Fra:144 Mem:17.11M (Peak 59.57M) | Time:00:00.01 | Mem:0.00M, Peak:0.00M | Scene, ViewLayer | Updating Objects | Copying Transformations to device
Fra:144 Mem:17.12M (Peak 59.57M) | Time:00:00.01 | Mem:0.01M, Peak:0.01M | Scene, ViewLayer | Updating Particle Systems
Fra:144 Mem:17.12M (Peak 59.57M) | Time:00:00.01 | Mem:0.01M, Peak:0.01M | Scene, ViewLayer | Updating Particle Systems | Copying Particles to device
Fra:144 Mem:17.12M (Peak 59.57M) | Time:00:00.01 | Mem:0.01M, Peak:0.01M | Scene, ViewLayer | Updating Meshes
Fra:144 Mem:17.12M (Peak 59.57M) | Time:00:00.01 | Mem:0.01M, Peak:0.01M | Scene, ViewLayer | Updating Objects | Applying Static Transformations
Fra:144 Mem:17.12M (Peak 59.57M) | Time:00:00.01 | Mem:0.01M, Peak:0.01M | Scene, ViewLayer | Updating Mesh | Computing attributes
Fra:144 Mem:17.19M (Peak 59.57M) | Time:00:00.01 | Mem:0.01M, Peak:0.01M | Scene, ViewLayer | Updating Mesh | Copying Attributes to device
Fra:144 Mem:17.19M (Peak 59.57M) | Time:00:00.01 | Mem:0.08M, Peak:0.08M | Scene, ViewLayer | Updating Scene BVH | Building
Fra:144 Mem:17.19M (Peak 59.57M) | Time:00:00.01 | Mem:0.08M, Peak:0.08M | Scene, ViewLayer | Updating Scene BVH | Building BVH
Fra:144 Mem:17.19M (Peak 59.57M) | Time:00:00.01 | Mem:0.38M, Peak:0.38M | Scene, ViewLayer | Updating Scene BVH | Building BVH 0%
Fra:144 Mem:17.19M (Peak 59.57M) | Time:00:00.01 | Mem:0.71M, Peak:1.01M | Scene, ViewLayer | Updating Scene BVH | Copying BVH to device
Fra:144 Mem:17.19M (Peak 59.57M) | Time:00:00.01 | Mem:0.71M, Peak:1.01M | Scene, ViewLayer | Updating Mesh | Computing normals
Fra:144 Mem:17.48M (Peak 59.57M) | Time:00:00.01 | Mem:0.71M, Peak:1.01M | Scene, ViewLayer | Updating Mesh | Copying Mesh to device
Fra:144 Mem:17.48M (Peak 59.57M) | Time:00:00.01 | Mem:1.00M, Peak:1.01M | Scene, ViewLayer | Updating Objects Flags
Fra:144 Mem:17.48M (Peak 59.57M) | Time:00:00.01 | Mem:1.00M, Peak:1.01M | Scene, ViewLayer | Updating Primitive Offsets
Fra:144 Mem:17.48M (Peak 59.57M) | Time:00:00.01 | Mem:1.00M, Peak:1.01M | Scene, ViewLayer | Updating Images
Fra:144 Mem:17.48M (Peak 59.57M) | Time:00:00.01 | Mem:1.00M, Peak:1.01M | Scene, ViewLayer | Updating Camera Volume
Fra:144 Mem:17.48M (Peak 59.57M) | Time:00:00.01 | Mem:1.00M, Peak:1.01M | Scene, ViewLayer | Updating Lookup Tables
Fra:144 Mem:17.48M (Peak 59.57M) | Time:00:00.01 | Mem:1.08M, Peak:1.08M | Scene, ViewLayer | Updating Lights
Fra:144 Mem:17.48M (Peak 59.57M) | Time:00:00.01 | Mem:1.08M, Peak:1.08M | Scene, ViewLayer | Updating Lights | Computing tree
Fra:144 Mem:17.99M (Peak 59.57M) | Time:00:00.02 | Mem:1.59M, Peak:1.59M | Scene, ViewLayer | Updating Integrator
Fra:144 Mem:17.99M (Peak 59.57M) | Time:00:00.02 | Mem:1.59M, Peak:1.59M | Scene, ViewLayer | Updating Film
Fra:144 Mem:17.99M (Peak 59.57M) | Time:00:00.02 | Mem:1.51M, Peak:1.59M | Scene, ViewLayer | Updating Lookup Tables
Fra:144 Mem:17.99M (Peak 59.57M) | Time:00:00.02 | Mem:1.59M, Peak:1.59M | Scene, ViewLayer | Updating Baking
Fra:144 Mem:17.99M (Peak 59.57M) | Time:00:00.02 | Mem:1.59M, Peak:1.59M | Scene, ViewLayer | Updating Device | Writing constant memory
Fra:144 Mem:17.99M (Peak 59.57M) | Time:00:00.02 | Mem:1.59M, Peak:1.59M | Scene, ViewLayer | Sample 0/32
Fra:144 Mem:35.83M (Peak 59.57M) | Time:00:00.52 | Remaining:00:15.33 | Mem:19.39M, Peak:19.39M | Scene, ViewLayer | Sample 1/32
Fra:144 Mem:43.74M (Peak 59.57M) | Time:00:16.01 | Mem:19.39M, Peak:19.39M | Scene, ViewLayer | Sample 32/32
Fra:144 Mem:43.74M (Peak 59.57M) | Time:00:16.01 | Mem:19.39M, Peak:19.39M | Scene, ViewLayer | Finished
Saved: '/home/runner/work/chaosim/chaosim/outputs/renders/paper_to_cloth_frames/frame_0144.png'
Time: 00:16.07 (Saving: 00:00.05)

Fra:145 Mem:22.41M (Peak 59.57M) | Time:00:00.00 | Mem:0.00M, Peak:0.00M | Scene, ViewLayer | Synchronizing object | ClothKey
Fra:145 Mem:22.42M (Peak 59.57M) | Time:00:00.00 | Mem:0.00M, Peak:0.00M | Scene, ViewLayer | Synchronizing object | FacesLabel
Fra:145 Mem:22.42M (Peak 59.57M) | Time:00:00.00 | Mem:0.00M, Peak:0.00M | Scene, ViewLayer | Synchronizing object | Rod
Fra:145 Mem:22.54M (Peak 59.57M) | Time:00:00.00 | Mem:0.00M, Peak:0.00M | Scene, ViewLayer | Synchronizing object | Sheet
Fra:145 Mem:22.59M (Peak 59.57M) | Time:00:00.00 | Mem:0.00M, Peak:0.00M | Scene, ViewLayer | Synchronizing object | GlassSphere
Fra:145 Mem:23.20M (Peak 59.57M) | Time:00:00.00 | Mem:0.00M, Peak:0.00M | Scene, ViewLayer | Initializing
Fra:145 Mem:17.03M (Peak 59.57M) | Time:00:00.00 | Mem:0.00M, Peak:0.00M | Scene, ViewLayer | Waiting for render to start
Fra:145 Mem:17.03M (Peak 59.57M) | Time:00:00.00 | Mem:0.00M, Peak:0.00M | Scene, ViewLayer | Updating Scene
Fra:145 Mem:17.03M (Peak 59.57M) | Time:00:00.00 | Mem:0.00M, Peak:0.00M | Scene, ViewLayer | Updating Shaders
Fra:145 Mem:17.03M (Peak 59.57M) | Time:00:00.00 | Mem:0.00M, Peak:0.00M | Scene, ViewLayer | Loading render kernels (may take a few minutes the first time)
Fra:145 Mem:17.11M (Peak 59.57M) | Time:00:00.00 | Mem:0.00M, Peak:0.00M | Scene, ViewLayer | Updating Procedurals
Fra:145 Mem:17.11M (Peak 59.57M) | Time:00:00.00 | Mem:0.00M, Peak:0.00M | Scene, ViewLayer | Updating Background
Fra:145 Mem:17.11M (Peak 59.57M) | Time:00:00.00 | Mem:0.00M, Peak:0.00M | Scene, ViewLayer | Updating Camera
Fra:145 Mem:17.11M (Peak 59.57M) | Time:00:00.00 | Mem:0.00M, Peak:0.00M | Scene, ViewLayer | Updating Meshes Flags
Fra:145 Mem:17.11M (Peak 59.57M) | Time:00:00.00 | Mem:0.00M, Peak:0.00M | Scene, ViewLayer | Updating Objects
Fra:145 Mem:17.11M (Peak 59.57M) | Time:00:00.00 | Mem:0.00M, Peak:0.00M | Scene, ViewLayer | Updating Objects | Copying Transformations to device
Fra:145 Mem:17.12M (Peak 59.57M) | Time:00:00.00 | Mem:0.01M, Peak:0.01M | Scene, ViewLayer | Updating Particle Systems
Fra:145 Mem:17.12M (Peak 59.57M) | Time:00:00.00 | Mem:0.01M, Peak:0.01M | Scene, ViewLayer | Updating Particle Systems | Copying Particles to device
Fra:145 Mem:17.12M (Peak 59.57M) | Time:00:00.00 | Mem:0.01M, Peak:0.01M | Scene, ViewLayer | Updating Meshes
Fra:145 Mem:17.12M (Peak 59.57M) | Time:00:00.00 | Mem:0.01M, Peak:0.01M | Scene, ViewLayer | Updating Objects | Applying Static Transformations
Fra:145 Mem:17.12M (Peak 59.57M) | Time:00:00.00 | Mem:0.01M, Peak:0.01M | Scene, ViewLayer | Updating Mesh | Computing attributes
Fra:145 Mem:17.19M (Peak 59.57M) | Time:00:00.00 | Mem:0.01M, Peak:0.01M | Scene, ViewLayer | Updating Mesh | Copying Attributes to device
Fra:145 Mem:17.19M (Peak 59.57M) | Time:00:00.00 | Mem:0.08M, Peak:0.08M | Scene, ViewLayer | Updating Scene BVH | Building
Fra:145 Mem:17.19M (Peak 59.57M) | Time:00:00.00 | Mem:0.08M, Peak:0.08M | Scene, ViewLayer | Updating Scene BVH | Building BVH
Fra:145 Mem:17.19M (Peak 59.57M) | Time:00:00.00 | Mem:0.38M, Peak:0.38M | Scene, ViewLayer | Updating Scene BVH | Building BVH 0%
Fra:145 Mem:17.19M (Peak 59.57M) | Time:00:00.01 | Mem:0.71M, Peak:1.01M | Scene, ViewLayer | Updating Scene BVH | Copying BVH to device
Fra:145 Mem:17.19M (Peak 59.57M) | Time:00:00.01 | Mem:0.71M, Peak:1.01M | Scene, ViewLayer | Updating Mesh | Computing normals
Fra:145 Mem:17.48M (Peak 59.57M) | Time:00:00.01 | Mem:0.71M, Peak:1.01M | Scene, ViewLayer | Updating Mesh | Copying Mesh to device
Fra:145 Mem:17.48M (Peak 59.57M) | Time:00:00.01 | Mem:1.00M, Peak:1.01M | Scene, ViewLayer | Updating Objects Flags
Fra:145 Mem:17.48M (Peak 59.57M) | Time:00:00.01 | Mem:1.00M, Peak:1.01M | Scene, ViewLayer | Updating Primitive Offsets
Fra:145 Mem:17.48M (Peak 59.57M) | Time:00:00.01 | Mem:1.00M, Peak:1.01M | Scene, ViewLayer | Updating Images
Fra:145 Mem:17.48M (Peak 59.57M) | Time:00:00.01 | Mem:1.00M, Peak:1.01M | Scene, ViewLayer | Updating Camera Volume
Fra:145 Mem:17.48M (Peak 59.57M) | Time:00:00.01 | Mem:1.00M, Peak:1.01M | Scene, ViewLayer | Updating Lookup Tables
Fra:145 Mem:17.48M (Peak 59.57M) | Time:00:00.01 | Mem:1.08M, Peak:1.08M | Scene, ViewLayer | Updating Lights
Fra:145 Mem:17.48M (Peak 59.57M) | Time:00:00.01 | Mem:1.08M, Peak:1.08M | Scene, ViewLayer | Updating Lights | Computing tree
Fra:145 Mem:17.99M (Peak 59.57M) | Time:00:00.02 | Mem:1.59M, Peak:1.59M | Scene, ViewLayer | Updating Integrator
Fra:145 Mem:17.99M (Peak 59.57M) | Time:00:00.02 | Mem:1.59M, Peak:1.59M | Scene, ViewLayer | Updating Film
Fra:145 Mem:17.99M (Peak 59.57M) | Time:00:00.02 | Mem:1.51M, Peak:1.59M | Scene, ViewLayer | Updating Lookup Tables
Fra:145 Mem:17.99M (Peak 59.57M) | Time:00:00.02 | Mem:1.59M, Peak:1.59M | Scene, ViewLayer | Updating Baking
Fra:145 Mem:17.99M (Peak 59.57M) | Time:00:00.02 | Mem:1.59M, Peak:1.59M | Scene, ViewLayer | Updating Device | Writing constant memory
Fra:145 Mem:17.99M (Peak 59.57M) | Time:00:00.02 | Mem:1.59M, Peak:1.59M | Scene, ViewLayer | Sample 0/32
Fra:145 Mem:35.83M (Peak 59.57M) | Time:00:00.52 | Remaining:00:15.45 | Mem:19.39M, Peak:19.39M | Scene, ViewLayer | Sample 1/32
Fra:145 Mem:43.74M (Peak 59.57M) | Time:00:16.16 | Mem:19.39M, Peak:19.39M | Scene, ViewLayer | Sample 32/32
Fra:145 Mem:43.74M (Peak 59.57M) | Time:00:16.16 | Mem:19.39M, Peak:19.39M | Scene, ViewLayer | Finished
Saved: '/home/runner/work/chaosim/chaosim/outputs/renders/paper_to_cloth_frames/frame_0145.png'
Time: 00:16.21 (Saving: 00:00.05)

Fra:146 Mem:22.41M (Peak 59.57M) | Time:00:00.00 | Mem:0.00M, Peak:0.00M | Scene, ViewLayer | Synchronizing object | ClothKey
Fra:146 Mem:22.42M (Peak 59.57M) | Time:00:00.00 | Mem:0.00M, Peak:0.00M | Scene, ViewLayer | Synchronizing object | ClothRim
Fra:146 Mem:22.42M (Peak 59.57M) | Time:00:00.00 | Mem:0.00M, Peak:0.00M | Scene, ViewLayer | Synchronizing object | FacesLabel
Fra:146 Mem:22.42M (Peak 59.57M) | Time:00:00.00 | Mem:0.00M, Peak:0.00M | Scene, ViewLayer | Synchronizing object | Sheet
Fra:146 Mem:22.45M (Peak 59.57M) | Time:00:00.00 | Mem:0.00M, Peak:0.00M | Scene, ViewLayer | Synchronizing object | GlassSphere
Fra:146 Mem:23.20M (Peak 59.57M) | Time:00:00.00 | Mem:0.00M, Peak:0.00M | Scene, ViewLayer | Initializing
Fra:146 Mem:17.03M (Peak 59.57M) | Time:00:00.00 | Mem:0.00M, Peak:0.00M | Scene, ViewLayer | Waiting for render to start
Fra:146 Mem:17.03M (Peak 59.57M) | Time:00:00.00 | Mem:0.00M, Peak:0.00M | Scene, ViewLayer | Updating Scene
Fra:146 Mem:17.03M (Peak 59.57M) | Time:00:00.00 | Mem:0.00M, Peak:0.00M | Scene, ViewLayer | Updating Shaders
Fra:146 Mem:17.03M (Peak 59.57M) | Time:00:00.00 | Mem:0.00M, Peak:0.00M | Scene, ViewLayer | Loading render kernels (may take a few minutes the first time)
Fra:146 Mem:17.11M (Peak 59.57M) | Time:00:00.00 | Mem:0.00M, Peak:0.00M | Scene, ViewLayer | Updating Procedurals
Fra:146 Mem:17.11M (Peak 59.57M) | Time:00:00.00 | Mem:0.00M, Peak:0.00M | Scene, ViewLayer | Updating Background
Fra:146 Mem:17.11M (Peak 59.57M) | Time:00:00.00 | Mem:0.00M, Peak:0.00M | Scene, ViewLayer | Updating Camera
Fra:146 Mem:17.11M (Peak 59.57M) | Time:00:00.01 | Mem:0.00M, Peak:0.00M | Scene, ViewLayer | Updating Meshes Flags
Fra:146 Mem:17.11M (Peak 59.57M) | Time:00:00.01 | Mem:0.00M, Peak:0.00M | Scene, ViewLayer | Updating Objects
Fra:146 Mem:17.11M (Peak 59.57M) | Time:00:00.01 | Mem:0.00M, Peak:0.00M | Scene, ViewLayer | Updating Objects | Copying Transformations to device
Fra:146 Mem:17.12M (Peak 59.57M) | Time:00:00.01 | Mem:0.01M, Peak:0.01M | Scene, ViewLayer | Updating Particle Systems
Fra:146 Mem:17.12M (Peak 59.57M) | Time:00:00.01 | Mem:0.01M, Peak:0.01M | Scene, ViewLayer | Updating Particle Systems | Copying Particles to device
Fra:146 Mem:17.12M (Peak 59.57M) | Time:00:00.01 | Mem:0.01M, Peak:0.01M | Scene, ViewLayer | Updating Meshes
Fra:146 Mem:17.12M (Peak 59.57M) | Time:00:00.01 | Mem:0.01M, Peak:0.01M | Scene, ViewLayer | Updating Objects | Applying Static Transformations
Fra:146 Mem:17.12M (Peak 59.57M) | Time:00:00.01 | Mem:0.01M, Peak:0.01M | Scene, ViewLayer | Updating Mesh | Computing attributes
Fra:146 Mem:17.19M (Peak 59.57M) | Time:00:00.01 | Mem:0.01M, Peak:0.01M | Scene, ViewLayer | Updating Mesh | Copying Attributes to device
Fra:146 Mem:17.19M (Peak 59.57M) | Time:00:00.01 | Mem:0.08M, Peak:0.08M | Scene, ViewLayer | Updating Scene BVH | Building
Fra:146 Mem:17.19M (Peak 59.57M) | Time:00:00.01 | Mem:0.08M, Peak:0.08M | Scene, ViewLayer | Updating Scene BVH | Building BVH
Fra:146 Mem:17.19M (Peak 59.57M) | Time:00:00.01 | Mem:0.38M, Peak:0.38M | Scene, ViewLayer | Updating Scene BVH | Building BVH 0%
Fra:146 Mem:17.19M (Peak 59.57M) | Time:00:00.01 | Mem:0.71M, Peak:1.01M | Scene, ViewLayer | Updating Scene BVH | Copying BVH to device
Fra:146 Mem:17.19M (Peak 59.57M) | Time:00:00.01 | Mem:0.71M, Peak:1.01M | Scene, ViewLayer | Updating Mesh | Computing normals
Fra:146 Mem:17.48M (Peak 59.57M) | Time:00:00.01 | Mem:0.71M, Peak:1.01M | Scene, ViewLayer | Updating Mesh | Copying Mesh to device
Fra:146 Mem:17.48M (Peak 59.57M) | Time:00:00.01 | Mem:1.00M, Peak:1.01M | Scene, ViewLayer | Updating Objects Flags
Fra:146 Mem:17.48M (Peak 59.57M) | Time:00:00.01 | Mem:1.00M, Peak:1.01M | Scene, ViewLayer | Updating Primitive Offsets
Fra:146 Mem:17.48M (Peak 59.57M) | Time:00:00.01 | Mem:1.00M, Peak:1.01M | Scene, ViewLayer | Updating Images
Fra:146 Mem:17.48M (Peak 59.57M) | Time:00:00.01 | Mem:1.00M, Peak:1.01M | Scene, ViewLayer | Updating Camera Volume
Fra:146 Mem:17.48M (Peak 59.57M) | Time:00:00.01 | Mem:1.00M, Peak:1.01M | Scene, ViewLayer | Updating Lookup Tables
Fra:146 Mem:17.48M (Peak 59.57M) | Time:00:00.01 | Mem:1.08M, Peak:1.08M | Scene, ViewLayer | Updating Lights
Fra:146 Mem:17.48M (Peak 59.57M) | Time:00:00.01 | Mem:1.08M, Peak:1.08M | Scene, ViewLayer | Updating Lights | Computing tree
Fra:146 Mem:17.99M (Peak 59.57M) | Time:00:00.02 | Mem:1.59M, Peak:1.59M | Scene, ViewLayer | Updating Integrator
Fra:146 Mem:17.99M (Peak 59.57M) | Time:00:00.02 | Mem:1.59M, Peak:1.59M | Scene, ViewLayer | Updating Film
Fra:146 Mem:17.99M (Peak 59.57M) | Time:00:00.02 | Mem:1.51M, Peak:1.59M | Scene, ViewLayer | Updating Lookup Tables
Fra:146 Mem:17.99M (Peak 59.57M) | Time:00:00.02 | Mem:1.59M, Peak:1.59M | Scene, ViewLayer | Updating Baking
Fra:146 Mem:17.99M (Peak 59.57M) | Time:00:00.02 | Mem:1.59M, Peak:1.59M | Scene, ViewLayer | Updating Device | Writing constant memory
Fra:146 Mem:17.99M (Peak 59.57M) | Time:00:00.02 | Mem:1.59M, Peak:1.59M | Scene, ViewLayer | Sample 0/32
Fra:146 Mem:35.83M (Peak 59.57M) | Time:00:00.52 | Remaining:00:15.52 | Mem:19.39M, Peak:19.39M | Scene, ViewLayer | Sample 1/32
Fra:146 Mem:43.74M (Peak 59.57M) | Time:00:16.27 | Mem:19.39M, Peak:19.39M | Scene, ViewLayer | Sample 32/32
Fra:146 Mem:43.74M (Peak 59.57M) | Time:00:16.27 | Mem:19.39M, Peak:19.39M | Scene, ViewLayer | Finished
Saved: '/home/runner/work/chaosim/chaosim/outputs/renders/paper_to_cloth_frames/frame_0146.png'
Time: 00:16.33 (Saving: 00:00.05)

Fra:147 Mem:22.41M (Peak 59.57M) | Time:00:00.00 | Mem:0.00M, Peak:0.00M | Scene, ViewLayer | Synchronizing object | ClothKey
Fra:147 Mem:22.42M (Peak 59.57M) | Time:00:00.00 | Mem:0.00M, Peak:0.00M | Scene, ViewLayer | Synchronizing object | ClothRim
Fra:147 Mem:22.42M (Peak 59.57M) | Time:00:00.00 | Mem:0.00M, Peak:0.00M | Scene, ViewLayer | Synchronizing object | FacesLabel
Fra:147 Mem:22.42M (Peak 59.57M) | Time:00:00.00 | Mem:0.00M, Peak:0.00M | Scene, ViewLayer | Synchronizing object | Sheet
Fra:147 Mem:23.02M (Peak 59.57M) | Time:00:00.00 | Mem:0.00M, Peak:0.00M | Scene, ViewLayer | Synchronizing object | GlassSphere
Fra:147 Mem:23.20M (Peak 59.57M) | Time:00:00.00 | Mem:0.00M, Peak:0.00M | Scene, ViewLayer | Initializing
Fra:147 Mem:17.03M (Peak 59.57M) | Time:00:00.00 | Mem:0.00M, Peak:0.00M | Scene, ViewLayer | Waiting for render to start
Fra:147 Mem:17.03M (Peak 59.57M) | Time:00:00.00 | Mem:0.00M, Peak:0.00M | Scene, ViewLayer | Updating Scene
Fra:147 Mem:17.03M (Peak 59.57M) | Time:00:00.00 | Mem:0.00M, Peak:0.00M | Scene, ViewLayer | Updating Shaders
Fra:147 Mem:17.03M (Peak 59.57M) | Time:00:00.00 | Mem:0.00M, Peak:0.00M | Scene, ViewLayer | Loading render kernels (may take a few minutes the first time)
Fra:147 Mem:17.11M (Peak 59.57M) | Time:00:00.00 | Mem:0.00M, Peak:0.00M | Scene, ViewLayer | Updating Procedurals
Fra:147 Mem:17.11M (Peak 59.57M) | Time:00:00.00 | Mem:0.00M, Peak:0.00M | Scene, ViewLayer | Updating Background
Fra:147 Mem:17.11M (Peak 59.57M) | Time:00:00.00 | Mem:0.00M, Peak:0.00M | Scene, ViewLayer | Updating Camera
Fra:147 Mem:17.11M (Peak 59.57M) | Time:00:00.00 | Mem:0.00M, Peak:0.00M | Scene, ViewLayer | Updating Meshes Flags
Fra:147 Mem:17.11M (Peak 59.57M) | Time:00:00.00 | Mem:0.00M, Peak:0.00M | Scene, ViewLayer | Updating Objects
Fra:147 Mem:17.11M (Peak 59.57M) | Time:00:00.00 | Mem:0.00M, Peak:0.00M | Scene, ViewLayer | Updating Objects | Copying Transformations to device
Fra:147 Mem:17.12M (Peak 59.57M) | Time:00:00.00 | Mem:0.01M, Peak:0.01M | Scene, ViewLayer | Updating Particle Systems
Fra:147 Mem:17.12M (Peak 59.57M) | Time:00:00.00 | Mem:0.01M, Peak:0.01M | Scene, ViewLayer | Updating Particle Systems | Copying Particles to device
Fra:147 Mem:17.12M (Peak 59.57M) | Time:00:00.00 | Mem:0.01M, Peak:0.01M | Scene, ViewLayer | Updating Meshes
Fra:147 Mem:17.12M (Peak 59.57M) | Time:00:00.00 | Mem:0.01M, Peak:0.01M | Scene, ViewLayer | Updating Objects | Applying Static Transformations
Fra:147 Mem:17.12M (Peak 59.57M) | Time:00:00.00 | Mem:0.01M, Peak:0.01M | Scene, ViewLayer | Updating Mesh | Computing attributes
Fra:147 Mem:17.19M (Peak 59.57M) | Time:00:00.00 | Mem:0.01M, Peak:0.01M | Scene, ViewLayer | Updating Mesh | Copying Attributes to device
Fra:147 Mem:17.19M (Peak 59.57M) | Time:00:00.00 | Mem:0.08M, Peak:0.08M | Scene, ViewLayer | Updating Scene BVH | Building
Fra:147 Mem:17.19M (Peak 59.57M) | Time:00:00.00 | Mem:0.08M, Peak:0.08M | Scene, ViewLayer | Updating Scene BVH | Building BVH
Fra:147 Mem:17.19M (Peak 59.57M) | Time:00:00.01 | Mem:0.38M, Peak:0.38M | Scene, ViewLayer | Updating Scene BVH | Building BVH 0%
Fra:147 Mem:17.19M (Peak 59.57M) | Time:00:00.01 | Mem:0.74M, Peak:1.04M | Scene, ViewLayer | Updating Scene BVH | Copying BVH to device
Fra:147 Mem:17.19M (Peak 59.57M) | Time:00:00.01 | Mem:0.74M, Peak:1.04M | Scene, ViewLayer | Updating Mesh | Computing normals
Fra:147 Mem:17.48M (Peak 59.57M) | Time:00:00.01 | Mem:0.74M, Peak:1.04M | Scene, ViewLayer | Updating Mesh | Copying Mesh to device
Fra:147 Mem:17.48M (Peak 59.57M) | Time:00:00.01 | Mem:1.03M, Peak:1.04M | Scene, ViewLayer | Updating Objects Flags
Fra:147 Mem:17.48M (Peak 59.57M) | Time:00:00.01 | Mem:1.03M, Peak:1.04M | Scene, ViewLayer | Updating Primitive Offsets
Fra:147 Mem:17.48M (Peak 59.57M) | Time:00:00.01 | Mem:1.03M, Peak:1.04M | Scene, ViewLayer | Updating Images
Fra:147 Mem:17.48M (Peak 59.57M) | Time:00:00.01 | Mem:1.03M, Peak:1.04M | Scene, ViewLayer | Updating Camera Volume
Fra:147 Mem:17.48M (Peak 59.57M) | Time:00:00.01 | Mem:1.03M, Peak:1.04M | Scene, ViewLayer | Updating Lookup Tables
Fra:147 Mem:17.48M (Peak 59.57M) | Time:00:00.01 | Mem:1.11M, Peak:1.11M | Scene, ViewLayer | Updating Lights
Fra:147 Mem:17.48M (Peak 59.57M) | Time:00:00.01 | Mem:1.11M, Peak:1.11M | Scene, ViewLayer | Updating Lights | Computing tree
Fra:147 Mem:17.99M (Peak 59.57M) | Time:00:00.02 | Mem:1.62M, Peak:1.62M | Scene, ViewLayer | Updating Integrator
Fra:147 Mem:17.99M (Peak 59.57M) | Time:00:00.02 | Mem:1.62M, Peak:1.62M | Scene, ViewLayer | Updating Film
Fra:147 Mem:17.99M (Peak 59.57M) | Time:00:00.02 | Mem:1.54M, Peak:1.62M | Scene, ViewLayer | Updating Lookup Tables
Fra:147 Mem:17.99M (Peak 59.57M) | Time:00:00.02 | Mem:1.62M, Peak:1.62M | Scene, ViewLayer | Updating Baking
Fra:147 Mem:17.99M (Peak 59.57M) | Time:00:00.02 | Mem:1.62M, Peak:1.62M | Scene, ViewLayer | Updating Device | Writing constant memory
Fra:147 Mem:17.99M (Peak 59.57M) | Time:00:00.02 | Mem:1.62M, Peak:1.62M | Scene, ViewLayer | Sample 0/32
Fra:147 Mem:35.83M (Peak 59.57M) | Time:00:00.52 | Remaining:00:15.58 | Mem:19.42M, Peak:19.42M | Scene, ViewLayer | Sample 1/32
Fra:147 Mem:43.74M (Peak 59.57M) | Time:00:16.20 | Mem:19.42M, Peak:19.42M | Scene, ViewLayer | Sample 32/32
Fra:147 Mem:43.74M (Peak 59.57M) | Time:00:16.20 | Mem:19.42M, Peak:19.42M | Scene, ViewLayer | Finished
Saved: '/home/runner/work/chaosim/chaosim/outputs/renders/paper_to_cloth_frames/frame_0147.png'
Time: 00:16.26 (Saving: 00:00.05)

Fra:148 Mem:22.41M (Peak 59.57M) | Time:00:00.00 | Mem:0.00M, Peak:0.00M | Scene, ViewLayer | Synchronizing object | ClothKey
Fra:148 Mem:22.42M (Peak 59.57M) | Time:00:00.00 | Mem:0.00M, Peak:0.00M | Scene, ViewLayer | Synchronizing object | ClothFill
Fra:148 Mem:22.42M (Peak 59.57M) | Time:00:00.00 | Mem:0.00M, Peak:0.00M | Scene, ViewLayer | Synchronizing object | Rod
Fra:148 Mem:22.42M (Peak 59.57M) | Time:00:00.00 | Mem:0.00M, Peak:0.00M | Scene, ViewLayer | Synchronizing object | GlassSphere
Fra:148 Mem:22.42M (Peak 59.57M) | Time:00:00.00 | Mem:0.00M, Peak:0.00M | Scene, ViewLayer | Synchronizing object | FacesLabel
Fra:148 Mem:23.20M (Peak 59.57M) | Time:00:00.00 | Mem:0.00M, Peak:0.00M | Scene, ViewLayer | Initializing
Fra:148 Mem:17.03M (Peak 59.57M) | Time:00:00.00 | Mem:0.00M, Peak:0.00M | Scene, ViewLayer | Waiting for render to start
Fra:148 Mem:17.03M (Peak 59.57M) | Time:00:00.00 | Mem:0.00M, Peak:0.00M | Scene, ViewLayer | Updating Scene
Fra:148 Mem:17.03M (Peak 59.57M) | Time:00:00.00 | Mem:0.00M, Peak:0.00M | Scene, ViewLayer | Updating Shaders
Fra:148 Mem:17.03M (Peak 59.57M) | Time:00:00.00 | Mem:0.00M, Peak:0.00M | Scene, ViewLayer | Loading render kernels (may take a few minutes the first time)
Fra:148 Mem:17.11M (Peak 59.57M) | Time:00:00.01 | Mem:0.00M, Peak:0.00M | Scene, ViewLayer | Updating Procedurals
Fra:148 Mem:17.11M (Peak 59.57M) | Time:00:00.01 | Mem:0.00M, Peak:0.00M | Scene, ViewLayer | Updating Background
Fra:148 Mem:17.11M (Peak 59.57M) | Time:00:00.01 | Mem:0.00M, Peak:0.00M | Scene, ViewLayer | Updating Camera
Fra:148 Mem:17.11M (Peak 59.57M) | Time:00:00.01 | Mem:0.00M, Peak:0.00M | Scene, ViewLayer | Updating Meshes Flags
Fra:148 Mem:17.11M (Peak 59.57M) | Time:00:00.01 | Mem:0.00M, Peak:0.00M | Scene, ViewLayer | Updating Objects
Fra:148 Mem:17.11M (Peak 59.57M) | Time:00:00.01 | Mem:0.00M, Peak:0.00M | Scene, ViewLayer | Updating Objects | Copying Transformations to device
Fra:148 Mem:17.12M (Peak 59.57M) | Time:00:00.01 | Mem:0.01M, Peak:0.01M | Scene, ViewLayer | Updating Particle Systems
Fra:148 Mem:17.12M (Peak 59.57M) | Time:00:00.01 | Mem:0.01M, Peak:0.01M | Scene, ViewLayer | Updating Particle Systems | Copying Particles to device
Fra:148 Mem:17.12M (Peak 59.57M) | Time:00:00.01 | Mem:0.01M, Peak:0.01M | Scene, ViewLayer | Updating Meshes
Fra:148 Mem:17.12M (Peak 59.57M) | Time:00:00.01 | Mem:0.01M, Peak:0.01M | Scene, ViewLayer | Updating Objects | Applying Static Transformations
Fra:148 Mem:17.12M (Peak 59.57M) | Time:00:00.01 | Mem:0.01M, Peak:0.01M | Scene, ViewLayer | Updating Mesh | Computing attributes
Fra:148 Mem:17.19M (Peak 59.57M) | Time:00:00.01 | Mem:0.01M, Peak:0.01M | Scene, ViewLayer | Updating Mesh | Copying Attributes to device
Fra:148 Mem:17.19M (Peak 59.57M) | Time:00:00.01 | Mem:0.08M, Peak:0.08M | Scene, ViewLayer | Updating Scene BVH | Building
Fra:148 Mem:17.19M (Peak 59.57M) | Time:00:00.01 | Mem:0.08M, Peak:0.08M | Scene, ViewLayer | Updating Scene BVH | Building BVH
Fra:148 Mem:17.19M (Peak 59.57M) | Time:00:00.01 | Mem:0.38M, Peak:0.38M | Scene, ViewLayer | Updating Scene BVH | Building BVH 0%
Fra:148 Mem:17.19M (Peak 59.57M) | Time:00:00.01 | Mem:0.71M, Peak:1.01M | Scene, ViewLayer | Updating Scene BVH | Copying BVH to device
Fra:148 Mem:17.19M (Peak 59.57M) | Time:00:00.01 | Mem:0.71M, Peak:1.01M | Scene, ViewLayer | Updating Mesh | Computing normals
Fra:148 Mem:17.48M (Peak 59.57M) | Time:00:00.01 | Mem:0.71M, Peak:1.01M | Scene, ViewLayer | Updating Mesh | Copying Mesh to device
Fra:148 Mem:17.48M (Peak 59.57M) | Time:00:00.01 | Mem:1.00M, Peak:1.01M | Scene, ViewLayer | Updating Objects Flags
Fra:148 Mem:17.48M (Peak 59.57M) | Time:00:00.01 | Mem:1.00M, Peak:1.01M | Scene, ViewLayer | Updating Primitive Offsets
Fra:148 Mem:17.48M (Peak 59.57M) | Time:00:00.01 | Mem:1.00M, Peak:1.01M | Scene, ViewLayer | Updating Images
Fra:148 Mem:17.48M (Peak 59.57M) | Time:00:00.01 | Mem:1.00M, Peak:1.01M | Scene, ViewLayer | Updating Camera Volume
Fra:148 Mem:17.48M (Peak 59.57M) | Time:00:00.01 | Mem:1.00M, Peak:1.01M | Scene, ViewLayer | Updating Lookup Tables
Fra:148 Mem:17.48M (Peak 59.57M) | Time:00:00.01 | Mem:1.08M, Peak:1.08M | Scene, ViewLayer | Updating Lights
Fra:148 Mem:17.48M (Peak 59.57M) | Time:00:00.01 | Mem:1.08M, Peak:1.08M | Scene, ViewLayer | Updating Lights | Computing tree
Fra:148 Mem:17.99M (Peak 59.57M) | Time:00:00.02 | Mem:1.59M, Peak:1.59M | Scene, ViewLayer | Updating Integrator
Fra:148 Mem:17.99M (Peak 59.57M) | Time:00:00.02 | Mem:1.59M, Peak:1.59M | Scene, ViewLayer | Updating Film
Fra:148 Mem:17.99M (Peak 59.57M) | Time:00:00.02 | Mem:1.51M, Peak:1.59M | Scene, ViewLayer | Updating Lookup Tables
Fra:148 Mem:17.99M (Peak 59.57M) | Time:00:00.02 | Mem:1.59M, Peak:1.59M | Scene, ViewLayer | Updating Baking
Fra:148 Mem:17.99M (Peak 59.57M) | Time:00:00.02 | Mem:1.59M, Peak:1.59M | Scene, ViewLayer | Updating Device | Writing constant memory
Fra:148 Mem:17.99M (Peak 59.57M) | Time:00:00.02 | Mem:1.59M, Peak:1.59M | Scene, ViewLayer | Sample 0/32
Fra:148 Mem:35.83M (Peak 59.57M) | Time:00:00.52 | Remaining:00:15.45 | Mem:19.39M, Peak:19.39M | Scene, ViewLayer | Sample 1/32
Fra:148 Mem:43.74M (Peak 59.57M) | Time:00:16.17 | Mem:19.39M, Peak:19.39M | Scene, ViewLayer | Sample 32/32
Fra:148 Mem:43.74M (Peak 59.57M) | Time:00:16.17 | Mem:19.39M, Peak:19.39M | Scene, ViewLayer | Finished
Saved: '/home/runner/work/chaosim/chaosim/outputs/renders/paper_to_cloth_frames/frame_0148.png'
Time: 00:16.22 (Saving: 00:00.05)

Fra:149 Mem:22.41M (Peak 59.57M) | Time:00:00.00 | Mem:0.00M, Peak:0.00M | Scene, ViewLayer | Synchronizing object | ClothKey
Fra:149 Mem:22.41M (Peak 59.57M) | Time:00:00.00 | Mem:0.00M, Peak:0.00M | Scene, ViewLayer | Synchronizing object | ClothRim
Fra:149 Mem:22.42M (Peak 59.57M) | Time:00:00.00 | Mem:0.00M, Peak:0.00M | Scene, ViewLayer | Synchronizing object | Rod
Fra:149 Mem:22.42M (Peak 59.57M) | Time:00:00.00 | Mem:0.00M, Peak:0.00M | Scene, ViewLayer | Synchronizing object | Sheet
Fra:149 Mem:22.47M (Peak 59.57M) | Time:00:00.00 | Mem:0.00M, Peak:0.00M | Scene, ViewLayer | Synchronizing object | FacesLabel
Fra:149 Mem:22.47M (Peak 59.57M) | Time:00:00.00 | Mem:0.00M, Peak:0.00M | Scene, ViewLayer | Synchronizing object | GlassSphere
Fra:149 Mem:23.20M (Peak 59.57M) | Time:00:00.00 | Mem:0.00M, Peak:0.00M | Scene, ViewLayer | Initializing
Fra:149 Mem:17.03M (Peak 59.57M) | Time:00:00.00 | Mem:0.00M, Peak:0.00M | Scene, ViewLayer | Waiting for render to start
Fra:149 Mem:17.03M (Peak 59.57M) | Time:00:00.00 | Mem:0.00M, Peak:0.00M | Scene, ViewLayer | Updating Scene
Fra:149 Mem:17.03M (Peak 59.57M) | Time:00:00.00 | Mem:0.00M, Peak:0.00M | Scene, ViewLayer | Updating Shaders
Fra:149 Mem:17.03M (Peak 59.57M) | Time:00:00.00 | Mem:0.00M, Peak:0.00M | Scene, ViewLayer | Loading render kernels (may take a few minutes the first time)
Fra:149 Mem:17.11M (Peak 59.57M) | Time:00:00.00 | Mem:0.00M, Peak:0.00M | Scene, ViewLayer | Updating Procedurals
Fra:149 Mem:17.11M (Peak 59.57M) | Time:00:00.00 | Mem:0.00M, Peak:0.00M | Scene, ViewLayer | Updating Background
Fra:149 Mem:17.11M (Peak 59.57M) | Time:00:00.00 | Mem:0.00M, Peak:0.00M | Scene, ViewLayer | Updating Camera
Fra:149 Mem:17.11M (Peak 59.57M) | Time:00:00.00 | Mem:0.00M, Peak:0.00M | Scene, ViewLayer | Updating Meshes Flags
Fra:149 Mem:17.11M (Peak 59.57M) | Time:00:00.00 | Mem:0.00M, Peak:0.00M | Scene, ViewLayer | Updating Objects
Fra:149 Mem:17.11M (Peak 59.57M) | Time:00:00.00 | Mem:0.00M, Peak:0.00M | Scene, ViewLayer | Updating Objects | Copying Transformations to device
Fra:149 Mem:17.12M (Peak 59.57M) | Time:00:00.00 | Mem:0.01M, Peak:0.01M | Scene, ViewLayer | Updating Particle Systems
Fra:149 Mem:17.12M (Peak 59.57M) | Time:00:00.00 | Mem:0.01M, Peak:0.01M | Scene, ViewLayer | Updating Particle Systems | Copying Particles to device
Fra:149 Mem:17.12M (Peak 59.57M) | Time:00:00.00 | Mem:0.01M, Peak:0.01M | Scene, ViewLayer | Updating Meshes
Fra:149 Mem:17.12M (Peak 59.57M) | Time:00:00.00 | Mem:0.01M, Peak:0.01M | Scene, ViewLayer | Updating Objects | Applying Static Transformations
Fra:149 Mem:17.12M (Peak 59.57M) | Time:00:00.00 | Mem:0.01M, Peak:0.01M | Scene, ViewLayer | Updating Mesh | Computing attributes
Fra:149 Mem:17.19M (Peak 59.57M) | Time:00:00.00 | Mem:0.01M, Peak:0.01M | Scene, ViewLayer | Updating Mesh | Copying Attributes to device
Fra:149 Mem:17.19M (Peak 59.57M) | Time:00:00.00 | Mem:0.08M, Peak:0.08M | Scene, ViewLayer | Updating Scene BVH | Building
Fra:149 Mem:17.19M (Peak 59.57M) | Time:00:00.00 | Mem:0.08M, Peak:0.08M | Scene, ViewLayer | Updating Scene BVH | Building BVH
Fra:149 Mem:17.19M (Peak 59.57M) | Time:00:00.00 | Mem:0.38M, Peak:0.38M | Scene, ViewLayer | Updating Scene BVH | Building BVH 0%
Fra:149 Mem:17.19M (Peak 59.57M) | Time:00:00.01 | Mem:0.74M, Peak:1.04M | Scene, ViewLayer | Updating Scene BVH | Copying BVH to device
Fra:149 Mem:17.19M (Peak 59.57M) | Time:00:00.01 | Mem:0.74M, Peak:1.04M | Scene, ViewLayer | Updating Mesh | Computing normals
Fra:149 Mem:17.48M (Peak 59.57M) | Time:00:00.01 | Mem:0.74M, Peak:1.04M | Scene, ViewLayer | Updating Mesh | Copying Mesh to device
Fra:149 Mem:17.48M (Peak 59.57M) | Time:00:00.01 | Mem:1.03M, Peak:1.04M | Scene, ViewLayer | Updating Objects Flags
Fra:149 Mem:17.48M (Peak 59.57M) | Time:00:00.01 | Mem:1.03M, Peak:1.04M | Scene, ViewLayer | Updating Primitive Offsets
Fra:149 Mem:17.48M (Peak 59.57M) | Time:00:00.01 | Mem:1.03M, Peak:1.04M | Scene, ViewLayer | Updating Images
Fra:149 Mem:17.48M (Peak 59.57M) | Time:00:00.01 | Mem:1.03M, Peak:1.04M | Scene, ViewLayer | Updating Camera Volume
Fra:149 Mem:17.48M (Peak 59.57M) | Time:00:00.01 | Mem:1.03M, Peak:1.04M | Scene, ViewLayer | Updating Lookup Tables
Fra:149 Mem:17.48M (Peak 59.57M) | Time:00:00.01 | Mem:1.11M, Peak:1.11M | Scene, ViewLayer | Updating Lights
Fra:149 Mem:17.48M (Peak 59.57M) | Time:00:00.01 | Mem:1.11M, Peak:1.11M | Scene, ViewLayer | Updating Lights | Computing tree
Fra:149 Mem:17.99M (Peak 59.57M) | Time:00:00.02 | Mem:1.62M, Peak:1.62M | Scene, ViewLayer | Updating Integrator
Fra:149 Mem:17.99M (Peak 59.57M) | Time:00:00.02 | Mem:1.62M, Peak:1.62M | Scene, ViewLayer | Updating Film
Fra:149 Mem:17.99M (Peak 59.57M) | Time:00:00.02 | Mem:1.54M, Peak:1.62M | Scene, ViewLayer | Updating Lookup Tables
Fra:149 Mem:17.99M (Peak 59.57M) | Time:00:00.02 | Mem:1.62M, Peak:1.62M | Scene, ViewLayer | Updating Baking
Fra:149 Mem:17.99M (Peak 59.57M) | Time:00:00.02 | Mem:1.62M, Peak:1.62M | Scene, ViewLayer | Updating Device | Writing constant memory
Fra:149 Mem:17.99M (Peak 59.57M) | Time:00:00.02 | Mem:1.62M, Peak:1.62M | Scene, ViewLayer | Sample 0/32
Fra:149 Mem:35.83M (Peak 59.57M) | Time:00:00.53 | Remaining:00:15.84 | Mem:19.42M, Peak:19.42M | Scene, ViewLayer | Sample 1/32
Fra:149 Mem:43.74M (Peak 59.57M) | Time:00:16.36 | Mem:19.42M, Peak:19.42M | Scene, ViewLayer | Sample 32/32
Fra:149 Mem:43.74M (Peak 59.57M) | Time:00:16.36 | Mem:19.42M, Peak:19.42M | Scene, ViewLayer | Finished
Saved: '/home/runner/work/chaosim/chaosim/outputs/renders/paper_to_cloth_frames/frame_0149.png'
Time: 00:16.42 (Saving: 00:00.05)

Fra:150 Mem:22.41M (Peak 59.57M) | Time:00:00.00 | Mem:0.00M, Peak:0.00M | Scene, ViewLayer | Synchronizing object | ClothKey
Fra:150 Mem:22.42M (Peak 59.57M) | Time:00:00.00 | Mem:0.00M, Peak:0.00M | Scene, ViewLayer | Synchronizing object | Rod
Fra:150 Mem:22.42M (Peak 59.57M) | Time:00:00.00 | Mem:0.00M, Peak:0.00M | Scene, ViewLayer | Synchronizing object | Sheet
Fra:150 Mem:22.47M (Peak 59.57M) | Time:00:00.00 | Mem:0.00M, Peak:0.00M | Scene, ViewLayer | Synchronizing object | GlassSphere
Fra:150 Mem:23.20M (Peak 59.57M) | Time:00:00.00 | Mem:0.00M, Peak:0.00M | Scene, ViewLayer | Initializing
Fra:150 Mem:17.03M (Peak 59.57M) | Time:00:00.00 | Mem:0.00M, Peak:0.00M | Scene, ViewLayer | Waiting for render to start
Fra:150 Mem:17.03M (Peak 59.57M) | Time:00:00.00 | Mem:0.00M, Peak:0.00M | Scene, ViewLayer | Updating Scene
Fra:150 Mem:17.03M (Peak 59.57M) | Time:00:00.00 | Mem:0.00M, Peak:0.00M | Scene, ViewLayer | Updating Shaders
Fra:150 Mem:17.03M (Peak 59.57M) | Time:00:00.00 | Mem:0.00M, Peak:0.00M | Scene, ViewLayer | Loading render kernels (may take a few minutes the first time)
Fra:150 Mem:17.11M (Peak 59.57M) | Time:00:00.00 | Mem:0.00M, Peak:0.00M | Scene, ViewLayer | Updating Procedurals
Fra:150 Mem:17.11M (Peak 59.57M) | Time:00:00.00 | Mem:0.00M, Peak:0.00M | Scene, ViewLayer | Updating Background
Fra:150 Mem:17.11M (Peak 59.57M) | Time:00:00.00 | Mem:0.00M, Peak:0.00M | Scene, ViewLayer | Updating Camera
Fra:150 Mem:17.11M (Peak 59.57M) | Time:00:00.00 | Mem:0.00M, Peak:0.00M | Scene, ViewLayer | Updating Meshes Flags
Fra:150 Mem:17.11M (Peak 59.57M) | Time:00:00.00 | Mem:0.00M, Peak:0.00M | Scene, ViewLayer | Updating Objects
Fra:150 Mem:17.11M (Peak 59.57M) | Time:00:00.00 | Mem:0.00M, Peak:0.00M | Scene, ViewLayer | Updating Objects | Copying Transformations to device
Fra:150 Mem:17.12M (Peak 59.57M) | Time:00:00.00 | Mem:0.01M, Peak:0.01M | Scene, ViewLayer | Updating Particle Systems
Fra:150 Mem:17.12M (Peak 59.57M) | Time:00:00.00 | Mem:0.01M, Peak:0.01M | Scene, ViewLayer | Updating Particle Systems | Copying Particles to device
Fra:150 Mem:17.12M (Peak 59.57M) | Time:00:00.00 | Mem:0.01M, Peak:0.01M | Scene, ViewLayer | Updating Meshes
Fra:150 Mem:17.12M (Peak 59.57M) | Time:00:00.00 | Mem:0.01M, Peak:0.01M | Scene, ViewLayer | Updating Objects | Applying Static Transformations
Fra:150 Mem:17.12M (Peak 59.57M) | Time:00:00.00 | Mem:0.01M, Peak:0.01M | Scene, ViewLayer | Updating Mesh | Computing attributes
Fra:150 Mem:17.19M (Peak 59.57M) | Time:00:00.00 | Mem:0.01M, Peak:0.01M | Scene, ViewLayer | Updating Mesh | Copying Attributes to device
Fra:150 Mem:17.19M (Peak 59.57M) | Time:00:00.00 | Mem:0.08M, Peak:0.08M | Scene, ViewLayer | Updating Scene BVH | Building
Fra:150 Mem:17.19M (Peak 59.57M) | Time:00:00.00 | Mem:0.08M, Peak:0.08M | Scene, ViewLayer | Updating Scene BVH | Building BVH
Fra:150 Mem:17.19M (Peak 59.57M) | Time:00:00.00 | Mem:0.38M, Peak:0.38M | Scene, ViewLayer | Updating Scene BVH | Building BVH 0%
Fra:150 Mem:17.19M (Peak 59.57M) | Time:00:00.01 | Mem:0.71M, Peak:1.01M | Scene, ViewLayer | Updating Scene BVH | Copying BVH to device
Fra:150 Mem:17.19M (Peak 59.57M) | Time:00:00.01 | Mem:0.71M, Peak:1.01M | Scene, ViewLayer | Updating Mesh | Computing normals
Fra:150 Mem:17.48M (Peak 59.57M) | Time:00:00.01 | Mem:0.71M, Peak:1.01M | Scene, ViewLayer | Updating Mesh | Copying Mesh to device
Fra:150 Mem:17.48M (Peak 59.57M) | Time:00:00.01 | Mem:1.00M, Peak:1.01M | Scene, ViewLayer | Updating Objects Flags
Fra:150 Mem:17.48M (Peak 59.57M) | Time:00:00.01 | Mem:1.00M, Peak:1.01M | Scene, ViewLayer | Updating Primitive Offsets
Fra:150 Mem:17.48M (Peak 59.57M) | Time:00:00.01 | Mem:1.00M, Peak:1.01M | Scene, ViewLayer | Updating Images
Fra:150 Mem:17.48M (Peak 59.57M) | Time:00:00.01 | Mem:1.00M, Peak:1.01M | Scene, ViewLayer | Updating Camera Volume
Fra:150 Mem:17.48M (Peak 59.57M) | Time:00:00.01 | Mem:1.00M, Peak:1.01M | Scene, ViewLayer | Updating Lookup Tables
Fra:150 Mem:17.48M (Peak 59.57M) | Time:00:00.01 | Mem:1.08M, Peak:1.08M | Scene, ViewLayer | Updating Lights
Fra:150 Mem:17.48M (Peak 59.57M) | Time:00:00.01 | Mem:1.08M, Peak:1.08M | Scene, ViewLayer | Updating Lights | Computing tree
Fra:150 Mem:17.99M (Peak 59.57M) | Time:00:00.02 | Mem:1.59M, Peak:1.59M | Scene, ViewLayer | Updating Integrator
Fra:150 Mem:17.99M (Peak 59.57M) | Time:00:00.02 | Mem:1.59M, Peak:1.59M | Scene, ViewLayer | Updating Film
Fra:150 Mem:17.99M (Peak 59.57M) | Time:00:00.02 | Mem:1.51M, Peak:1.59M | Scene, ViewLayer | Updating Lookup Tables
Fra:150 Mem:17.99M (Peak 59.57M) | Time:00:00.02 | Mem:1.59M, Peak:1.59M | Scene, ViewLayer | Updating Baking
Fra:150 Mem:17.99M (Peak 59.57M) | Time:00:00.02 | Mem:1.59M, Peak:1.59M | Scene, ViewLayer | Updating Device | Writing constant memory
Fra:150 Mem:17.99M (Peak 59.57M) | Time:00:00.02 | Mem:1.59M, Peak:1.59M | Scene, ViewLayer | Sample 0/32
Fra:150 Mem:35.83M (Peak 59.57M) | Time:00:00.52 | Remaining:00:15.38 | Mem:19.39M, Peak:19.39M | Scene, ViewLayer | Sample 1/32
Fra:150 Mem:43.74M (Peak 59.57M) | Time:00:16.21 | Mem:19.39M, Peak:19.39M | Scene, ViewLayer | Sample 32/32
Fra:150 Mem:43.74M (Peak 59.57M) | Time:00:16.21 | Mem:19.39M, Peak:19.39M | Scene, ViewLayer | Finished
Saved: '/home/runner/work/chaosim/chaosim/outputs/renders/paper_to_cloth_frames/frame_0150.png'
Time: 00:16.26 (Saving: 00:00.05)

Fra:151 Mem:22.41M (Peak 59.57M) | Time:00:00.00 | Mem:0.00M, Peak:0.00M | Scene, ViewLayer | Synchronizing object | ClothKey
Fra:151 Mem:22.42M (Peak 59.57M) | Time:00:00.00 | Mem:0.00M, Peak:0.00M | Scene, ViewLayer | Synchronizing object | ClothRim
Fra:151 Mem:22.42M (Peak 59.57M) | Time:00:00.00 | Mem:0.00M, Peak:0.00M | Scene, ViewLayer | Synchronizing object | FacesLabel
Fra:151 Mem:22.42M (Peak 59.57M) | Time:00:00.00 | Mem:0.00M, Peak:0.00M | Scene, ViewLayer | Synchronizing object | GlassSphere
Fra:151 Mem:23.20M (Peak 59.57M) | Time:00:00.00 | Mem:0.00M, Peak:0.00M | Scene, ViewLayer | Initializing
Fra:151 Mem:17.03M (Peak 59.57M) | Time:00:00.00 | Mem:0.00M, Peak:0.00M | Scene, ViewLayer | Waiting for render to start
Fra:151 Mem:17.03M (Peak 59.57M) | Time:00:00.00 | Mem:0.00M, Peak:0.00M | Scene, ViewLayer | Updating Scene
Fra:151 Mem:17.03M (Peak 59.57M) | Time:00:00.00 | Mem:0.00M, Peak:0.00M | Scene, ViewLayer | Updating Shaders
Fra:151 Mem:17.03M (Peak 59.57M) | Time:00:00.00 | Mem:0.00M, Peak:0.00M | Scene, ViewLayer | Loading render kernels (may take a few minutes the first time)
Fra:151 Mem:17.11M (Peak 59.57M) | Time:00:00.00 | Mem:0.00M, Peak:0.00M | Scene, ViewLayer | Updating Procedurals
Fra:151 Mem:17.11M (Peak 59.57M) | Time:00:00.01 | Mem:0.00M, Peak:0.00M | Scene, ViewLayer | Updating Background
Fra:151 Mem:17.11M (Peak 59.57M) | Time:00:00.01 | Mem:0.00M, Peak:0.00M | Scene, ViewLayer | Updating Camera
Fra:151 Mem:17.11M (Peak 59.57M) | Time:00:00.01 | Mem:0.00M, Peak:0.00M | Scene, ViewLayer | Updating Meshes Flags
Fra:151 Mem:17.11M (Peak 59.57M) | Time:00:00.01 | Mem:0.00M, Peak:0.00M | Scene, ViewLayer | Updating Objects
Fra:151 Mem:17.11M (Peak 59.57M) | Time:00:00.01 | Mem:0.00M, Peak:0.00M | Scene, ViewLayer | Updating Objects | Copying Transformations to device
Fra:151 Mem:17.12M (Peak 59.57M) | Time:00:00.01 | Mem:0.01M, Peak:0.01M | Scene, ViewLayer | Updating Particle Systems
Fra:151 Mem:17.12M (Peak 59.57M) | Time:00:00.01 | Mem:0.01M, Peak:0.01M | Scene, ViewLayer | Updating Particle Systems | Copying Particles to device
Fra:151 Mem:17.12M (Peak 59.57M) | Time:00:00.01 | Mem:0.01M, Peak:0.01M | Scene, ViewLayer | Updating Meshes
Fra:151 Mem:17.12M (Peak 59.57M) | Time:00:00.01 | Mem:0.01M, Peak:0.01M | Scene, ViewLayer | Updating Objects | Applying Static Transformations
Fra:151 Mem:17.12M (Peak 59.57M) | Time:00:00.01 | Mem:0.01M, Peak:0.01M | Scene, ViewLayer | Updating Mesh | Computing attributes
Fra:151 Mem:17.19M (Peak 59.57M) | Time:00:00.01 | Mem:0.01M, Peak:0.01M | Scene, ViewLayer | Updating Mesh | Copying Attributes to device
Fra:151 Mem:17.19M (Peak 59.57M) | Time:00:00.01 | Mem:0.08M, Peak:0.08M | Scene, ViewLayer | Updating Scene BVH | Building
Fra:151 Mem:17.19M (Peak 59.57M) | Time:00:00.01 | Mem:0.08M, Peak:0.08M | Scene, ViewLayer | Updating Scene BVH | Building BVH
Fra:151 Mem:17.19M (Peak 59.57M) | Time:00:00.01 | Mem:0.38M, Peak:0.38M | Scene, ViewLayer | Updating Scene BVH | Building BVH 0%
Fra:151 Mem:17.19M (Peak 59.57M) | Time:00:00.01 | Mem:0.71M, Peak:1.01M | Scene, ViewLayer | Updating Scene BVH | Copying BVH to device
Fra:151 Mem:17.19M (Peak 59.57M) | Time:00:00.01 | Mem:0.71M, Peak:1.01M | Scene, ViewLayer | Updating Mesh | Computing normals
Fra:151 Mem:17.48M (Peak 59.57M) | Time:00:00.01 | Mem:0.71M, Peak:1.01M | Scene, ViewLayer | Updating Mesh | Copying Mesh to device
Fra:151 Mem:17.48M (Peak 59.57M) | Time:00:00.01 | Mem:1.00M, Peak:1.01M | Scene, ViewLayer | Updating Objects Flags
Fra:151 Mem:17.48M (Peak 59.57M) | Time:00:00.01 | Mem:1.00M, Peak:1.01M | Scene, ViewLayer | Updating Primitive Offsets
Fra:151 Mem:17.48M (Peak 59.57M) | Time:00:00.01 | Mem:1.00M, Peak:1.01M | Scene, ViewLayer | Updating Images
Fra:151 Mem:17.48M (Peak 59.57M) | Time:00:00.01 | Mem:1.00M, Peak:1.01M | Scene, ViewLayer | Updating Camera Volume
Fra:151 Mem:17.48M (Peak 59.57M) | Time:00:00.01 | Mem:1.00M, Peak:1.01M | Scene, ViewLayer | Updating Lookup Tables
Fra:151 Mem:17.48M (Peak 59.57M) | Time:00:00.01 | Mem:1.08M, Peak:1.08M | Scene, ViewLayer | Updating Lights
Fra:151 Mem:17.48M (Peak 59.57M) | Time:00:00.01 | Mem:1.08M, Peak:1.08M | Scene, ViewLayer | Updating Lights | Computing tree
Fra:151 Mem:17.99M (Peak 59.57M) | Time:00:00.02 | Mem:1.59M, Peak:1.59M | Scene, ViewLayer | Updating Integrator
Fra:151 Mem:17.99M (Peak 59.57M) | Time:00:00.02 | Mem:1.59M, Peak:1.59M | Scene, ViewLayer | Updating Film
Fra:151 Mem:17.99M (Peak 59.57M) | Time:00:00.02 | Mem:1.51M, Peak:1.59M | Scene, ViewLayer | Updating Lookup Tables
Fra:151 Mem:17.99M (Peak 59.57M) | Time:00:00.02 | Mem:1.59M, Peak:1.59M | Scene, ViewLayer | Updating Baking
Fra:151 Mem:17.99M (Peak 59.57M) | Time:00:00.02 | Mem:1.59M, Peak:1.59M | Scene, ViewLayer | Updating Device | Writing constant memory
Fra:151 Mem:17.99M (Peak 59.57M) | Time:00:00.02 | Mem:1.59M, Peak:1.59M | Scene, ViewLayer | Sample 0/32
Fra:151 Mem:35.83M (Peak 59.57M) | Time:00:00.53 | Remaining:00:15.61 | Mem:19.39M, Peak:19.39M | Scene, ViewLayer | Sample 1/32
Fra:151 Mem:43.74M (Peak 59.57M) | Time:00:16.13 | Mem:19.39M, Peak:19.39M | Scene, ViewLayer | Sample 32/32
Fra:151 Mem:43.74M (Peak 59.57M) | Time:00:16.13 | Mem:19.39M, Peak:19.39M | Scene, ViewLayer | Finished
Saved: '/home/runner/work/chaosim/chaosim/outputs/renders/paper_to_cloth_frames/frame_0151.png'
Time: 00:16.19 (Saving: 00:00.05)

Fra:152 Mem:22.41M (Peak 59.57M) | Time:00:00.00 | Mem:0.00M, Peak:0.00M | Scene, ViewLayer | Synchronizing object | ClothKey
Fra:152 Mem:22.42M (Peak 59.57M) | Time:00:00.00 | Mem:0.00M, Peak:0.00M | Scene, ViewLayer | Synchronizing object | ClothFill
Fra:152 Mem:22.42M (Peak 59.57M) | Time:00:00.00 | Mem:0.00M, Peak:0.00M | Scene, ViewLayer | Synchronizing object | Rod
Fra:152 Mem:22.42M (Peak 59.57M) | Time:00:00.00 | Mem:0.00M, Peak:0.00M | Scene, ViewLayer | Synchronizing object | GlassSphere
Fra:152 Mem:23.20M (Peak 59.57M) | Time:00:00.00 | Mem:0.00M, Peak:0.00M | Scene, ViewLayer | Initializing
Fra:152 Mem:17.03M (Peak 59.57M) | Time:00:00.00 | Mem:0.00M, Peak:0.00M | Scene, ViewLayer | Waiting for render to start
Fra:152 Mem:17.03M (Peak 59.57M) | Time:00:00.00 | Mem:0.00M, Peak:0.00M | Scene, ViewLayer | Updating Scene
Fra:152 Mem:17.03M (Peak 59.57M) | Time:00:00.00 | Mem:0.00M, Peak:0.00M | Scene, ViewLayer | Updating Shaders
Fra:152 Mem:17.03M (Peak 59.57M) | Time:00:00.00 | Mem:0.00M, Peak:0.00M | Scene, ViewLayer | Loading render kernels (may take a few minutes the first time)
Fra:152 Mem:17.11M (Peak 59.57M) | Time:00:00.00 | Mem:0.00M, Peak:0.00M | Scene, ViewLayer | Updating Procedurals
Fra:152 Mem:17.11M (Peak 59.57M) | Time:00:00.00 | Mem:0.00M, Peak:0.00M | Scene, ViewLayer | Updating Background
Fra:152 Mem:17.11M (Peak 59.57M) | Time:00:00.00 | Mem:0.00M, Peak:0.00M | Scene, ViewLayer | Updating Camera
Fra:152 Mem:17.11M (Peak 59.57M) | Time:00:00.00 | Mem:0.00M, Peak:0.00M | Scene, ViewLayer | Updating Meshes Flags
Fra:152 Mem:17.11M (Peak 59.57M) | Time:00:00.00 | Mem:0.00M, Peak:0.00M | Scene, ViewLayer | Updating Objects
Fra:152 Mem:17.11M (Peak 59.57M) | Time:00:00.00 | Mem:0.00M, Peak:0.00M | Scene, ViewLayer | Updating Objects | Copying Transformations to device
Fra:152 Mem:17.12M (Peak 59.57M) | Time:00:00.00 | Mem:0.01M, Peak:0.01M | Scene, ViewLayer | Updating Particle Systems
Fra:152 Mem:17.12M (Peak 59.57M) | Time:00:00.00 | Mem:0.01M, Peak:0.01M | Scene, ViewLayer | Updating Particle Systems | Copying Particles to device
Fra:152 Mem:17.12M (Peak 59.57M) | Time:00:00.00 | Mem:0.01M, Peak:0.01M | Scene, ViewLayer | Updating Meshes
Fra:152 Mem:17.12M (Peak 59.57M) | Time:00:00.00 | Mem:0.01M, Peak:0.01M | Scene, ViewLayer | Updating Objects | Applying Static Transformations
Fra:152 Mem:17.12M (Peak 59.57M) | Time:00:00.00 | Mem:0.01M, Peak:0.01M | Scene, ViewLayer | Updating Mesh | Computing attributes
Fra:152 Mem:17.19M (Peak 59.57M) | Time:00:00.00 | Mem:0.01M, Peak:0.01M | Scene, ViewLayer | Updating Mesh | Copying Attributes to device
Fra:152 Mem:17.19M (Peak 59.57M) | Time:00:00.00 | Mem:0.08M, Peak:0.08M | Scene, ViewLayer | Updating Scene BVH | Building
Fra:152 Mem:17.19M (Peak 59.57M) | Time:00:00.00 | Mem:0.08M, Peak:0.08M | Scene, ViewLayer | Updating Scene BVH | Building BVH
Fra:152 Mem:17.19M (Peak 59.57M) | Time:00:00.00 | Mem:0.38M, Peak:0.38M | Scene, ViewLayer | Updating Scene BVH | Building BVH 0%
Fra:152 Mem:17.19M (Peak 59.57M) | Time:00:00.01 | Mem:0.71M, Peak:1.01M | Scene, ViewLayer | Updating Scene BVH | Copying BVH to device
Fra:152 Mem:17.19M (Peak 59.57M) | Time:00:00.01 | Mem:0.71M, Peak:1.01M | Scene, ViewLayer | Updating Mesh | Computing normals
Fra:152 Mem:17.48M (Peak 59.57M) | Time:00:00.01 | Mem:0.71M, Peak:1.01M | Scene, ViewLayer | Updating Mesh | Copying Mesh to device
Fra:152 Mem:17.48M (Peak 59.57M) | Time:00:00.01 | Mem:1.00M, Peak:1.01M | Scene, ViewLayer | Updating Objects Flags
Fra:152 Mem:17.48M (Peak 59.57M) | Time:00:00.01 | Mem:1.00M, Peak:1.01M | Scene, ViewLayer | Updating Primitive Offsets
Fra:152 Mem:17.48M (Peak 59.57M) | Time:00:00.01 | Mem:1.00M, Peak:1.01M | Scene, ViewLayer | Updating Images
Fra:152 Mem:17.48M (Peak 59.57M) | Time:00:00.01 | Mem:1.00M, Peak:1.01M | Scene, ViewLayer | Updating Camera Volume
Fra:152 Mem:17.48M (Peak 59.57M) | Time:00:00.01 | Mem:1.00M, Peak:1.01M | Scene, ViewLayer | Updating Lookup Tables
Fra:152 Mem:17.48M (Peak 59.57M) | Time:00:00.01 | Mem:1.08M, Peak:1.08M | Scene, ViewLayer | Updating Lights
Fra:152 Mem:17.48M (Peak 59.57M) | Time:00:00.01 | Mem:1.08M, Peak:1.08M | Scene, ViewLayer | Updating Lights | Computing tree
Fra:152 Mem:17.99M (Peak 59.57M) | Time:00:00.02 | Mem:1.59M, Peak:1.59M | Scene, ViewLayer | Updating Integrator
Fra:152 Mem:17.99M (Peak 59.57M) | Time:00:00.02 | Mem:1.59M, Peak:1.59M | Scene, ViewLayer | Updating Film
Fra:152 Mem:17.99M (Peak 59.57M) | Time:00:00.02 | Mem:1.51M, Peak:1.59M | Scene, ViewLayer | Updating Lookup Tables
Fra:152 Mem:17.99M (Peak 59.57M) | Time:00:00.02 | Mem:1.59M, Peak:1.59M | Scene, ViewLayer | Updating Baking
Fra:152 Mem:17.99M (Peak 59.57M) | Time:00:00.02 | Mem:1.59M, Peak:1.59M | Scene, ViewLayer | Updating Device | Writing constant memory
Fra:152 Mem:17.99M (Peak 59.57M) | Time:00:00.02 | Mem:1.59M, Peak:1.59M | Scene, ViewLayer | Sample 0/32
Fra:152 Mem:35.83M (Peak 59.57M) | Time:00:00.52 | Remaining:00:15.57 | Mem:19.39M, Peak:19.39M | Scene, ViewLayer | Sample 1/32
Fra:152 Mem:43.74M (Peak 59.57M) | Time:00:16.20 | Mem:19.39M, Peak:19.39M | Scene, ViewLayer | Sample 32/32
Fra:152 Mem:43.74M (Peak 59.57M) | Time:00:16.20 | Mem:19.39M, Peak:19.39M | Scene, ViewLayer | Finished
Saved: '/home/runner/work/chaosim/chaosim/outputs/renders/paper_to_cloth_frames/frame_0152.png'
Time: 00:16.25 (Saving: 00:00.05)

Fra:153 Mem:22.41M (Peak 59.57M) | Time:00:00.00 | Mem:0.00M, Peak:0.00M | Scene, ViewLayer | Synchronizing object | ClothKey
Fra:153 Mem:22.42M (Peak 59.57M) | Time:00:00.00 | Mem:0.00M, Peak:0.00M | Scene, ViewLayer | Synchronizing object | Rod
Fra:153 Mem:22.42M (Peak 59.57M) | Time:00:00.00 | Mem:0.00M, Peak:0.00M | Scene, ViewLayer | Synchronizing object | GlassSphere
Fra:153 Mem:23.20M (Peak 59.57M) | Time:00:00.00 | Mem:0.00M, Peak:0.00M | Scene, ViewLayer | Initializing
Fra:153 Mem:17.03M (Peak 59.57M) | Time:00:00.00 | Mem:0.00M, Peak:0.00M | Scene, ViewLayer | Waiting for render to start
Fra:153 Mem:17.03M (Peak 59.57M) | Time:00:00.00 | Mem:0.00M, Peak:0.00M | Scene, ViewLayer | Updating Scene
Fra:153 Mem:17.03M (Peak 59.57M) | Time:00:00.00 | Mem:0.00M, Peak:0.00M | Scene, ViewLayer | Updating Shaders
Fra:153 Mem:17.03M (Peak 59.57M) | Time:00:00.00 | Mem:0.00M, Peak:0.00M | Scene, ViewLayer | Loading render kernels (may take a few minutes the first time)
Fra:153 Mem:17.11M (Peak 59.57M) | Time:00:00.01 | Mem:0.00M, Peak:0.00M | Scene, ViewLayer | Updating Procedurals
Fra:153 Mem:17.11M (Peak 59.57M) | Time:00:00.01 | Mem:0.00M, Peak:0.00M | Scene, ViewLayer | Updating Background
Fra:153 Mem:17.11M (Peak 59.57M) | Time:00:00.01 | Mem:0.00M, Peak:0.00M | Scene, ViewLayer | Updating Camera
Fra:153 Mem:17.11M (Peak 59.57M) | Time:00:00.01 | Mem:0.00M, Peak:0.00M | Scene, ViewLayer | Updating Meshes Flags
Fra:153 Mem:17.11M (Peak 59.57M) | Time:00:00.01 | Mem:0.00M, Peak:0.00M | Scene, ViewLayer | Updating Objects
Fra:153 Mem:17.11M (Peak 59.57M) | Time:00:00.01 | Mem:0.00M, Peak:0.00M | Scene, ViewLayer | Updating Objects | Copying Transformations to device
Fra:153 Mem:17.12M (Peak 59.57M) | Time:00:00.01 | Mem:0.01M, Peak:0.01M | Scene, ViewLayer | Updating Particle Systems
Fra:153 Mem:17.12M (Peak 59.57M) | Time:00:00.01 | Mem:0.01M, Peak:0.01M | Scene, ViewLayer | Updating Particle Systems | Copying Particles to device
Fra:153 Mem:17.12M (Peak 59.57M) | Time:00:00.01 | Mem:0.01M, Peak:0.01M | Scene, ViewLayer | Updating Meshes
Fra:153 Mem:17.12M (Peak 59.57M) | Time:00:00.01 | Mem:0.01M, Peak:0.01M | Scene, ViewLayer | Updating Objects | Applying Static Transformations
Fra:153 Mem:17.12M (Peak 59.57M) | Time:00:00.01 | Mem:0.01M, Peak:0.01M | Scene, ViewLayer | Updating Mesh | Computing attributes
Fra:153 Mem:17.19M (Peak 59.57M) | Time:00:00.01 | Mem:0.01M, Peak:0.01M | Scene, ViewLayer | Updating Mesh | Copying Attributes to device
Fra:153 Mem:17.19M (Peak 59.57M) | Time:00:00.01 | Mem:0.08M, Peak:0.08M | Scene, ViewLayer | Updating Scene BVH | Building
Fra:153 Mem:17.19M (Peak 59.57M) | Time:00:00.01 | Mem:0.08M, Peak:0.08M | Scene, ViewLayer | Updating Scene BVH | Building BVH
Fra:153 Mem:17.19M (Peak 59.57M) | Time:00:00.01 | Mem:0.38M, Peak:0.38M | Scene, ViewLayer | Updating Scene BVH | Building BVH 0%
Fra:153 Mem:17.19M (Peak 59.57M) | Time:00:00.01 | Mem:0.71M, Peak:1.01M | Scene, ViewLayer | Updating Scene BVH | Copying BVH to device
Fra:153 Mem:17.19M (Peak 59.57M) | Time:00:00.01 | Mem:0.71M, Peak:1.01M | Scene, ViewLayer | Updating Mesh | Computing normals
Fra:153 Mem:17.48M (Peak 59.57M) | Time:00:00.01 | Mem:0.71M, Peak:1.01M | Scene, ViewLayer | Updating Mesh | Copying Mesh to device
Fra:153 Mem:17.48M (Peak 59.57M) | Time:00:00.01 | Mem:1.00M, Peak:1.01M | Scene, ViewLayer | Updating Objects Flags
Fra:153 Mem:17.48M (Peak 59.57M) | Time:00:00.01 | Mem:1.00M, Peak:1.01M | Scene, ViewLayer | Updating Primitive Offsets
Fra:153 Mem:17.48M (Peak 59.57M) | Time:00:00.01 | Mem:1.00M, Peak:1.01M | Scene, ViewLayer | Updating Images
Fra:153 Mem:17.48M (Peak 59.57M) | Time:00:00.01 | Mem:1.00M, Peak:1.01M | Scene, ViewLayer | Updating Camera Volume
Fra:153 Mem:17.48M (Peak 59.57M) | Time:00:00.01 | Mem:1.00M, Peak:1.01M | Scene, ViewLayer | Updating Lookup Tables
Fra:153 Mem:17.48M (Peak 59.57M) | Time:00:00.01 | Mem:1.08M, Peak:1.08M | Scene, ViewLayer | Updating Lights
Fra:153 Mem:17.48M (Peak 59.57M) | Time:00:00.01 | Mem:1.08M, Peak:1.08M | Scene, ViewLayer | Updating Lights | Computing tree
Fra:153 Mem:17.99M (Peak 59.57M) | Time:00:00.02 | Mem:1.59M, Peak:1.59M | Scene, ViewLayer | Updating Integrator
Fra:153 Mem:17.99M (Peak 59.57M) | Time:00:00.02 | Mem:1.59M, Peak:1.59M | Scene, ViewLayer | Updating Film
Fra:153 Mem:17.99M (Peak 59.57M) | Time:00:00.02 | Mem:1.51M, Peak:1.59M | Scene, ViewLayer | Updating Lookup Tables
Fra:153 Mem:17.99M (Peak 59.57M) | Time:00:00.02 | Mem:1.59M, Peak:1.59M | Scene, ViewLayer | Updating Baking
Fra:153 Mem:17.99M (Peak 59.57M) | Time:00:00.02 | Mem:1.59M, Peak:1.59M | Scene, ViewLayer | Updating Device | Writing constant memory
Fra:153 Mem:17.99M (Peak 59.57M) | Time:00:00.02 | Mem:1.59M, Peak:1.59M | Scene, ViewLayer | Sample 0/32
Fra:153 Mem:35.83M (Peak 59.57M) | Time:00:00.51 | Remaining:00:15.27 | Mem:19.39M, Peak:19.39M | Scene, ViewLayer | Sample 1/32
Fra:153 Mem:43.74M (Peak 59.57M) | Time:00:15.84 | Mem:19.39M, Peak:19.39M | Scene, ViewLayer | Sample 32/32
Fra:153 Mem:43.74M (Peak 59.57M) | Time:00:15.84 | Mem:19.39M, Peak:19.39M | Scene, ViewLayer | Finished
Saved: '/home/runner/work/chaosim/chaosim/outputs/renders/paper_to_cloth_frames/frame_0153.png'
Time: 00:15.90 (Saving: 00:00.05)

Fra:154 Mem:22.41M (Peak 59.57M) | Time:00:00.00 | Mem:0.00M, Peak:0.00M | Scene, ViewLayer | Synchronizing object | ClothKey
Fra:154 Mem:22.42M (Peak 59.57M) | Time:00:00.00 | Mem:0.00M, Peak:0.00M | Scene, ViewLayer | Synchronizing object | FacesLabel
Fra:154 Mem:22.42M (Peak 59.57M) | Time:00:00.00 | Mem:0.00M, Peak:0.00M | Scene, ViewLayer | Synchronizing object | Sheet
Fra:154 Mem:22.45M (Peak 59.57M) | Time:00:00.00 | Mem:0.00M, Peak:0.00M | Scene, ViewLayer | Synchronizing object | GlassSphere
Fra:154 Mem:23.20M (Peak 59.57M) | Time:00:00.00 | Mem:0.00M, Peak:0.00M | Scene, ViewLayer | Initializing
Fra:154 Mem:17.03M (Peak 59.57M) | Time:00:00.01 | Mem:0.00M, Peak:0.00M | Scene, ViewLayer | Waiting for render to start
Fra:154 Mem:17.03M (Peak 59.57M) | Time:00:00.01 | Mem:0.00M, Peak:0.00M | Scene, ViewLayer | Updating Scene
Fra:154 Mem:17.03M (Peak 59.57M) | Time:00:00.01 | Mem:0.00M, Peak:0.00M | Scene, ViewLayer | Updating Shaders
Fra:154 Mem:17.03M (Peak 59.57M) | Time:00:00.01 | Mem:0.00M, Peak:0.00M | Scene, ViewLayer | Loading render kernels (may take a few minutes the first time)
Fra:154 Mem:17.11M (Peak 59.57M) | Time:00:00.01 | Mem:0.00M, Peak:0.00M | Scene, ViewLayer | Updating Procedurals
Fra:154 Mem:17.11M (Peak 59.57M) | Time:00:00.01 | Mem:0.00M, Peak:0.00M | Scene, ViewLayer | Updating Background
Fra:154 Mem:17.11M (Peak 59.57M) | Time:00:00.01 | Mem:0.00M, Peak:0.00M | Scene, ViewLayer | Updating Camera
Fra:154 Mem:17.11M (Peak 59.57M) | Time:00:00.01 | Mem:0.00M, Peak:0.00M | Scene, ViewLayer | Updating Meshes Flags
Fra:154 Mem:17.11M (Peak 59.57M) | Time:00:00.01 | Mem:0.00M, Peak:0.00M | Scene, ViewLayer | Updating Objects
Fra:154 Mem:17.11M (Peak 59.57M) | Time:00:00.01 | Mem:0.00M, Peak:0.00M | Scene, ViewLayer | Updating Objects | Copying Transformations to device
Fra:154 Mem:17.12M (Peak 59.57M) | Time:00:00.01 | Mem:0.01M, Peak:0.01M | Scene, ViewLayer | Updating Particle Systems
Fra:154 Mem:17.12M (Peak 59.57M) | Time:00:00.01 | Mem:0.01M, Peak:0.01M | Scene, ViewLayer | Updating Particle Systems | Copying Particles to device
Fra:154 Mem:17.12M (Peak 59.57M) | Time:00:00.01 | Mem:0.01M, Peak:0.01M | Scene, ViewLayer | Updating Meshes
Fra:154 Mem:17.12M (Peak 59.57M) | Time:00:00.01 | Mem:0.01M, Peak:0.01M | Scene, ViewLayer | Updating Objects | Applying Static Transformations
Fra:154 Mem:17.12M (Peak 59.57M) | Time:00:00.01 | Mem:0.01M, Peak:0.01M | Scene, ViewLayer | Updating Mesh | Computing attributes
Fra:154 Mem:17.19M (Peak 59.57M) | Time:00:00.01 | Mem:0.01M, Peak:0.01M | Scene, ViewLayer | Updating Mesh | Copying Attributes to device
Fra:154 Mem:17.19M (Peak 59.57M) | Time:00:00.01 | Mem:0.08M, Peak:0.08M | Scene, ViewLayer | Updating Scene BVH | Building
Fra:154 Mem:17.19M (Peak 59.57M) | Time:00:00.01 | Mem:0.08M, Peak:0.08M | Scene, ViewLayer | Updating Scene BVH | Building BVH
Fra:154 Mem:17.19M (Peak 59.57M) | Time:00:00.01 | Mem:0.38M, Peak:0.38M | Scene, ViewLayer | Updating Scene BVH | Building BVH 0%
Fra:154 Mem:17.19M (Peak 59.57M) | Time:00:00.01 | Mem:0.74M, Peak:1.04M | Scene, ViewLayer | Updating Scene BVH | Copying BVH to device
Fra:154 Mem:17.19M (Peak 59.57M) | Time:00:00.01 | Mem:0.74M, Peak:1.04M | Scene, ViewLayer | Updating Mesh | Computing normals
Fra:154 Mem:17.48M (Peak 59.57M) | Time:00:00.01 | Mem:0.74M, Peak:1.04M | Scene, ViewLayer | Updating Mesh | Copying Mesh to device
Fra:154 Mem:17.48M (Peak 59.57M) | Time:00:00.01 | Mem:1.03M, Peak:1.04M | Scene, ViewLayer | Updating Objects Flags
Fra:154 Mem:17.48M (Peak 59.57M) | Time:00:00.01 | Mem:1.03M, Peak:1.04M | Scene, ViewLayer | Updating Primitive Offsets
Fra:154 Mem:17.48M (Peak 59.57M) | Time:00:00.01 | Mem:1.03M, Peak:1.04M | Scene, ViewLayer | Updating Images
Fra:154 Mem:17.48M (Peak 59.57M) | Time:00:00.01 | Mem:1.03M, Peak:1.04M | Scene, ViewLayer | Updating Camera Volume
Fra:154 Mem:17.48M (Peak 59.57M) | Time:00:00.01 | Mem:1.03M, Peak:1.04M | Scene, ViewLayer | Updating Lookup Tables
Fra:154 Mem:17.48M (Peak 59.57M) | Time:00:00.01 | Mem:1.11M, Peak:1.11M | Scene, ViewLayer | Updating Lights
Fra:154 Mem:17.48M (Peak 59.57M) | Time:00:00.01 | Mem:1.11M, Peak:1.11M | Scene, ViewLayer | Updating Lights | Computing tree
Fra:154 Mem:17.99M (Peak 59.57M) | Time:00:00.02 | Mem:1.62M, Peak:1.62M | Scene, ViewLayer | Updating Integrator
Fra:154 Mem:17.99M (Peak 59.57M) | Time:00:00.02 | Mem:1.62M, Peak:1.62M | Scene, ViewLayer | Updating Film
Fra:154 Mem:17.99M (Peak 59.57M) | Time:00:00.02 | Mem:1.54M, Peak:1.62M | Scene, ViewLayer | Updating Lookup Tables
Fra:154 Mem:17.99M (Peak 59.57M) | Time:00:00.02 | Mem:1.62M, Peak:1.62M | Scene, ViewLayer | Updating Baking
Fra:154 Mem:17.99M (Peak 59.57M) | Time:00:00.02 | Mem:1.62M, Peak:1.62M | Scene, ViewLayer | Updating Device | Writing constant memory
Fra:154 Mem:17.99M (Peak 59.57M) | Time:00:00.02 | Mem:1.62M, Peak:1.62M | Scene, ViewLayer | Sample 0/32
Fra:154 Mem:35.83M (Peak 59.57M) | Time:00:00.51 | Remaining:00:15.03 | Mem:19.42M, Peak:19.42M | Scene, ViewLayer | Sample 1/32
Fra:154 Mem:43.74M (Peak 59.57M) | Time:00:15.55 | Mem:19.42M, Peak:19.42M | Scene, ViewLayer | Sample 32/32
Fra:154 Mem:43.74M (Peak 59.57M) | Time:00:15.55 | Mem:19.42M, Peak:19.42M | Scene, ViewLayer | Finished
Saved: '/home/runner/work/chaosim/chaosim/outputs/renders/paper_to_cloth_frames/frame_0154.png'
Time: 00:15.61 (Saving: 00:00.05)

Fra:155 Mem:22.41M (Peak 59.57M) | Time:00:00.00 | Mem:0.00M, Peak:0.00M | Scene, ViewLayer | Synchronizing object | ClothKey
Fra:155 Mem:22.42M (Peak 59.57M) | Time:00:00.00 | Mem:0.00M, Peak:0.00M | Scene, ViewLayer | Synchronizing object | ClothRim
Fra:155 Mem:22.42M (Peak 59.57M) | Time:00:00.00 | Mem:0.00M, Peak:0.00M | Scene, ViewLayer | Synchronizing object | Sheet
Fra:155 Mem:22.42M (Peak 59.57M) | Time:00:00.00 | Mem:0.00M, Peak:0.00M | Scene, ViewLayer | Synchronizing object | GlassSphere
Fra:155 Mem:23.20M (Peak 59.57M) | Time:00:00.00 | Mem:0.00M, Peak:0.00M | Scene, ViewLayer | Initializing
Fra:155 Mem:17.03M (Peak 59.57M) | Time:00:00.00 | Mem:0.00M, Peak:0.00M | Scene, ViewLayer | Waiting for render to start
Fra:155 Mem:17.03M (Peak 59.57M) | Time:00:00.00 | Mem:0.00M, Peak:0.00M | Scene, ViewLayer | Updating Scene
Fra:155 Mem:17.03M (Peak 59.57M) | Time:00:00.00 | Mem:0.00M, Peak:0.00M | Scene, ViewLayer | Updating Shaders
Fra:155 Mem:17.03M (Peak 59.57M) | Time:00:00.00 | Mem:0.00M, Peak:0.00M | Scene, ViewLayer | Loading render kernels (may take a few minutes the first time)
Fra:155 Mem:17.11M (Peak 59.57M) | Time:00:00.01 | Mem:0.00M, Peak:0.00M | Scene, ViewLayer | Updating Procedurals
Fra:155 Mem:17.11M (Peak 59.57M) | Time:00:00.01 | Mem:0.00M, Peak:0.00M | Scene, ViewLayer | Updating Background
Fra:155 Mem:17.11M (Peak 59.57M) | Time:00:00.01 | Mem:0.00M, Peak:0.00M | Scene, ViewLayer | Updating Camera
Fra:155 Mem:17.11M (Peak 59.57M) | Time:00:00.01 | Mem:0.00M, Peak:0.00M | Scene, ViewLayer | Updating Meshes Flags
Fra:155 Mem:17.11M (Peak 59.57M) | Time:00:00.01 | Mem:0.00M, Peak:0.00M | Scene, ViewLayer | Updating Objects
Fra:155 Mem:17.11M (Peak 59.57M) | Time:00:00.01 | Mem:0.00M, Peak:0.00M | Scene, ViewLayer | Updating Objects | Copying Transformations to device
Fra:155 Mem:17.12M (Peak 59.57M) | Time:00:00.01 | Mem:0.01M, Peak:0.01M | Scene, ViewLayer | Updating Particle Systems
Fra:155 Mem:17.12M (Peak 59.57M) | Time:00:00.01 | Mem:0.01M, Peak:0.01M | Scene, ViewLayer | Updating Particle Systems | Copying Particles to device
Fra:155 Mem:17.12M (Peak 59.57M) | Time:00:00.01 | Mem:0.01M, Peak:0.01M | Scene, ViewLayer | Updating Meshes
Fra:155 Mem:17.12M (Peak 59.57M) | Time:00:00.01 | Mem:0.01M, Peak:0.01M | Scene, ViewLayer | Updating Objects | Applying Static Transformations
Fra:155 Mem:17.12M (Peak 59.57M) | Time:00:00.01 | Mem:0.01M, Peak:0.01M | Scene, ViewLayer | Updating Mesh | Computing attributes
Fra:155 Mem:17.19M (Peak 59.57M) | Time:00:00.01 | Mem:0.01M, Peak:0.01M | Scene, ViewLayer | Updating Mesh | Copying Attributes to device
Fra:155 Mem:17.19M (Peak 59.57M) | Time:00:00.01 | Mem:0.08M, Peak:0.08M | Scene, ViewLayer | Updating Scene BVH | Building
Fra:155 Mem:17.19M (Peak 59.57M) | Time:00:00.01 | Mem:0.08M, Peak:0.08M | Scene, ViewLayer | Updating Scene BVH | Building BVH
Fra:155 Mem:17.19M (Peak 59.57M) | Time:00:00.01 | Mem:0.38M, Peak:0.38M | Scene, ViewLayer | Updating Scene BVH | Building BVH 0%
Fra:155 Mem:17.19M (Peak 59.57M) | Time:00:00.01 | Mem:0.71M, Peak:1.01M | Scene, ViewLayer | Updating Scene BVH | Copying BVH to device
Fra:155 Mem:17.19M (Peak 59.57M) | Time:00:00.01 | Mem:0.71M, Peak:1.01M | Scene, ViewLayer | Updating Mesh | Computing normals
Fra:155 Mem:17.48M (Peak 59.57M) | Time:00:00.01 | Mem:0.71M, Peak:1.01M | Scene, ViewLayer | Updating Mesh | Copying Mesh to device
Fra:155 Mem:17.48M (Peak 59.57M) | Time:00:00.01 | Mem:1.00M, Peak:1.01M | Scene, ViewLayer | Updating Objects Flags
Fra:155 Mem:17.48M (Peak 59.57M) | Time:00:00.01 | Mem:1.00M, Peak:1.01M | Scene, ViewLayer | Updating Primitive Offsets
Fra:155 Mem:17.48M (Peak 59.57M) | Time:00:00.01 | Mem:1.00M, Peak:1.01M | Scene, ViewLayer | Updating Images
Fra:155 Mem:17.48M (Peak 59.57M) | Time:00:00.01 | Mem:1.00M, Peak:1.01M | Scene, ViewLayer | Updating Camera Volume
Fra:155 Mem:17.48M (Peak 59.57M) | Time:00:00.01 | Mem:1.00M, Peak:1.01M | Scene, ViewLayer | Updating Lookup Tables
Fra:155 Mem:17.48M (Peak 59.57M) | Time:00:00.01 | Mem:1.08M, Peak:1.08M | Scene, ViewLayer | Updating Lights
Fra:155 Mem:17.48M (Peak 59.57M) | Time:00:00.01 | Mem:1.08M, Peak:1.08M | Scene, ViewLayer | Updating Lights | Computing tree
Fra:155 Mem:17.99M (Peak 59.57M) | Time:00:00.02 | Mem:1.59M, Peak:1.59M | Scene, ViewLayer | Updating Integrator
Fra:155 Mem:17.99M (Peak 59.57M) | Time:00:00.02 | Mem:1.59M, Peak:1.59M | Scene, ViewLayer | Updating Film
Fra:155 Mem:17.99M (Peak 59.57M) | Time:00:00.02 | Mem:1.51M, Peak:1.59M | Scene, ViewLayer | Updating Lookup Tables
Fra:155 Mem:17.99M (Peak 59.57M) | Time:00:00.02 | Mem:1.59M, Peak:1.59M | Scene, ViewLayer | Updating Baking
Fra:155 Mem:17.99M (Peak 59.57M) | Time:00:00.02 | Mem:1.59M, Peak:1.59M | Scene, ViewLayer | Updating Device | Writing constant memory
Fra:155 Mem:17.99M (Peak 59.57M) | Time:00:00.02 | Mem:1.59M, Peak:1.59M | Scene, ViewLayer | Sample 0/32
Fra:155 Mem:35.83M (Peak 59.57M) | Time:00:00.50 | Remaining:00:14.84 | Mem:19.39M, Peak:19.39M | Scene, ViewLayer | Sample 1/32
Fra:155 Mem:43.74M (Peak 59.57M) | Time:00:15.33 | Mem:19.39M, Peak:19.39M | Scene, ViewLayer | Sample 32/32
Fra:155 Mem:43.74M (Peak 59.57M) | Time:00:15.33 | Mem:19.39M, Peak:19.39M | Scene, ViewLayer | Finished
Saved: '/home/runner/work/chaosim/chaosim/outputs/renders/paper_to_cloth_frames/frame_0155.png'
Time: 00:15.39 (Saving: 00:00.05)

Fra:156 Mem:22.41M (Peak 59.57M) | Time:00:00.00 | Mem:0.00M, Peak:0.00M | Scene, ViewLayer | Synchronizing object | ClothKey
Fra:156 Mem:22.42M (Peak 59.57M) | Time:00:00.00 | Mem:0.00M, Peak:0.00M | Scene, ViewLayer | Synchronizing object | ClothRim
Fra:156 Mem:22.42M (Peak 59.57M) | Time:00:00.00 | Mem:0.00M, Peak:0.00M | Scene, ViewLayer | Synchronizing object | FacesLabel
Fra:156 Mem:22.42M (Peak 59.57M) | Time:00:00.00 | Mem:0.00M, Peak:0.00M | Scene, ViewLayer | Synchronizing object | GlassSphere
Fra:156 Mem:23.20M (Peak 59.57M) | Time:00:00.00 | Mem:0.00M, Peak:0.00M | Scene, ViewLayer | Initializing
Fra:156 Mem:17.03M (Peak 59.57M) | Time:00:00.00 | Mem:0.00M, Peak:0.00M | Scene, ViewLayer | Waiting for render to start
Fra:156 Mem:17.03M (Peak 59.57M) | Time:00:00.00 | Mem:0.00M, Peak:0.00M | Scene, ViewLayer | Updating Scene
Fra:156 Mem:17.03M (Peak 59.57M) | Time:00:00.00 | Mem:0.00M, Peak:0.00M | Scene, ViewLayer | Updating Shaders
Fra:156 Mem:17.03M (Peak 59.57M) | Time:00:00.00 | Mem:0.00M, Peak:0.00M | Scene, ViewLayer | Loading render kernels (may take a few minutes the first time)
Fra:156 Mem:17.11M (Peak 59.57M) | Time:00:00.00 | Mem:0.00M, Peak:0.00M | Scene, ViewLayer | Updating Procedurals
Fra:156 Mem:17.11M (Peak 59.57M) | Time:00:00.00 | Mem:0.00M, Peak:0.00M | Scene, ViewLayer | Updating Background
Fra:156 Mem:17.11M (Peak 59.57M) | Time:00:00.00 | Mem:0.00M, Peak:0.00M | Scene, ViewLayer | Updating Camera
Fra:156 Mem:17.11M (Peak 59.57M) | Time:00:00.00 | Mem:0.00M, Peak:0.00M | Scene, ViewLayer | Updating Meshes Flags
Fra:156 Mem:17.11M (Peak 59.57M) | Time:00:00.00 | Mem:0.00M, Peak:0.00M | Scene, ViewLayer | Updating Objects
Fra:156 Mem:17.11M (Peak 59.57M) | Time:00:00.00 | Mem:0.00M, Peak:0.00M | Scene, ViewLayer | Updating Objects | Copying Transformations to device
Fra:156 Mem:17.12M (Peak 59.57M) | Time:00:00.00 | Mem:0.01M, Peak:0.01M | Scene, ViewLayer | Updating Particle Systems
Fra:156 Mem:17.12M (Peak 59.57M) | Time:00:00.00 | Mem:0.01M, Peak:0.01M | Scene, ViewLayer | Updating Particle Systems | Copying Particles to device
Fra:156 Mem:17.12M (Peak 59.57M) | Time:00:00.00 | Mem:0.01M, Peak:0.01M | Scene, ViewLayer | Updating Meshes
Fra:156 Mem:17.12M (Peak 59.57M) | Time:00:00.00 | Mem:0.01M, Peak:0.01M | Scene, ViewLayer | Updating Objects | Applying Static Transformations
Fra:156 Mem:17.12M (Peak 59.57M) | Time:00:00.00 | Mem:0.01M, Peak:0.01M | Scene, ViewLayer | Updating Mesh | Computing attributes
Fra:156 Mem:17.19M (Peak 59.57M) | Time:00:00.00 | Mem:0.01M, Peak:0.01M | Scene, ViewLayer | Updating Mesh | Copying Attributes to device
Fra:156 Mem:17.19M (Peak 59.57M) | Time:00:00.01 | Mem:0.08M, Peak:0.08M | Scene, ViewLayer | Updating Scene BVH | Building
Fra:156 Mem:17.19M (Peak 59.57M) | Time:00:00.01 | Mem:0.08M, Peak:0.08M | Scene, ViewLayer | Updating Scene BVH | Building BVH
Fra:156 Mem:17.19M (Peak 59.57M) | Time:00:00.01 | Mem:0.38M, Peak:0.38M | Scene, ViewLayer | Updating Scene BVH | Building BVH 0%
Fra:156 Mem:17.19M (Peak 59.57M) | Time:00:00.01 | Mem:0.71M, Peak:1.01M | Scene, ViewLayer | Updating Scene BVH | Copying BVH to device
Fra:156 Mem:17.19M (Peak 59.57M) | Time:00:00.01 | Mem:0.71M, Peak:1.01M | Scene, ViewLayer | Updating Mesh | Computing normals
Fra:156 Mem:17.48M (Peak 59.57M) | Time:00:00.01 | Mem:0.71M, Peak:1.01M | Scene, ViewLayer | Updating Mesh | Copying Mesh to device
Fra:156 Mem:17.48M (Peak 59.57M) | Time:00:00.01 | Mem:1.00M, Peak:1.01M | Scene, ViewLayer | Updating Objects Flags
Fra:156 Mem:17.48M (Peak 59.57M) | Time:00:00.01 | Mem:1.00M, Peak:1.01M | Scene, ViewLayer | Updating Primitive Offsets
Fra:156 Mem:17.48M (Peak 59.57M) | Time:00:00.01 | Mem:1.00M, Peak:1.01M | Scene, ViewLayer | Updating Images
Fra:156 Mem:17.48M (Peak 59.57M) | Time:00:00.01 | Mem:1.00M, Peak:1.01M | Scene, ViewLayer | Updating Camera Volume
Fra:156 Mem:17.48M (Peak 59.57M) | Time:00:00.01 | Mem:1.00M, Peak:1.01M | Scene, ViewLayer | Updating Lookup Tables
Fra:156 Mem:17.48M (Peak 59.57M) | Time:00:00.01 | Mem:1.08M, Peak:1.08M | Scene, ViewLayer | Updating Lights
Fra:156 Mem:17.48M (Peak 59.57M) | Time:00:00.01 | Mem:1.08M, Peak:1.08M | Scene, ViewLayer | Updating Lights | Computing tree
Fra:156 Mem:17.99M (Peak 59.57M) | Time:00:00.02 | Mem:1.59M, Peak:1.59M | Scene, ViewLayer | Updating Integrator
Fra:156 Mem:17.99M (Peak 59.57M) | Time:00:00.02 | Mem:1.59M, Peak:1.59M | Scene, ViewLayer | Updating Film
Fra:156 Mem:17.99M (Peak 59.57M) | Time:00:00.02 | Mem:1.51M, Peak:1.59M | Scene, ViewLayer | Updating Lookup Tables
Fra:156 Mem:17.99M (Peak 59.57M) | Time:00:00.02 | Mem:1.59M, Peak:1.59M | Scene, ViewLayer | Updating Baking
Fra:156 Mem:17.99M (Peak 59.57M) | Time:00:00.02 | Mem:1.59M, Peak:1.59M | Scene, ViewLayer | Updating Device | Writing constant memory
Fra:156 Mem:17.99M (Peak 59.57M) | Time:00:00.02 | Mem:1.59M, Peak:1.59M | Scene, ViewLayer | Sample 0/32
Fra:156 Mem:35.83M (Peak 59.57M) | Time:00:00.48 | Remaining:00:14.33 | Mem:19.39M, Peak:19.39M | Scene, ViewLayer | Sample 1/32
Fra:156 Mem:43.74M (Peak 59.57M) | Time:00:14.79 | Mem:19.39M, Peak:19.39M | Scene, ViewLayer | Sample 32/32
Fra:156 Mem:43.74M (Peak 59.57M) | Time:00:14.79 | Mem:19.39M, Peak:19.39M | Scene, ViewLayer | Finished
Saved: '/home/runner/work/chaosim/chaosim/outputs/renders/paper_to_cloth_frames/frame_0156.png'
Time: 00:14.85 (Saving: 00:00.05)

Fra:157 Mem:22.41M (Peak 59.57M) | Time:00:00.00 | Mem:0.00M, Peak:0.00M | Scene, ViewLayer | Synchronizing object | ClothKey
Fra:157 Mem:22.42M (Peak 59.57M) | Time:00:00.00 | Mem:0.00M, Peak:0.00M | Scene, ViewLayer | Synchronizing object | ClothRim
Fra:157 Mem:22.42M (Peak 59.57M) | Time:00:00.00 | Mem:0.00M, Peak:0.00M | Scene, ViewLayer | Synchronizing object | FacesLabel
Fra:157 Mem:22.42M (Peak 59.57M) | Time:00:00.00 | Mem:0.00M, Peak:0.00M | Scene, ViewLayer | Synchronizing object | Sheet
Fra:157 Mem:22.59M (Peak 59.57M) | Time:00:00.00 | Mem:0.00M, Peak:0.00M | Scene, ViewLayer | Synchronizing object | GlassSphere
Fra:157 Mem:23.20M (Peak 59.57M) | Time:00:00.00 | Mem:0.00M, Peak:0.00M | Scene, ViewLayer | Initializing
Fra:157 Mem:17.03M (Peak 59.57M) | Time:00:00.00 | Mem:0.00M, Peak:0.00M | Scene, ViewLayer | Waiting for render to start
Fra:157 Mem:17.03M (Peak 59.57M) | Time:00:00.00 | Mem:0.00M, Peak:0.00M | Scene, ViewLayer | Updating Scene
Fra:157 Mem:17.03M (Peak 59.57M) | Time:00:00.00 | Mem:0.00M, Peak:0.00M | Scene, ViewLayer | Updating Shaders
Fra:157 Mem:17.03M (Peak 59.57M) | Time:00:00.00 | Mem:0.00M, Peak:0.00M | Scene, ViewLayer | Loading render kernels (may take a few minutes the first time)
Fra:157 Mem:17.11M (Peak 59.57M) | Time:00:00.00 | Mem:0.00M, Peak:0.00M | Scene, ViewLayer | Updating Procedurals
Fra:157 Mem:17.11M (Peak 59.57M) | Time:00:00.00 | Mem:0.00M, Peak:0.00M | Scene, ViewLayer | Updating Background
Fra:157 Mem:17.11M (Peak 59.57M) | Time:00:00.00 | Mem:0.00M, Peak:0.00M | Scene, ViewLayer | Updating Camera
Fra:157 Mem:17.11M (Peak 59.57M) | Time:00:00.00 | Mem:0.00M, Peak:0.00M | Scene, ViewLayer | Updating Meshes Flags
Fra:157 Mem:17.11M (Peak 59.57M) | Time:00:00.00 | Mem:0.00M, Peak:0.00M | Scene, ViewLayer | Updating Objects
Fra:157 Mem:17.11M (Peak 59.57M) | Time:00:00.00 | Mem:0.00M, Peak:0.00M | Scene, ViewLayer | Updating Objects | Copying Transformations to device
Fra:157 Mem:17.12M (Peak 59.57M) | Time:00:00.00 | Mem:0.01M, Peak:0.01M | Scene, ViewLayer | Updating Particle Systems
Fra:157 Mem:17.12M (Peak 59.57M) | Time:00:00.00 | Mem:0.01M, Peak:0.01M | Scene, ViewLayer | Updating Particle Systems | Copying Particles to device
Fra:157 Mem:17.12M (Peak 59.57M) | Time:00:00.00 | Mem:0.01M, Peak:0.01M | Scene, ViewLayer | Updating Meshes
Fra:157 Mem:17.12M (Peak 59.57M) | Time:00:00.00 | Mem:0.01M, Peak:0.01M | Scene, ViewLayer | Updating Objects | Applying Static Transformations
Fra:157 Mem:17.12M (Peak 59.57M) | Time:00:00.00 | Mem:0.01M, Peak:0.01M | Scene, ViewLayer | Updating Mesh | Computing attributes
Fra:157 Mem:17.19M (Peak 59.57M) | Time:00:00.00 | Mem:0.01M, Peak:0.01M | Scene, ViewLayer | Updating Mesh | Copying Attributes to device
Fra:157 Mem:17.19M (Peak 59.57M) | Time:00:00.00 | Mem:0.08M, Peak:0.08M | Scene, ViewLayer | Updating Scene BVH | Building
Fra:157 Mem:17.19M (Peak 59.57M) | Time:00:00.00 | Mem:0.08M, Peak:0.08M | Scene, ViewLayer | Updating Scene BVH | Building BVH
Fra:157 Mem:17.19M (Peak 59.57M) | Time:00:00.00 | Mem:0.38M, Peak:0.38M | Scene, ViewLayer | Updating Scene BVH | Building BVH 0%
Fra:157 Mem:17.19M (Peak 59.57M) | Time:00:00.01 | Mem:0.71M, Peak:1.01M | Scene, ViewLayer | Updating Scene BVH | Copying BVH to device
Fra:157 Mem:17.19M (Peak 59.57M) | Time:00:00.01 | Mem:0.71M, Peak:1.01M | Scene, ViewLayer | Updating Mesh | Computing normals
Fra:157 Mem:17.48M (Peak 59.57M) | Time:00:00.01 | Mem:0.71M, Peak:1.01M | Scene, ViewLayer | Updating Mesh | Copying Mesh to device
Fra:157 Mem:17.48M (Peak 59.57M) | Time:00:00.01 | Mem:1.00M, Peak:1.01M | Scene, ViewLayer | Updating Objects Flags
Fra:157 Mem:17.48M (Peak 59.57M) | Time:00:00.01 | Mem:1.00M, Peak:1.01M | Scene, ViewLayer | Updating Primitive Offsets
Fra:157 Mem:17.48M (Peak 59.57M) | Time:00:00.01 | Mem:1.00M, Peak:1.01M | Scene, ViewLayer | Updating Images
Fra:157 Mem:17.48M (Peak 59.57M) | Time:00:00.01 | Mem:1.00M, Peak:1.01M | Scene, ViewLayer | Updating Camera Volume
Fra:157 Mem:17.48M (Peak 59.57M) | Time:00:00.01 | Mem:1.00M, Peak:1.01M | Scene, ViewLayer | Updating Lookup Tables
Fra:157 Mem:17.48M (Peak 59.57M) | Time:00:00.01 | Mem:1.08M, Peak:1.08M | Scene, ViewLayer | Updating Lights
Fra:157 Mem:17.48M (Peak 59.57M) | Time:00:00.01 | Mem:1.08M, Peak:1.08M | Scene, ViewLayer | Updating Lights | Computing tree
Fra:157 Mem:17.99M (Peak 59.57M) | Time:00:00.02 | Mem:1.59M, Peak:1.59M | Scene, ViewLayer | Updating Integrator
Fra:157 Mem:17.99M (Peak 59.57M) | Time:00:00.02 | Mem:1.59M, Peak:1.59M | Scene, ViewLayer | Updating Film
Fra:157 Mem:17.99M (Peak 59.57M) | Time:00:00.02 | Mem:1.51M, Peak:1.59M | Scene, ViewLayer | Updating Lookup Tables
Fra:157 Mem:17.99M (Peak 59.57M) | Time:00:00.02 | Mem:1.59M, Peak:1.59M | Scene, ViewLayer | Updating Baking
Fra:157 Mem:17.99M (Peak 59.57M) | Time:00:00.02 | Mem:1.59M, Peak:1.59M | Scene, ViewLayer | Updating Device | Writing constant memory
Fra:157 Mem:17.99M (Peak 59.57M) | Time:00:00.02 | Mem:1.59M, Peak:1.59M | Scene, ViewLayer | Sample 0/32
Fra:157 Mem:35.83M (Peak 59.57M) | Time:00:00.47 | Remaining:00:14.01 | Mem:19.39M, Peak:19.39M | Scene, ViewLayer | Sample 1/32
Fra:157 Mem:43.74M (Peak 59.57M) | Time:00:14.35 | Mem:19.39M, Peak:19.39M | Scene, ViewLayer | Sample 32/32
Fra:157 Mem:43.74M (Peak 59.57M) | Time:00:14.35 | Mem:19.39M, Peak:19.39M | Scene, ViewLayer | Finished
Saved: '/home/runner/work/chaosim/chaosim/outputs/renders/paper_to_cloth_frames/frame_0157.png'
Time: 00:14.40 (Saving: 00:00.05)

Fra:158 Mem:22.41M (Peak 59.57M) | Time:00:00.00 | Mem:0.00M, Peak:0.00M | Scene, ViewLayer | Synchronizing object | ClothKey
Fra:158 Mem:22.42M (Peak 59.57M) | Time:00:00.00 | Mem:0.00M, Peak:0.00M | Scene, ViewLayer | Synchronizing object | ClothRim
Fra:158 Mem:22.42M (Peak 59.57M) | Time:00:00.00 | Mem:0.00M, Peak:0.00M | Scene, ViewLayer | Synchronizing object | Rod
Fra:158 Mem:22.42M (Peak 59.57M) | Time:00:00.00 | Mem:0.00M, Peak:0.00M | Scene, ViewLayer | Synchronizing object | Sheet
Fra:158 Mem:22.42M (Peak 59.57M) | Time:00:00.00 | Mem:0.00M, Peak:0.00M | Scene, ViewLayer | Synchronizing object | GlassSphere
Fra:158 Mem:23.20M (Peak 59.57M) | Time:00:00.00 | Mem:0.00M, Peak:0.00M | Scene, ViewLayer | Initializing
Fra:158 Mem:17.03M (Peak 59.57M) | Time:00:00.00 | Mem:0.00M, Peak:0.00M | Scene, ViewLayer | Waiting for render to start
Fra:158 Mem:17.03M (Peak 59.57M) | Time:00:00.00 | Mem:0.00M, Peak:0.00M | Scene, ViewLayer | Updating Scene
Fra:158 Mem:17.03M (Peak 59.57M) | Time:00:00.00 | Mem:0.00M, Peak:0.00M | Scene, ViewLayer | Updating Shaders
Fra:158 Mem:17.03M (Peak 59.57M) | Time:00:00.00 | Mem:0.00M, Peak:0.00M | Scene, ViewLayer | Loading render kernels (may take a few minutes the first time)
Fra:158 Mem:17.11M (Peak 59.57M) | Time:00:00.01 | Mem:0.00M, Peak:0.00M | Scene, ViewLayer | Updating Procedurals
Fra:158 Mem:17.11M (Peak 59.57M) | Time:00:00.01 | Mem:0.00M, Peak:0.00M | Scene, ViewLayer | Updating Background
Fra:158 Mem:17.11M (Peak 59.57M) | Time:00:00.01 | Mem:0.00M, Peak:0.00M | Scene, ViewLayer | Updating Camera
Fra:158 Mem:17.11M (Peak 59.57M) | Time:00:00.01 | Mem:0.00M, Peak:0.00M | Scene, ViewLayer | Updating Meshes Flags
Fra:158 Mem:17.11M (Peak 59.57M) | Time:00:00.01 | Mem:0.00M, Peak:0.00M | Scene, ViewLayer | Updating Objects
Fra:158 Mem:17.11M (Peak 59.57M) | Time:00:00.01 | Mem:0.00M, Peak:0.00M | Scene, ViewLayer | Updating Objects | Copying Transformations to device
Fra:158 Mem:17.12M (Peak 59.57M) | Time:00:00.01 | Mem:0.01M, Peak:0.01M | Scene, ViewLayer | Updating Particle Systems
Fra:158 Mem:17.12M (Peak 59.57M) | Time:00:00.01 | Mem:0.01M, Peak:0.01M | Scene, ViewLayer | Updating Particle Systems | Copying Particles to device
Fra:158 Mem:17.12M (Peak 59.57M) | Time:00:00.01 | Mem:0.01M, Peak:0.01M | Scene, ViewLayer | Updating Meshes
Fra:158 Mem:17.12M (Peak 59.57M) | Time:00:00.01 | Mem:0.01M, Peak:0.01M | Scene, ViewLayer | Updating Objects | Applying Static Transformations
Fra:158 Mem:17.12M (Peak 59.57M) | Time:00:00.01 | Mem:0.01M, Peak:0.01M | Scene, ViewLayer | Updating Mesh | Computing attributes
Fra:158 Mem:17.19M (Peak 59.57M) | Time:00:00.01 | Mem:0.01M, Peak:0.01M | Scene, ViewLayer | Updating Mesh | Copying Attributes to device
Fra:158 Mem:17.19M (Peak 59.57M) | Time:00:00.01 | Mem:0.08M, Peak:0.08M | Scene, ViewLayer | Updating Scene BVH | Building
Fra:158 Mem:17.19M (Peak 59.57M) | Time:00:00.01 | Mem:0.08M, Peak:0.08M | Scene, ViewLayer | Updating Scene BVH | Building BVH
Fra:158 Mem:17.19M (Peak 59.57M) | Time:00:00.01 | Mem:0.38M, Peak:0.38M | Scene, ViewLayer | Updating Scene BVH | Building BVH 0%
Fra:158 Mem:17.19M (Peak 59.57M) | Time:00:00.01 | Mem:0.71M, Peak:1.01M | Scene, ViewLayer | Updating Scene BVH | Copying BVH to device
Fra:158 Mem:17.19M (Peak 59.57M) | Time:00:00.01 | Mem:0.71M, Peak:1.01M | Scene, ViewLayer | Updating Mesh | Computing normals
Fra:158 Mem:17.48M (Peak 59.57M) | Time:00:00.01 | Mem:0.71M, Peak:1.01M | Scene, ViewLayer | Updating Mesh | Copying Mesh to device
Fra:158 Mem:17.48M (Peak 59.57M) | Time:00:00.01 | Mem:1.00M, Peak:1.01M | Scene, ViewLayer | Updating Objects Flags
Fra:158 Mem:17.48M (Peak 59.57M) | Time:00:00.01 | Mem:1.00M, Peak:1.01M | Scene, ViewLayer | Updating Primitive Offsets
Fra:158 Mem:17.48M (Peak 59.57M) | Time:00:00.01 | Mem:1.00M, Peak:1.01M | Scene, ViewLayer | Updating Images
Fra:158 Mem:17.48M (Peak 59.57M) | Time:00:00.01 | Mem:1.00M, Peak:1.01M | Scene, ViewLayer | Updating Camera Volume
Fra:158 Mem:17.48M (Peak 59.57M) | Time:00:00.01 | Mem:1.00M, Peak:1.01M | Scene, ViewLayer | Updating Lookup Tables
Fra:158 Mem:17.48M (Peak 59.57M) | Time:00:00.01 | Mem:1.08M, Peak:1.08M | Scene, ViewLayer | Updating Lights
Fra:158 Mem:17.48M (Peak 59.57M) | Time:00:00.01 | Mem:1.08M, Peak:1.08M | Scene, ViewLayer | Updating Lights | Computing tree
Fra:158 Mem:17.99M (Peak 59.57M) | Time:00:00.02 | Mem:1.59M, Peak:1.59M | Scene, ViewLayer | Updating Integrator
Fra:158 Mem:17.99M (Peak 59.57M) | Time:00:00.02 | Mem:1.59M, Peak:1.59M | Scene, ViewLayer | Updating Film
Fra:158 Mem:17.99M (Peak 59.57M) | Time:00:00.02 | Mem:1.51M, Peak:1.59M | Scene, ViewLayer | Updating Lookup Tables
Fra:158 Mem:17.99M (Peak 59.57M) | Time:00:00.02 | Mem:1.59M, Peak:1.59M | Scene, ViewLayer | Updating Baking
Fra:158 Mem:17.99M (Peak 59.57M) | Time:00:00.02 | Mem:1.59M, Peak:1.59M | Scene, ViewLayer | Updating Device | Writing constant memory
Fra:158 Mem:17.99M (Peak 59.57M) | Time:00:00.02 | Mem:1.59M, Peak:1.59M | Scene, ViewLayer | Sample 0/32
Fra:158 Mem:35.83M (Peak 59.57M) | Time:00:00.46 | Remaining:00:13.56 | Mem:19.39M, Peak:19.39M | Scene, ViewLayer | Sample 1/32
Fra:158 Mem:43.74M (Peak 59.57M) | Time:00:13.96 | Mem:19.39M, Peak:19.39M | Scene, ViewLayer | Sample 32/32
Fra:158 Mem:43.74M (Peak 59.57M) | Time:00:13.96 | Mem:19.39M, Peak:19.39M | Scene, ViewLayer | Finished
Saved: '/home/runner/work/chaosim/chaosim/outputs/renders/paper_to_cloth_frames/frame_0158.png'
Time: 00:14.02 (Saving: 00:00.05)

Fra:159 Mem:22.41M (Peak 59.57M) | Time:00:00.00 | Mem:0.00M, Peak:0.00M | Scene, ViewLayer | Synchronizing object | ClothKey
Fra:159 Mem:22.42M (Peak 59.57M) | Time:00:00.00 | Mem:0.00M, Peak:0.00M | Scene, ViewLayer | Synchronizing object | ClothFill
Fra:159 Mem:22.42M (Peak 59.57M) | Time:00:00.00 | Mem:0.00M, Peak:0.00M | Scene, ViewLayer | Synchronizing object | ClothRim
Fra:159 Mem:22.42M (Peak 59.57M) | Time:00:00.00 | Mem:0.00M, Peak:0.00M | Scene, ViewLayer | Synchronizing object | Rod
Fra:159 Mem:22.42M (Peak 59.57M) | Time:00:00.00 | Mem:0.00M, Peak:0.00M | Scene, ViewLayer | Synchronizing object | FacesLabel
Fra:159 Mem:22.45M (Peak 59.57M) | Time:00:00.00 | Mem:0.00M, Peak:0.00M | Scene, ViewLayer | Synchronizing object | Sheet
Fra:159 Mem:22.45M (Peak 59.57M) | Time:00:00.00 | Mem:0.00M, Peak:0.00M | Scene, ViewLayer | Synchronizing object | GlassSphere
Fra:159 Mem:23.20M (Peak 59.57M) | Time:00:00.00 | Mem:0.00M, Peak:0.00M | Scene, ViewLayer | Initializing
Fra:159 Mem:17.03M (Peak 59.57M) | Time:00:00.00 | Mem:0.00M, Peak:0.00M | Scene, ViewLayer | Waiting for render to start
Fra:159 Mem:17.03M (Peak 59.57M) | Time:00:00.00 | Mem:0.00M, Peak:0.00M | Scene, ViewLayer | Updating Scene
Fra:159 Mem:17.03M (Peak 59.57M) | Time:00:00.00 | Mem:0.00M, Peak:0.00M | Scene, ViewLayer | Updating Shaders
Fra:159 Mem:17.03M (Peak 59.57M) | Time:00:00.00 | Mem:0.00M, Peak:0.00M | Scene, ViewLayer | Loading render kernels (may take a few minutes the first time)
Fra:159 Mem:17.11M (Peak 59.57M) | Time:00:00.00 | Mem:0.00M, Peak:0.00M | Scene, ViewLayer | Updating Procedurals
Fra:159 Mem:17.11M (Peak 59.57M) | Time:00:00.00 | Mem:0.00M, Peak:0.00M | Scene, ViewLayer | Updating Background
Fra:159 Mem:17.11M (Peak 59.57M) | Time:00:00.00 | Mem:0.00M, Peak:0.00M | Scene, ViewLayer | Updating Camera
Fra:159 Mem:17.11M (Peak 59.57M) | Time:00:00.00 | Mem:0.00M, Peak:0.00M | Scene, ViewLayer | Updating Meshes Flags
Fra:159 Mem:17.11M (Peak 59.57M) | Time:00:00.00 | Mem:0.00M, Peak:0.00M | Scene, ViewLayer | Updating Objects
Fra:159 Mem:17.11M (Peak 59.57M) | Time:00:00.00 | Mem:0.00M, Peak:0.00M | Scene, ViewLayer | Updating Objects | Copying Transformations to device
Fra:159 Mem:17.12M (Peak 59.57M) | Time:00:00.00 | Mem:0.01M, Peak:0.01M | Scene, ViewLayer | Updating Particle Systems
Fra:159 Mem:17.12M (Peak 59.57M) | Time:00:00.00 | Mem:0.01M, Peak:0.01M | Scene, ViewLayer | Updating Particle Systems | Copying Particles to device
Fra:159 Mem:17.12M (Peak 59.57M) | Time:00:00.00 | Mem:0.01M, Peak:0.01M | Scene, ViewLayer | Updating Meshes
Fra:159 Mem:17.12M (Peak 59.57M) | Time:00:00.00 | Mem:0.01M, Peak:0.01M | Scene, ViewLayer | Updating Objects | Applying Static Transformations
Fra:159 Mem:17.12M (Peak 59.57M) | Time:00:00.00 | Mem:0.01M, Peak:0.01M | Scene, ViewLayer | Updating Mesh | Computing attributes
Fra:159 Mem:17.19M (Peak 59.57M) | Time:00:00.00 | Mem:0.01M, Peak:0.01M | Scene, ViewLayer | Updating Mesh | Copying Attributes to device
Fra:159 Mem:17.19M (Peak 59.57M) | Time:00:00.00 | Mem:0.08M, Peak:0.08M | Scene, ViewLayer | Updating Scene BVH | Building
Fra:159 Mem:17.19M (Peak 59.57M) | Time:00:00.00 | Mem:0.08M, Peak:0.08M | Scene, ViewLayer | Updating Scene BVH | Building BVH
Fra:159 Mem:17.19M (Peak 59.57M) | Time:00:00.00 | Mem:0.38M, Peak:0.38M | Scene, ViewLayer | Updating Scene BVH | Building BVH 0%
Fra:159 Mem:17.19M (Peak 59.57M) | Time:00:00.01 | Mem:0.71M, Peak:1.01M | Scene, ViewLayer | Updating Scene BVH | Copying BVH to device
Fra:159 Mem:17.19M (Peak 59.57M) | Time:00:00.01 | Mem:0.71M, Peak:1.01M | Scene, ViewLayer | Updating Mesh | Computing normals
Fra:159 Mem:17.48M (Peak 59.57M) | Time:00:00.01 | Mem:0.71M, Peak:1.01M | Scene, ViewLayer | Updating Mesh | Copying Mesh to device
Fra:159 Mem:17.48M (Peak 59.57M) | Time:00:00.01 | Mem:1.00M, Peak:1.01M | Scene, ViewLayer | Updating Objects Flags
Fra:159 Mem:17.48M (Peak 59.57M) | Time:00:00.01 | Mem:1.00M, Peak:1.01M | Scene, ViewLayer | Updating Primitive Offsets
Fra:159 Mem:17.48M (Peak 59.57M) | Time:00:00.01 | Mem:1.00M, Peak:1.01M | Scene, ViewLayer | Updating Images
Fra:159 Mem:17.48M (Peak 59.57M) | Time:00:00.01 | Mem:1.00M, Peak:1.01M | Scene, ViewLayer | Updating Camera Volume
Fra:159 Mem:17.48M (Peak 59.57M) | Time:00:00.01 | Mem:1.00M, Peak:1.01M | Scene, ViewLayer | Updating Lookup Tables
Fra:159 Mem:17.48M (Peak 59.57M) | Time:00:00.01 | Mem:1.08M, Peak:1.08M | Scene, ViewLayer | Updating Lights
Fra:159 Mem:17.48M (Peak 59.57M) | Time:00:00.01 | Mem:1.08M, Peak:1.08M | Scene, ViewLayer | Updating Lights | Computing tree
Fra:159 Mem:17.99M (Peak 59.57M) | Time:00:00.02 | Mem:1.59M, Peak:1.59M | Scene, ViewLayer | Updating Integrator
Fra:159 Mem:17.99M (Peak 59.57M) | Time:00:00.02 | Mem:1.59M, Peak:1.59M | Scene, ViewLayer | Updating Film
Fra:159 Mem:17.99M (Peak 59.57M) | Time:00:00.02 | Mem:1.51M, Peak:1.59M | Scene, ViewLayer | Updating Lookup Tables
Fra:159 Mem:17.99M (Peak 59.57M) | Time:00:00.02 | Mem:1.59M, Peak:1.59M | Scene, ViewLayer | Updating Baking
Fra:159 Mem:17.99M (Peak 59.57M) | Time:00:00.02 | Mem:1.59M, Peak:1.59M | Scene, ViewLayer | Updating Device | Writing constant memory
Fra:159 Mem:17.99M (Peak 59.57M) | Time:00:00.02 | Mem:1.59M, Peak:1.59M | Scene, ViewLayer | Sample 0/32
Fra:159 Mem:35.83M (Peak 59.57M) | Time:00:00.44 | Remaining:00:13.12 | Mem:19.39M, Peak:19.39M | Scene, ViewLayer | Sample 1/32
Fra:159 Mem:43.74M (Peak 59.57M) | Time:00:13.54 | Mem:19.39M, Peak:19.39M | Scene, ViewLayer | Sample 32/32
Fra:159 Mem:43.74M (Peak 59.57M) | Time:00:13.54 | Mem:19.39M, Peak:19.39M | Scene, ViewLayer | Finished
Saved: '/home/runner/work/chaosim/chaosim/outputs/renders/paper_to_cloth_frames/frame_0159.png'
Time: 00:13.59 (Saving: 00:00.05)

Fra:160 Mem:22.41M (Peak 59.57M) | Time:00:00.00 | Mem:0.00M, Peak:0.00M | Scene, ViewLayer | Synchronizing object | ClothKey
Fra:160 Mem:22.42M (Peak 59.57M) | Time:00:00.00 | Mem:0.00M, Peak:0.00M | Scene, ViewLayer | Synchronizing object | FacesLabel
Fra:160 Mem:22.42M (Peak 59.57M) | Time:00:00.00 | Mem:0.00M, Peak:0.00M | Scene, ViewLayer | Synchronizing object | Sheet
Fra:160 Mem:22.45M (Peak 59.57M) | Time:00:00.00 | Mem:0.00M, Peak:0.00M | Scene, ViewLayer | Synchronizing object | GlassSphere
Fra:160 Mem:23.20M (Peak 59.57M) | Time:00:00.00 | Mem:0.00M, Peak:0.00M | Scene, ViewLayer | Initializing
Fra:160 Mem:17.03M (Peak 59.57M) | Time:00:00.00 | Mem:0.00M, Peak:0.00M | Scene, ViewLayer | Waiting for render to start
Fra:160 Mem:17.03M (Peak 59.57M) | Time:00:00.00 | Mem:0.00M, Peak:0.00M | Scene, ViewLayer | Updating Scene
Fra:160 Mem:17.03M (Peak 59.57M) | Time:00:00.00 | Mem:0.00M, Peak:0.00M | Scene, ViewLayer | Updating Shaders
Fra:160 Mem:17.03M (Peak 59.57M) | Time:00:00.00 | Mem:0.00M, Peak:0.00M | Scene, ViewLayer | Loading render kernels (may take a few minutes the first time)
Fra:160 Mem:17.11M (Peak 59.57M) | Time:00:00.00 | Mem:0.00M, Peak:0.00M | Scene, ViewLayer | Updating Procedurals
Fra:160 Mem:17.11M (Peak 59.57M) | Time:00:00.00 | Mem:0.00M, Peak:0.00M | Scene, ViewLayer | Updating Background
Fra:160 Mem:17.11M (Peak 59.57M) | Time:00:00.00 | Mem:0.00M, Peak:0.00M | Scene, ViewLayer | Updating Camera
Fra:160 Mem:17.11M (Peak 59.57M) | Time:00:00.00 | Mem:0.00M, Peak:0.00M | Scene, ViewLayer | Updating Meshes Flags
Fra:160 Mem:17.11M (Peak 59.57M) | Time:00:00.00 | Mem:0.00M, Peak:0.00M | Scene, ViewLayer | Updating Objects
Fra:160 Mem:17.11M (Peak 59.57M) | Time:00:00.00 | Mem:0.00M, Peak:0.00M | Scene, ViewLayer | Updating Objects | Copying Transformations to device
Fra:160 Mem:17.12M (Peak 59.57M) | Time:00:00.00 | Mem:0.01M, Peak:0.01M | Scene, ViewLayer | Updating Particle Systems
Fra:160 Mem:17.12M (Peak 59.57M) | Time:00:00.00 | Mem:0.01M, Peak:0.01M | Scene, ViewLayer | Updating Particle Systems | Copying Particles to device
Fra:160 Mem:17.12M (Peak 59.57M) | Time:00:00.00 | Mem:0.01M, Peak:0.01M | Scene, ViewLayer | Updating Meshes
Fra:160 Mem:17.12M (Peak 59.57M) | Time:00:00.00 | Mem:0.01M, Peak:0.01M | Scene, ViewLayer | Updating Objects | Applying Static Transformations
Fra:160 Mem:17.12M (Peak 59.57M) | Time:00:00.00 | Mem:0.01M, Peak:0.01M | Scene, ViewLayer | Updating Mesh | Computing attributes
Fra:160 Mem:17.19M (Peak 59.57M) | Time:00:00.00 | Mem:0.01M, Peak:0.01M | Scene, ViewLayer | Updating Mesh | Copying Attributes to device
Fra:160 Mem:17.19M (Peak 59.57M) | Time:00:00.00 | Mem:0.08M, Peak:0.08M | Scene, ViewLayer | Updating Scene BVH | Building
Fra:160 Mem:17.19M (Peak 59.57M) | Time:00:00.00 | Mem:0.08M, Peak:0.08M | Scene, ViewLayer | Updating Scene BVH | Building BVH
Fra:160 Mem:17.19M (Peak 59.57M) | Time:00:00.00 | Mem:0.38M, Peak:0.38M | Scene, ViewLayer | Updating Scene BVH | Building BVH 0%
Fra:160 Mem:17.19M (Peak 59.57M) | Time:00:00.01 | Mem:0.71M, Peak:1.01M | Scene, ViewLayer | Updating Scene BVH | Copying BVH to device
Fra:160 Mem:17.19M (Peak 59.57M) | Time:00:00.01 | Mem:0.71M, Peak:1.01M | Scene, ViewLayer | Updating Mesh | Computing normals
Fra:160 Mem:17.48M (Peak 59.57M) | Time:00:00.01 | Mem:0.71M, Peak:1.01M | Scene, ViewLayer | Updating Mesh | Copying Mesh to device
Fra:160 Mem:17.48M (Peak 59.57M) | Time:00:00.01 | Mem:1.00M, Peak:1.01M | Scene, ViewLayer | Updating Objects Flags
Fra:160 Mem:17.48M (Peak 59.57M) | Time:00:00.01 | Mem:1.00M, Peak:1.01M | Scene, ViewLayer | Updating Primitive Offsets
Fra:160 Mem:17.48M (Peak 59.57M) | Time:00:00.01 | Mem:1.00M, Peak:1.01M | Scene, ViewLayer | Updating Images
Fra:160 Mem:17.48M (Peak 59.57M) | Time:00:00.01 | Mem:1.00M, Peak:1.01M | Scene, ViewLayer | Updating Camera Volume
Fra:160 Mem:17.48M (Peak 59.57M) | Time:00:00.01 | Mem:1.00M, Peak:1.01M | Scene, ViewLayer | Updating Lookup Tables
Fra:160 Mem:17.48M (Peak 59.57M) | Time:00:00.01 | Mem:1.08M, Peak:1.08M | Scene, ViewLayer | Updating Lights
Fra:160 Mem:17.48M (Peak 59.57M) | Time:00:00.01 | Mem:1.08M, Peak:1.08M | Scene, ViewLayer | Updating Lights | Computing tree
Fra:160 Mem:17.99M (Peak 59.57M) | Time:00:00.02 | Mem:1.59M, Peak:1.59M | Scene, ViewLayer | Updating Integrator
Fra:160 Mem:17.99M (Peak 59.57M) | Time:00:00.02 | Mem:1.59M, Peak:1.59M | Scene, ViewLayer | Updating Film
Fra:160 Mem:17.99M (Peak 59.57M) | Time:00:00.02 | Mem:1.51M, Peak:1.59M | Scene, ViewLayer | Updating Lookup Tables
Fra:160 Mem:17.99M (Peak 59.57M) | Time:00:00.02 | Mem:1.59M, Peak:1.59M | Scene, ViewLayer | Updating Baking
Fra:160 Mem:17.99M (Peak 59.57M) | Time:00:00.02 | Mem:1.59M, Peak:1.59M | Scene, ViewLayer | Updating Device | Writing constant memory
Fra:160 Mem:17.99M (Peak 59.57M) | Time:00:00.02 | Mem:1.59M, Peak:1.59M | Scene, ViewLayer | Sample 0/32
Fra:160 Mem:35.83M (Peak 59.57M) | Time:00:00.44 | Remaining:00:12.96 | Mem:19.39M, Peak:19.39M | Scene, ViewLayer | Sample 1/32
Fra:160 Mem:43.74M (Peak 59.57M) | Time:00:13.44 | Mem:19.39M, Peak:19.39M | Scene, ViewLayer | Sample 32/32
Fra:160 Mem:43.74M (Peak 59.57M) | Time:00:13.44 | Mem:19.39M, Peak:19.39M | Scene, ViewLayer | Finished
Saved: '/home/runner/work/chaosim/chaosim/outputs/renders/paper_to_cloth_frames/frame_0160.png'
Time: 00:13.49 (Saving: 00:00.05)

Fra:161 Mem:22.41M (Peak 59.57M) | Time:00:00.00 | Mem:0.00M, Peak:0.00M | Scene, ViewLayer | Synchronizing object | ClothKey
Fra:161 Mem:22.42M (Peak 59.57M) | Time:00:00.00 | Mem:0.00M, Peak:0.00M | Scene, ViewLayer | Synchronizing object | Rod
Fra:161 Mem:22.42M (Peak 59.57M) | Time:00:00.00 | Mem:0.00M, Peak:0.00M | Scene, ViewLayer | Synchronizing object | Sheet
Fra:161 Mem:22.42M (Peak 59.57M) | Time:00:00.00 | Mem:0.00M, Peak:0.00M | Scene, ViewLayer | Synchronizing object | GlassSphere
Fra:161 Mem:23.20M (Peak 59.57M) | Time:00:00.00 | Mem:0.00M, Peak:0.00M | Scene, ViewLayer | Initializing
Fra:161 Mem:17.03M (Peak 59.57M) | Time:00:00.00 | Mem:0.00M, Peak:0.00M | Scene, ViewLayer | Waiting for render to start
Fra:161 Mem:17.03M (Peak 59.57M) | Time:00:00.00 | Mem:0.00M, Peak:0.00M | Scene, ViewLayer | Updating Scene
Fra:161 Mem:17.03M (Peak 59.57M) | Time:00:00.00 | Mem:0.00M, Peak:0.00M | Scene, ViewLayer | Updating Shaders
Fra:161 Mem:17.03M (Peak 59.57M) | Time:00:00.00 | Mem:0.00M, Peak:0.00M | Scene, ViewLayer | Loading render kernels (may take a few minutes the first time)
Fra:161 Mem:17.11M (Peak 59.57M) | Time:00:00.00 | Mem:0.00M, Peak:0.00M | Scene, ViewLayer | Updating Procedurals
Fra:161 Mem:17.11M (Peak 59.57M) | Time:00:00.00 | Mem:0.00M, Peak:0.00M | Scene, ViewLayer | Updating Background
Fra:161 Mem:17.11M (Peak 59.57M) | Time:00:00.00 | Mem:0.00M, Peak:0.00M | Scene, ViewLayer | Updating Camera
Fra:161 Mem:17.11M (Peak 59.57M) | Time:00:00.00 | Mem:0.00M, Peak:0.00M | Scene, ViewLayer | Updating Meshes Flags
Fra:161 Mem:17.11M (Peak 59.57M) | Time:00:00.00 | Mem:0.00M, Peak:0.00M | Scene, ViewLayer | Updating Objects
Fra:161 Mem:17.11M (Peak 59.57M) | Time:00:00.00 | Mem:0.00M, Peak:0.00M | Scene, ViewLayer | Updating Objects | Copying Transformations to device
Fra:161 Mem:17.12M (Peak 59.57M) | Time:00:00.00 | Mem:0.01M, Peak:0.01M | Scene, ViewLayer | Updating Particle Systems
Fra:161 Mem:17.12M (Peak 59.57M) | Time:00:00.00 | Mem:0.01M, Peak:0.01M | Scene, ViewLayer | Updating Particle Systems | Copying Particles to device
Fra:161 Mem:17.12M (Peak 59.57M) | Time:00:00.00 | Mem:0.01M, Peak:0.01M | Scene, ViewLayer | Updating Meshes
Fra:161 Mem:17.12M (Peak 59.57M) | Time:00:00.00 | Mem:0.01M, Peak:0.01M | Scene, ViewLayer | Updating Objects | Applying Static Transformations
Fra:161 Mem:17.12M (Peak 59.57M) | Time:00:00.00 | Mem:0.01M, Peak:0.01M | Scene, ViewLayer | Updating Mesh | Computing attributes
Fra:161 Mem:17.19M (Peak 59.57M) | Time:00:00.00 | Mem:0.01M, Peak:0.01M | Scene, ViewLayer | Updating Mesh | Copying Attributes to device
Fra:161 Mem:17.19M (Peak 59.57M) | Time:00:00.00 | Mem:0.08M, Peak:0.08M | Scene, ViewLayer | Updating Scene BVH | Building
Fra:161 Mem:17.19M (Peak 59.57M) | Time:00:00.00 | Mem:0.08M, Peak:0.08M | Scene, ViewLayer | Updating Scene BVH | Building BVH
Fra:161 Mem:17.19M (Peak 59.57M) | Time:00:00.01 | Mem:0.38M, Peak:0.38M | Scene, ViewLayer | Updating Scene BVH | Building BVH 0%
Fra:161 Mem:17.19M (Peak 59.57M) | Time:00:00.01 | Mem:0.71M, Peak:1.01M | Scene, ViewLayer | Updating Scene BVH | Copying BVH to device
Fra:161 Mem:17.19M (Peak 59.57M) | Time:00:00.01 | Mem:0.71M, Peak:1.01M | Scene, ViewLayer | Updating Mesh | Computing normals
Fra:161 Mem:17.48M (Peak 59.57M) | Time:00:00.01 | Mem:0.71M, Peak:1.01M | Scene, ViewLayer | Updating Mesh | Copying Mesh to device
Fra:161 Mem:17.48M (Peak 59.57M) | Time:00:00.01 | Mem:1.00M, Peak:1.01M | Scene, ViewLayer | Updating Objects Flags
Fra:161 Mem:17.48M (Peak 59.57M) | Time:00:00.01 | Mem:1.00M, Peak:1.01M | Scene, ViewLayer | Updating Primitive Offsets
Fra:161 Mem:17.48M (Peak 59.57M) | Time:00:00.01 | Mem:1.00M, Peak:1.01M | Scene, ViewLayer | Updating Images
Fra:161 Mem:17.48M (Peak 59.57M) | Time:00:00.01 | Mem:1.00M, Peak:1.01M | Scene, ViewLayer | Updating Camera Volume
Fra:161 Mem:17.48M (Peak 59.57M) | Time:00:00.01 | Mem:1.00M, Peak:1.01M | Scene, ViewLayer | Updating Lookup Tables
Fra:161 Mem:17.48M (Peak 59.57M) | Time:00:00.01 | Mem:1.08M, Peak:1.08M | Scene, ViewLayer | Updating Lights
Fra:161 Mem:17.48M (Peak 59.57M) | Time:00:00.01 | Mem:1.08M, Peak:1.08M | Scene, ViewLayer | Updating Lights | Computing tree
Fra:161 Mem:17.99M (Peak 59.57M) | Time:00:00.02 | Mem:1.59M, Peak:1.59M | Scene, ViewLayer | Updating Integrator
Fra:161 Mem:17.99M (Peak 59.57M) | Time:00:00.02 | Mem:1.59M, Peak:1.59M | Scene, ViewLayer | Updating Film
Fra:161 Mem:17.99M (Peak 59.57M) | Time:00:00.02 | Mem:1.51M, Peak:1.59M | Scene, ViewLayer | Updating Lookup Tables
Fra:161 Mem:17.99M (Peak 59.57M) | Time:00:00.02 | Mem:1.59M, Peak:1.59M | Scene, ViewLayer | Updating Baking
Fra:161 Mem:17.99M (Peak 59.57M) | Time:00:00.02 | Mem:1.59M, Peak:1.59M | Scene, ViewLayer | Updating Device | Writing constant memory
Fra:161 Mem:17.99M (Peak 59.57M) | Time:00:00.02 | Mem:1.59M, Peak:1.59M | Scene, ViewLayer | Sample 0/32
Fra:161 Mem:35.83M (Peak 59.57M) | Time:00:00.43 | Remaining:00:12.58 | Mem:19.39M, Peak:19.39M | Scene, ViewLayer | Sample 1/32
Fra:161 Mem:43.74M (Peak 59.57M) | Time:00:12.93 | Mem:19.39M, Peak:19.39M | Scene, ViewLayer | Sample 32/32
Fra:161 Mem:43.74M (Peak 59.57M) | Time:00:12.93 | Mem:19.39M, Peak:19.39M | Scene, ViewLayer | Finished
Saved: '/home/runner/work/chaosim/chaosim/outputs/renders/paper_to_cloth_frames/frame_0161.png'
Time: 00:12.98 (Saving: 00:00.05)

Fra:162 Mem:22.41M (Peak 59.57M) | Time:00:00.00 | Mem:0.00M, Peak:0.00M | Scene, ViewLayer | Synchronizing object | ClothKey
Fra:162 Mem:22.42M (Peak 59.57M) | Time:00:00.00 | Mem:0.00M, Peak:0.00M | Scene, ViewLayer | Synchronizing object | ClothRim
Fra:162 Mem:22.42M (Peak 59.57M) | Time:00:00.00 | Mem:0.00M, Peak:0.00M | Scene, ViewLayer | Synchronizing object | Sheet
Fra:162 Mem:22.42M (Peak 59.57M) | Time:00:00.00 | Mem:0.00M, Peak:0.00M | Scene, ViewLayer | Synchronizing object | FacesLabel
Fra:162 Mem:22.58M (Peak 59.57M) | Time:00:00.00 | Mem:0.00M, Peak:0.00M | Scene, ViewLayer | Synchronizing object | GlassSphere
Fra:162 Mem:23.20M (Peak 59.57M) | Time:00:00.00 | Mem:0.00M, Peak:0.00M | Scene, ViewLayer | Initializing
Fra:162 Mem:17.03M (Peak 59.57M) | Time:00:00.00 | Mem:0.00M, Peak:0.00M | Scene, ViewLayer | Waiting for render to start
Fra:162 Mem:17.03M (Peak 59.57M) | Time:00:00.00 | Mem:0.00M, Peak:0.00M | Scene, ViewLayer | Updating Scene
Fra:162 Mem:17.03M (Peak 59.57M) | Time:00:00.00 | Mem:0.00M, Peak:0.00M | Scene, ViewLayer | Updating Shaders
Fra:162 Mem:17.03M (Peak 59.57M) | Time:00:00.00 | Mem:0.00M, Peak:0.00M | Scene, ViewLayer | Loading render kernels (may take a few minutes the first time)
Fra:162 Mem:17.11M (Peak 59.57M) | Time:00:00.00 | Mem:0.00M, Peak:0.00M | Scene, ViewLayer | Updating Procedurals
Fra:162 Mem:17.11M (Peak 59.57M) | Time:00:00.00 | Mem:0.00M, Peak:0.00M | Scene, ViewLayer | Updating Background
Fra:162 Mem:17.11M (Peak 59.57M) | Time:00:00.00 | Mem:0.00M, Peak:0.00M | Scene, ViewLayer | Updating Camera
Fra:162 Mem:17.11M (Peak 59.57M) | Time:00:00.00 | Mem:0.00M, Peak:0.00M | Scene, ViewLayer | Updating Meshes Flags
Fra:162 Mem:17.11M (Peak 59.57M) | Time:00:00.00 | Mem:0.00M, Peak:0.00M | Scene, ViewLayer | Updating Objects
Fra:162 Mem:17.11M (Peak 59.57M) | Time:00:00.00 | Mem:0.00M, Peak:0.00M | Scene, ViewLayer | Updating Objects | Copying Transformations to device
Fra:162 Mem:17.12M (Peak 59.57M) | Time:00:00.00 | Mem:0.01M, Peak:0.01M | Scene, ViewLayer | Updating Particle Systems
Fra:162 Mem:17.12M (Peak 59.57M) | Time:00:00.00 | Mem:0.01M, Peak:0.01M | Scene, ViewLayer | Updating Particle Systems | Copying Particles to device
Fra:162 Mem:17.12M (Peak 59.57M) | Time:00:00.00 | Mem:0.01M, Peak:0.01M | Scene, ViewLayer | Updating Meshes
Fra:162 Mem:17.12M (Peak 59.57M) | Time:00:00.00 | Mem:0.01M, Peak:0.01M | Scene, ViewLayer | Updating Objects | Applying Static Transformations
Fra:162 Mem:17.12M (Peak 59.57M) | Time:00:00.00 | Mem:0.01M, Peak:0.01M | Scene, ViewLayer | Updating Mesh | Computing attributes
Fra:162 Mem:17.19M (Peak 59.57M) | Time:00:00.00 | Mem:0.01M, Peak:0.01M | Scene, ViewLayer | Updating Mesh | Copying Attributes to device
Fra:162 Mem:17.19M (Peak 59.57M) | Time:00:00.00 | Mem:0.08M, Peak:0.08M | Scene, ViewLayer | Updating Scene BVH | Building
Fra:162 Mem:17.19M (Peak 59.57M) | Time:00:00.00 | Mem:0.08M, Peak:0.08M | Scene, ViewLayer | Updating Scene BVH | Building BVH
Fra:162 Mem:17.19M (Peak 59.57M) | Time:00:00.01 | Mem:0.38M, Peak:0.38M | Scene, ViewLayer | Updating Scene BVH | Building BVH 0%
Fra:162 Mem:17.19M (Peak 59.57M) | Time:00:00.01 | Mem:0.71M, Peak:1.01M | Scene, ViewLayer | Updating Scene BVH | Copying BVH to device
Fra:162 Mem:17.19M (Peak 59.57M) | Time:00:00.01 | Mem:0.71M, Peak:1.01M | Scene, ViewLayer | Updating Mesh | Computing normals
Fra:162 Mem:17.48M (Peak 59.57M) | Time:00:00.01 | Mem:0.71M, Peak:1.01M | Scene, ViewLayer | Updating Mesh | Copying Mesh to device
Fra:162 Mem:17.48M (Peak 59.57M) | Time:00:00.01 | Mem:1.00M, Peak:1.01M | Scene, ViewLayer | Updating Objects Flags
Fra:162 Mem:17.48M (Peak 59.57M) | Time:00:00.01 | Mem:1.00M, Peak:1.01M | Scene, ViewLayer | Updating Primitive Offsets
Fra:162 Mem:17.48M (Peak 59.57M) | Time:00:00.01 | Mem:1.00M, Peak:1.01M | Scene, ViewLayer | Updating Images
Fra:162 Mem:17.48M (Peak 59.57M) | Time:00:00.01 | Mem:1.00M, Peak:1.01M | Scene, ViewLayer | Updating Camera Volume
Fra:162 Mem:17.48M (Peak 59.57M) | Time:00:00.01 | Mem:1.00M, Peak:1.01M | Scene, ViewLayer | Updating Lookup Tables
Fra:162 Mem:17.48M (Peak 59.57M) | Time:00:00.01 | Mem:1.08M, Peak:1.08M | Scene, ViewLayer | Updating Lights
Fra:162 Mem:17.48M (Peak 59.57M) | Time:00:00.01 | Mem:1.08M, Peak:1.08M | Scene, ViewLayer | Updating Lights | Computing tree
Fra:162 Mem:17.99M (Peak 59.57M) | Time:00:00.02 | Mem:1.59M, Peak:1.59M | Scene, ViewLayer | Updating Integrator
Fra:162 Mem:17.99M (Peak 59.57M) | Time:00:00.02 | Mem:1.59M, Peak:1.59M | Scene, ViewLayer | Updating Film
Fra:162 Mem:17.99M (Peak 59.57M) | Time:00:00.02 | Mem:1.51M, Peak:1.59M | Scene, ViewLayer | Updating Lookup Tables
Fra:162 Mem:17.99M (Peak 59.57M) | Time:00:00.02 | Mem:1.59M, Peak:1.59M | Scene, ViewLayer | Updating Baking
Fra:162 Mem:17.99M (Peak 59.57M) | Time:00:00.02 | Mem:1.59M, Peak:1.59M | Scene, ViewLayer | Updating Device | Writing constant memory
Fra:162 Mem:17.99M (Peak 59.57M) | Time:00:00.02 | Mem:1.59M, Peak:1.59M | Scene, ViewLayer | Sample 0/32
Fra:162 Mem:35.83M (Peak 59.57M) | Time:00:00.41 | Remaining:00:11.96 | Mem:19.39M, Peak:19.39M | Scene, ViewLayer | Sample 1/32
Fra:162 Mem:43.74M (Peak 59.57M) | Time:00:12.49 | Mem:19.39M, Peak:19.39M | Scene, ViewLayer | Sample 32/32
Fra:162 Mem:43.74M (Peak 59.57M) | Time:00:12.49 | Mem:19.39M, Peak:19.39M | Scene, ViewLayer | Finished
Saved: '/home/runner/work/chaosim/chaosim/outputs/renders/paper_to_cloth_frames/frame_0162.png'
Time: 00:12.55 (Saving: 00:00.05)

Fra:163 Mem:22.41M (Peak 59.57M) | Time:00:00.00 | Mem:0.00M, Peak:0.00M | Scene, ViewLayer | Synchronizing object | ClothKey
Fra:163 Mem:22.42M (Peak 59.57M) | Time:00:00.00 | Mem:0.00M, Peak:0.00M | Scene, ViewLayer | Synchronizing object | ClothRim
Fra:163 Mem:22.42M (Peak 59.57M) | Time:00:00.00 | Mem:0.00M, Peak:0.00M | Scene, ViewLayer | Synchronizing object | Rod
Fra:163 Mem:22.42M (Peak 59.57M) | Time:00:00.00 | Mem:0.00M, Peak:0.00M | Scene, ViewLayer | Synchronizing object | Sheet
Fra:163 Mem:22.42M (Peak 59.57M) | Time:00:00.00 | Mem:0.00M, Peak:0.00M | Scene, ViewLayer | Synchronizing object | FacesLabel
Fra:163 Mem:22.47M (Peak 59.57M) | Time:00:00.00 | Mem:0.00M, Peak:0.00M | Scene, ViewLayer | Synchronizing object | GlassSphere
Fra:163 Mem:23.20M (Peak 59.57M) | Time:00:00.00 | Mem:0.00M, Peak:0.00M | Scene, ViewLayer | Initializing
Fra:163 Mem:17.03M (Peak 59.57M) | Time:00:00.00 | Mem:0.00M, Peak:0.00M | Scene, ViewLayer | Waiting for render to start
Fra:163 Mem:17.03M (Peak 59.57M) | Time:00:00.00 | Mem:0.00M, Peak:0.00M | Scene, ViewLayer | Updating Scene
Fra:163 Mem:17.03M (Peak 59.57M) | Time:00:00.00 | Mem:0.00M, Peak:0.00M | Scene, ViewLayer | Updating Shaders
Fra:163 Mem:17.03M (Peak 59.57M) | Time:00:00.00 | Mem:0.00M, Peak:0.00M | Scene, ViewLayer | Loading render kernels (may take a few minutes the first time)
Fra:163 Mem:17.11M (Peak 59.57M) | Time:00:00.01 | Mem:0.00M, Peak:0.00M | Scene, ViewLayer | Updating Procedurals
Fra:163 Mem:17.11M (Peak 59.57M) | Time:00:00.01 | Mem:0.00M, Peak:0.00M | Scene, ViewLayer | Updating Background
Fra:163 Mem:17.11M (Peak 59.57M) | Time:00:00.01 | Mem:0.00M, Peak:0.00M | Scene, ViewLayer | Updating Camera
Fra:163 Mem:17.11M (Peak 59.57M) | Time:00:00.01 | Mem:0.00M, Peak:0.00M | Scene, ViewLayer | Updating Meshes Flags
Fra:163 Mem:17.11M (Peak 59.57M) | Time:00:00.01 | Mem:0.00M, Peak:0.00M | Scene, ViewLayer | Updating Objects
Fra:163 Mem:17.11M (Peak 59.57M) | Time:00:00.01 | Mem:0.00M, Peak:0.00M | Scene, ViewLayer | Updating Objects | Copying Transformations to device
Fra:163 Mem:17.12M (Peak 59.57M) | Time:00:00.01 | Mem:0.01M, Peak:0.01M | Scene, ViewLayer | Updating Particle Systems
Fra:163 Mem:17.12M (Peak 59.57M) | Time:00:00.01 | Mem:0.01M, Peak:0.01M | Scene, ViewLayer | Updating Particle Systems | Copying Particles to device
Fra:163 Mem:17.12M (Peak 59.57M) | Time:00:00.01 | Mem:0.01M, Peak:0.01M | Scene, ViewLayer | Updating Meshes
Fra:163 Mem:17.12M (Peak 59.57M) | Time:00:00.01 | Mem:0.01M, Peak:0.01M | Scene, ViewLayer | Updating Objects | Applying Static Transformations
Fra:163 Mem:17.12M (Peak 59.57M) | Time:00:00.01 | Mem:0.01M, Peak:0.01M | Scene, ViewLayer | Updating Mesh | Computing attributes
Fra:163 Mem:17.19M (Peak 59.57M) | Time:00:00.01 | Mem:0.01M, Peak:0.01M | Scene, ViewLayer | Updating Mesh | Copying Attributes to device
Fra:163 Mem:17.19M (Peak 59.57M) | Time:00:00.01 | Mem:0.08M, Peak:0.08M | Scene, ViewLayer | Updating Scene BVH | Building
Fra:163 Mem:17.19M (Peak 59.57M) | Time:00:00.01 | Mem:0.08M, Peak:0.08M | Scene, ViewLayer | Updating Scene BVH | Building BVH
Fra:163 Mem:17.19M (Peak 59.57M) | Time:00:00.01 | Mem:0.38M, Peak:0.38M | Scene, ViewLayer | Updating Scene BVH | Building BVH 0%
Fra:163 Mem:17.19M (Peak 59.57M) | Time:00:00.01 | Mem:0.71M, Peak:1.01M | Scene, ViewLayer | Updating Scene BVH | Copying BVH to device
Fra:163 Mem:17.19M (Peak 59.57M) | Time:00:00.01 | Mem:0.71M, Peak:1.01M | Scene, ViewLayer | Updating Mesh | Computing normals
Fra:163 Mem:17.48M (Peak 59.57M) | Time:00:00.01 | Mem:0.71M, Peak:1.01M | Scene, ViewLayer | Updating Mesh | Copying Mesh to device
Fra:163 Mem:17.48M (Peak 59.57M) | Time:00:00.01 | Mem:1.00M, Peak:1.01M | Scene, ViewLayer | Updating Objects Flags
Fra:163 Mem:17.48M (Peak 59.57M) | Time:00:00.01 | Mem:1.00M, Peak:1.01M | Scene, ViewLayer | Updating Primitive Offsets
Fra:163 Mem:17.48M (Peak 59.57M) | Time:00:00.01 | Mem:1.00M, Peak:1.01M | Scene, ViewLayer | Updating Images
Fra:163 Mem:17.48M (Peak 59.57M) | Time:00:00.01 | Mem:1.00M, Peak:1.01M | Scene, ViewLayer | Updating Camera Volume
Fra:163 Mem:17.48M (Peak 59.57M) | Time:00:00.01 | Mem:1.00M, Peak:1.01M | Scene, ViewLayer | Updating Lookup Tables
Fra:163 Mem:17.48M (Peak 59.57M) | Time:00:00.01 | Mem:1.08M, Peak:1.08M | Scene, ViewLayer | Updating Lights
Fra:163 Mem:17.48M (Peak 59.57M) | Time:00:00.01 | Mem:1.08M, Peak:1.08M | Scene, ViewLayer | Updating Lights | Computing tree
Fra:163 Mem:17.99M (Peak 59.57M) | Time:00:00.02 | Mem:1.59M, Peak:1.59M | Scene, ViewLayer | Updating Integrator
Fra:163 Mem:17.99M (Peak 59.57M) | Time:00:00.02 | Mem:1.59M, Peak:1.59M | Scene, ViewLayer | Updating Film
Fra:163 Mem:17.99M (Peak 59.57M) | Time:00:00.02 | Mem:1.51M, Peak:1.59M | Scene, ViewLayer | Updating Lookup Tables
Fra:163 Mem:17.99M (Peak 59.57M) | Time:00:00.02 | Mem:1.59M, Peak:1.59M | Scene, ViewLayer | Updating Baking
Fra:163 Mem:17.99M (Peak 59.57M) | Time:00:00.02 | Mem:1.59M, Peak:1.59M | Scene, ViewLayer | Updating Device | Writing constant memory
Fra:163 Mem:17.99M (Peak 59.57M) | Time:00:00.02 | Mem:1.59M, Peak:1.59M | Scene, ViewLayer | Sample 0/32
Fra:163 Mem:35.83M (Peak 59.57M) | Time:00:00.40 | Remaining:00:11.65 | Mem:19.39M, Peak:19.39M | Scene, ViewLayer | Sample 1/32
Fra:163 Mem:43.74M (Peak 59.57M) | Time:00:12.15 | Mem:19.39M, Peak:19.39M | Scene, ViewLayer | Sample 32/32
Fra:163 Mem:43.74M (Peak 59.57M) | Time:00:12.15 | Mem:19.39M, Peak:19.39M | Scene, ViewLayer | Finished
Saved: '/home/runner/work/chaosim/chaosim/outputs/renders/paper_to_cloth_frames/frame_0163.png'
Time: 00:12.20 (Saving: 00:00.05)

Fra:164 Mem:22.41M (Peak 59.57M) | Time:00:00.00 | Mem:0.00M, Peak:0.00M | Scene, ViewLayer | Synchronizing object | ClothKey
Fra:164 Mem:22.42M (Peak 59.57M) | Time:00:00.00 | Mem:0.00M, Peak:0.00M | Scene, ViewLayer | Synchronizing object | ClothRim
Fra:164 Mem:22.42M (Peak 59.57M) | Time:00:00.00 | Mem:0.00M, Peak:0.00M | Scene, ViewLayer | Synchronizing object | Rod
Fra:164 Mem:22.42M (Peak 59.57M) | Time:00:00.00 | Mem:0.00M, Peak:0.00M | Scene, ViewLayer | Synchronizing object | Sheet
Fra:164 Mem:22.42M (Peak 59.57M) | Time:00:00.00 | Mem:0.00M, Peak:0.00M | Scene, ViewLayer | Synchronizing object | FacesLabel
Fra:164 Mem:22.47M (Peak 59.57M) | Time:00:00.00 | Mem:0.00M, Peak:0.00M | Scene, ViewLayer | Synchronizing object | GlassSphere
Fra:164 Mem:23.20M (Peak 59.57M) | Time:00:00.00 | Mem:0.00M, Peak:0.00M | Scene, ViewLayer | Initializing
Fra:164 Mem:17.03M (Peak 59.57M) | Time:00:00.00 | Mem:0.00M, Peak:0.00M | Scene, ViewLayer | Waiting for render to start
Fra:164 Mem:17.03M (Peak 59.57M) | Time:00:00.00 | Mem:0.00M, Peak:0.00M | Scene, ViewLayer | Updating Scene
Fra:164 Mem:17.03M (Peak 59.57M) | Time:00:00.00 | Mem:0.00M, Peak:0.00M | Scene, ViewLayer | Updating Shaders
Fra:164 Mem:17.03M (Peak 59.57M) | Time:00:00.00 | Mem:0.00M, Peak:0.00M | Scene, ViewLayer | Loading render kernels (may take a few minutes the first time)
Fra:164 Mem:17.11M (Peak 59.57M) | Time:00:00.01 | Mem:0.00M, Peak:0.00M | Scene, ViewLayer | Updating Procedurals
Fra:164 Mem:17.11M (Peak 59.57M) | Time:00:00.01 | Mem:0.00M, Peak:0.00M | Scene, ViewLayer | Updating Background
Fra:164 Mem:17.11M (Peak 59.57M) | Time:00:00.01 | Mem:0.00M, Peak:0.00M | Scene, ViewLayer | Updating Camera
Fra:164 Mem:17.11M (Peak 59.57M) | Time:00:00.01 | Mem:0.00M, Peak:0.00M | Scene, ViewLayer | Updating Meshes Flags
Fra:164 Mem:17.11M (Peak 59.57M) | Time:00:00.01 | Mem:0.00M, Peak:0.00M | Scene, ViewLayer | Updating Objects
Fra:164 Mem:17.11M (Peak 59.57M) | Time:00:00.01 | Mem:0.00M, Peak:0.00M | Scene, ViewLayer | Updating Objects | Copying Transformations to device
Fra:164 Mem:17.12M (Peak 59.57M) | Time:00:00.01 | Mem:0.01M, Peak:0.01M | Scene, ViewLayer | Updating Particle Systems
Fra:164 Mem:17.12M (Peak 59.57M) | Time:00:00.01 | Mem:0.01M, Peak:0.01M | Scene, ViewLayer | Updating Particle Systems | Copying Particles to device
Fra:164 Mem:17.12M (Peak 59.57M) | Time:00:00.01 | Mem:0.01M, Peak:0.01M | Scene, ViewLayer | Updating Meshes
Fra:164 Mem:17.12M (Peak 59.57M) | Time:00:00.01 | Mem:0.01M, Peak:0.01M | Scene, ViewLayer | Updating Objects | Applying Static Transformations
Fra:164 Mem:17.12M (Peak 59.57M) | Time:00:00.01 | Mem:0.01M, Peak:0.01M | Scene, ViewLayer | Updating Mesh | Computing attributes
Fra:164 Mem:17.19M (Peak 59.57M) | Time:00:00.01 | Mem:0.01M, Peak:0.01M | Scene, ViewLayer | Updating Mesh | Copying Attributes to device
Fra:164 Mem:17.19M (Peak 59.57M) | Time:00:00.01 | Mem:0.08M, Peak:0.08M | Scene, ViewLayer | Updating Scene BVH | Building
Fra:164 Mem:17.19M (Peak 59.57M) | Time:00:00.01 | Mem:0.08M, Peak:0.08M | Scene, ViewLayer | Updating Scene BVH | Building BVH
Fra:164 Mem:17.19M (Peak 59.57M) | Time:00:00.01 | Mem:0.38M, Peak:0.38M | Scene, ViewLayer | Updating Scene BVH | Building BVH 0%
Fra:164 Mem:17.19M (Peak 59.57M) | Time:00:00.01 | Mem:0.71M, Peak:1.01M | Scene, ViewLayer | Updating Scene BVH | Copying BVH to device
Fra:164 Mem:17.19M (Peak 59.57M) | Time:00:00.01 | Mem:0.71M, Peak:1.01M | Scene, ViewLayer | Updating Mesh | Computing normals
Fra:164 Mem:17.48M (Peak 59.57M) | Time:00:00.01 | Mem:0.71M, Peak:1.01M | Scene, ViewLayer | Updating Mesh | Copying Mesh to device
Fra:164 Mem:17.48M (Peak 59.57M) | Time:00:00.01 | Mem:1.00M, Peak:1.01M | Scene, ViewLayer | Updating Objects Flags
Fra:164 Mem:17.48M (Peak 59.57M) | Time:00:00.01 | Mem:1.00M, Peak:1.01M | Scene, ViewLayer | Updating Primitive Offsets
Fra:164 Mem:17.48M (Peak 59.57M) | Time:00:00.01 | Mem:1.00M, Peak:1.01M | Scene, ViewLayer | Updating Images
Fra:164 Mem:17.48M (Peak 59.57M) | Time:00:00.01 | Mem:1.00M, Peak:1.01M | Scene, ViewLayer | Updating Camera Volume
Fra:164 Mem:17.48M (Peak 59.57M) | Time:00:00.01 | Mem:1.00M, Peak:1.01M | Scene, ViewLayer | Updating Lookup Tables
Fra:164 Mem:17.48M (Peak 59.57M) | Time:00:00.01 | Mem:1.08M, Peak:1.08M | Scene, ViewLayer | Updating Lights
Fra:164 Mem:17.48M (Peak 59.57M) | Time:00:00.01 | Mem:1.08M, Peak:1.08M | Scene, ViewLayer | Updating Lights | Computing tree
Fra:164 Mem:17.99M (Peak 59.57M) | Time:00:00.02 | Mem:1.59M, Peak:1.59M | Scene, ViewLayer | Updating Integrator
Fra:164 Mem:17.99M (Peak 59.57M) | Time:00:00.02 | Mem:1.59M, Peak:1.59M | Scene, ViewLayer | Updating Film
Fra:164 Mem:17.99M (Peak 59.57M) | Time:00:00.02 | Mem:1.51M, Peak:1.59M | Scene, ViewLayer | Updating Lookup Tables
Fra:164 Mem:17.99M (Peak 59.57M) | Time:00:00.02 | Mem:1.59M, Peak:1.59M | Scene, ViewLayer | Updating Baking
Fra:164 Mem:17.99M (Peak 59.57M) | Time:00:00.02 | Mem:1.59M, Peak:1.59M | Scene, ViewLayer | Updating Device | Writing constant memory
Fra:164 Mem:17.99M (Peak 59.57M) | Time:00:00.02 | Mem:1.59M, Peak:1.59M | Scene, ViewLayer | Sample 0/32
Fra:164 Mem:35.83M (Peak 59.57M) | Time:00:00.39 | Remaining:00:11.47 | Mem:19.39M, Peak:19.39M | Scene, ViewLayer | Sample 1/32
Fra:164 Mem:43.74M (Peak 59.57M) | Time:00:11.85 | Mem:19.39M, Peak:19.39M | Scene, ViewLayer | Sample 32/32
Fra:164 Mem:43.74M (Peak 59.57M) | Time:00:11.85 | Mem:19.39M, Peak:19.39M | Scene, ViewLayer | Finished
Saved: '/home/runner/work/chaosim/chaosim/outputs/renders/paper_to_cloth_frames/frame_0164.png'
Time: 00:11.90 (Saving: 00:00.05)

Fra:165 Mem:22.41M (Peak 59.57M) | Time:00:00.00 | Mem:0.00M, Peak:0.00M | Scene, ViewLayer | Synchronizing object | ClothKey
Fra:165 Mem:22.42M (Peak 59.57M) | Time:00:00.00 | Mem:0.00M, Peak:0.00M | Scene, ViewLayer | Synchronizing object | ClothRim
Fra:165 Mem:22.42M (Peak 59.57M) | Time:00:00.00 | Mem:0.00M, Peak:0.00M | Scene, ViewLayer | Synchronizing object | FacesLabel
Fra:165 Mem:22.42M (Peak 59.57M) | Time:00:00.00 | Mem:0.00M, Peak:0.00M | Scene, ViewLayer | Synchronizing object | Sheet
Fra:165 Mem:22.59M (Peak 59.57M) | Time:00:00.00 | Mem:0.00M, Peak:0.00M | Scene, ViewLayer | Synchronizing object | GlassSphere
Fra:165 Mem:23.20M (Peak 59.57M) | Time:00:00.00 | Mem:0.00M, Peak:0.00M | Scene, ViewLayer | Initializing
Fra:165 Mem:17.03M (Peak 59.57M) | Time:00:00.00 | Mem:0.00M, Peak:0.00M | Scene, ViewLayer | Waiting for render to start
Fra:165 Mem:17.03M (Peak 59.57M) | Time:00:00.00 | Mem:0.00M, Peak:0.00M | Scene, ViewLayer | Updating Scene
Fra:165 Mem:17.03M (Peak 59.57M) | Time:00:00.00 | Mem:0.00M, Peak:0.00M | Scene, ViewLayer | Updating Shaders
Fra:165 Mem:17.03M (Peak 59.57M) | Time:00:00.00 | Mem:0.00M, Peak:0.00M | Scene, ViewLayer | Loading render kernels (may take a few minutes the first time)
Fra:165 Mem:17.11M (Peak 59.57M) | Time:00:00.00 | Mem:0.00M, Peak:0.00M | Scene, ViewLayer | Updating Procedurals
Fra:165 Mem:17.11M (Peak 59.57M) | Time:00:00.00 | Mem:0.00M, Peak:0.00M | Scene, ViewLayer | Updating Background
Fra:165 Mem:17.11M (Peak 59.57M) | Time:00:00.00 | Mem:0.00M, Peak:0.00M | Scene, ViewLayer | Updating Camera
Fra:165 Mem:17.11M (Peak 59.57M) | Time:00:00.00 | Mem:0.00M, Peak:0.00M | Scene, ViewLayer | Updating Meshes Flags
Fra:165 Mem:17.11M (Peak 59.57M) | Time:00:00.00 | Mem:0.00M, Peak:0.00M | Scene, ViewLayer | Updating Objects
Fra:165 Mem:17.11M (Peak 59.57M) | Time:00:00.00 | Mem:0.00M, Peak:0.00M | Scene, ViewLayer | Updating Objects | Copying Transformations to device
Fra:165 Mem:17.12M (Peak 59.57M) | Time:00:00.00 | Mem:0.01M, Peak:0.01M | Scene, ViewLayer | Updating Particle Systems
Fra:165 Mem:17.12M (Peak 59.57M) | Time:00:00.00 | Mem:0.01M, Peak:0.01M | Scene, ViewLayer | Updating Particle Systems | Copying Particles to device
Fra:165 Mem:17.12M (Peak 59.57M) | Time:00:00.00 | Mem:0.01M, Peak:0.01M | Scene, ViewLayer | Updating Meshes
Fra:165 Mem:17.12M (Peak 59.57M) | Time:00:00.00 | Mem:0.01M, Peak:0.01M | Scene, ViewLayer | Updating Objects | Applying Static Transformations
Fra:165 Mem:17.12M (Peak 59.57M) | Time:00:00.00 | Mem:0.01M, Peak:0.01M | Scene, ViewLayer | Updating Mesh | Computing attributes
Fra:165 Mem:17.19M (Peak 59.57M) | Time:00:00.00 | Mem:0.01M, Peak:0.01M | Scene, ViewLayer | Updating Mesh | Copying Attributes to device
Fra:165 Mem:17.19M (Peak 59.57M) | Time:00:00.01 | Mem:0.08M, Peak:0.08M | Scene, ViewLayer | Updating Scene BVH | Building
Fra:165 Mem:17.19M (Peak 59.57M) | Time:00:00.01 | Mem:0.08M, Peak:0.08M | Scene, ViewLayer | Updating Scene BVH | Building BVH
Fra:165 Mem:17.19M (Peak 59.57M) | Time:00:00.01 | Mem:0.38M, Peak:0.38M | Scene, ViewLayer | Updating Scene BVH | Building BVH 0%
Fra:165 Mem:17.19M (Peak 59.57M) | Time:00:00.01 | Mem:0.71M, Peak:1.01M | Scene, ViewLayer | Updating Scene BVH | Copying BVH to device
Fra:165 Mem:17.19M (Peak 59.57M) | Time:00:00.01 | Mem:0.71M, Peak:1.01M | Scene, ViewLayer | Updating Mesh | Computing normals
Fra:165 Mem:17.48M (Peak 59.57M) | Time:00:00.01 | Mem:0.71M, Peak:1.01M | Scene, ViewLayer | Updating Mesh | Copying Mesh to device
Fra:165 Mem:17.48M (Peak 59.57M) | Time:00:00.01 | Mem:1.00M, Peak:1.01M | Scene, ViewLayer | Updating Objects Flags
Fra:165 Mem:17.48M (Peak 59.57M) | Time:00:00.01 | Mem:1.00M, Peak:1.01M | Scene, ViewLayer | Updating Primitive Offsets
Fra:165 Mem:17.48M (Peak 59.57M) | Time:00:00.01 | Mem:1.00M, Peak:1.01M | Scene, ViewLayer | Updating Images
Fra:165 Mem:17.48M (Peak 59.57M) | Time:00:00.01 | Mem:1.00M, Peak:1.01M | Scene, ViewLayer | Updating Camera Volume
Fra:165 Mem:17.48M (Peak 59.57M) | Time:00:00.01 | Mem:1.00M, Peak:1.01M | Scene, ViewLayer | Updating Lookup Tables
Fra:165 Mem:17.48M (Peak 59.57M) | Time:00:00.01 | Mem:1.08M, Peak:1.08M | Scene, ViewLayer | Updating Lights
Fra:165 Mem:17.48M (Peak 59.57M) | Time:00:00.01 | Mem:1.08M, Peak:1.08M | Scene, ViewLayer | Updating Lights | Computing tree
Fra:165 Mem:17.99M (Peak 59.57M) | Time:00:00.02 | Mem:1.59M, Peak:1.59M | Scene, ViewLayer | Updating Integrator
Fra:165 Mem:17.99M (Peak 59.57M) | Time:00:00.02 | Mem:1.59M, Peak:1.59M | Scene, ViewLayer | Updating Film
Fra:165 Mem:17.99M (Peak 59.57M) | Time:00:00.02 | Mem:1.51M, Peak:1.59M | Scene, ViewLayer | Updating Lookup Tables
Fra:165 Mem:17.99M (Peak 59.57M) | Time:00:00.02 | Mem:1.59M, Peak:1.59M | Scene, ViewLayer | Updating Baking
Fra:165 Mem:17.99M (Peak 59.57M) | Time:00:00.02 | Mem:1.59M, Peak:1.59M | Scene, ViewLayer | Updating Device | Writing constant memory
Fra:165 Mem:17.99M (Peak 59.57M) | Time:00:00.02 | Mem:1.59M, Peak:1.59M | Scene, ViewLayer | Sample 0/32
Fra:165 Mem:35.83M (Peak 59.57M) | Time:00:00.38 | Remaining:00:11.07 | Mem:19.39M, Peak:19.39M | Scene, ViewLayer | Sample 1/32
Fra:165 Mem:43.74M (Peak 59.57M) | Time:00:11.45 | Mem:19.39M, Peak:19.39M | Scene, ViewLayer | Sample 32/32
Fra:165 Mem:43.74M (Peak 59.57M) | Time:00:11.45 | Mem:19.39M, Peak:19.39M | Scene, ViewLayer | Finished
Saved: '/home/runner/work/chaosim/chaosim/outputs/renders/paper_to_cloth_frames/frame_0165.png'
Time: 00:11.50 (Saving: 00:00.05)

Fra:166 Mem:22.41M (Peak 59.57M) | Time:00:00.00 | Mem:0.00M, Peak:0.00M | Scene, ViewLayer | Synchronizing object | ClothKey
Fra:166 Mem:22.42M (Peak 59.57M) | Time:00:00.00 | Mem:0.00M, Peak:0.00M | Scene, ViewLayer | Synchronizing object | ClothRim
Fra:166 Mem:22.42M (Peak 59.57M) | Time:00:00.00 | Mem:0.00M, Peak:0.00M | Scene, ViewLayer | Synchronizing object | FacesLabel
Fra:166 Mem:22.42M (Peak 59.57M) | Time:00:00.00 | Mem:0.00M, Peak:0.00M | Scene, ViewLayer | Synchronizing object | Sheet
Fra:166 Mem:22.91M (Peak 59.57M) | Time:00:00.00 | Mem:0.00M, Peak:0.00M | Scene, ViewLayer | Synchronizing object | GlassSphere
Fra:166 Mem:23.20M (Peak 59.57M) | Time:00:00.00 | Mem:0.00M, Peak:0.00M | Scene, ViewLayer | Initializing
Fra:166 Mem:17.03M (Peak 59.57M) | Time:00:00.00 | Mem:0.00M, Peak:0.00M | Scene, ViewLayer | Waiting for render to start
Fra:166 Mem:17.03M (Peak 59.57M) | Time:00:00.00 | Mem:0.00M, Peak:0.00M | Scene, ViewLayer | Updating Scene
Fra:166 Mem:17.03M (Peak 59.57M) | Time:00:00.00 | Mem:0.00M, Peak:0.00M | Scene, ViewLayer | Updating Shaders
Fra:166 Mem:17.03M (Peak 59.57M) | Time:00:00.00 | Mem:0.00M, Peak:0.00M | Scene, ViewLayer | Loading render kernels (may take a few minutes the first time)
Fra:166 Mem:17.11M (Peak 59.57M) | Time:00:00.00 | Mem:0.00M, Peak:0.00M | Scene, ViewLayer | Updating Procedurals
Fra:166 Mem:17.11M (Peak 59.57M) | Time:00:00.00 | Mem:0.00M, Peak:0.00M | Scene, ViewLayer | Updating Background
Fra:166 Mem:17.11M (Peak 59.57M) | Time:00:00.00 | Mem:0.00M, Peak:0.00M | Scene, ViewLayer | Updating Camera
Fra:166 Mem:17.11M (Peak 59.57M) | Time:00:00.00 | Mem:0.00M, Peak:0.00M | Scene, ViewLayer | Updating Meshes Flags
Fra:166 Mem:17.11M (Peak 59.57M) | Time:00:00.00 | Mem:0.00M, Peak:0.00M | Scene, ViewLayer | Updating Objects
Fra:166 Mem:17.11M (Peak 59.57M) | Time:00:00.00 | Mem:0.00M, Peak:0.00M | Scene, ViewLayer | Updating Objects | Copying Transformations to device
Fra:166 Mem:17.12M (Peak 59.57M) | Time:00:00.00 | Mem:0.01M, Peak:0.01M | Scene, ViewLayer | Updating Particle Systems
Fra:166 Mem:17.12M (Peak 59.57M) | Time:00:00.00 | Mem:0.01M, Peak:0.01M | Scene, ViewLayer | Updating Particle Systems | Copying Particles to device
Fra:166 Mem:17.12M (Peak 59.57M) | Time:00:00.00 | Mem:0.01M, Peak:0.01M | Scene, ViewLayer | Updating Meshes
Fra:166 Mem:17.12M (Peak 59.57M) | Time:00:00.00 | Mem:0.01M, Peak:0.01M | Scene, ViewLayer | Updating Objects | Applying Static Transformations
Fra:166 Mem:17.12M (Peak 59.57M) | Time:00:00.00 | Mem:0.01M, Peak:0.01M | Scene, ViewLayer | Updating Mesh | Computing attributes
Fra:166 Mem:17.19M (Peak 59.57M) | Time:00:00.00 | Mem:0.01M, Peak:0.01M | Scene, ViewLayer | Updating Mesh | Copying Attributes to device
Fra:166 Mem:17.19M (Peak 59.57M) | Time:00:00.00 | Mem:0.08M, Peak:0.08M | Scene, ViewLayer | Updating Scene BVH | Building
Fra:166 Mem:17.19M (Peak 59.57M) | Time:00:00.00 | Mem:0.08M, Peak:0.08M | Scene, ViewLayer | Updating Scene BVH | Building BVH
Fra:166 Mem:17.19M (Peak 59.57M) | Time:00:00.00 | Mem:0.38M, Peak:0.38M | Scene, ViewLayer | Updating Scene BVH | Building BVH 0%
Fra:166 Mem:17.19M (Peak 59.57M) | Time:00:00.01 | Mem:0.71M, Peak:1.01M | Scene, ViewLayer | Updating Scene BVH | Copying BVH to device
Fra:166 Mem:17.19M (Peak 59.57M) | Time:00:00.01 | Mem:0.71M, Peak:1.01M | Scene, ViewLayer | Updating Mesh | Computing normals
Fra:166 Mem:17.48M (Peak 59.57M) | Time:00:00.01 | Mem:0.71M, Peak:1.01M | Scene, ViewLayer | Updating Mesh | Copying Mesh to device
Fra:166 Mem:17.48M (Peak 59.57M) | Time:00:00.01 | Mem:1.00M, Peak:1.01M | Scene, ViewLayer | Updating Objects Flags
Fra:166 Mem:17.48M (Peak 59.57M) | Time:00:00.01 | Mem:1.00M, Peak:1.01M | Scene, ViewLayer | Updating Primitive Offsets
Fra:166 Mem:17.48M (Peak 59.57M) | Time:00:00.01 | Mem:1.00M, Peak:1.01M | Scene, ViewLayer | Updating Images
Fra:166 Mem:17.48M (Peak 59.57M) | Time:00:00.01 | Mem:1.00M, Peak:1.01M | Scene, ViewLayer | Updating Camera Volume
Fra:166 Mem:17.48M (Peak 59.57M) | Time:00:00.01 | Mem:1.00M, Peak:1.01M | Scene, ViewLayer | Updating Lookup Tables
Fra:166 Mem:17.48M (Peak 59.57M) | Time:00:00.01 | Mem:1.08M, Peak:1.08M | Scene, ViewLayer | Updating Lights
Fra:166 Mem:17.48M (Peak 59.57M) | Time:00:00.01 | Mem:1.08M, Peak:1.08M | Scene, ViewLayer | Updating Lights | Computing tree
Fra:166 Mem:17.99M (Peak 59.57M) | Time:00:00.02 | Mem:1.59M, Peak:1.59M | Scene, ViewLayer | Updating Integrator
Fra:166 Mem:17.99M (Peak 59.57M) | Time:00:00.02 | Mem:1.59M, Peak:1.59M | Scene, ViewLayer | Updating Film
Fra:166 Mem:17.99M (Peak 59.57M) | Time:00:00.02 | Mem:1.51M, Peak:1.59M | Scene, ViewLayer | Updating Lookup Tables
Fra:166 Mem:17.99M (Peak 59.57M) | Time:00:00.02 | Mem:1.59M, Peak:1.59M | Scene, ViewLayer | Updating Baking
Fra:166 Mem:17.99M (Peak 59.57M) | Time:00:00.02 | Mem:1.59M, Peak:1.59M | Scene, ViewLayer | Updating Device | Writing constant memory
Fra:166 Mem:17.99M (Peak 59.57M) | Time:00:00.02 | Mem:1.59M, Peak:1.59M | Scene, ViewLayer | Sample 0/32
Fra:166 Mem:35.83M (Peak 59.57M) | Time:00:00.37 | Remaining:00:10.70 | Mem:19.39M, Peak:19.39M | Scene, ViewLayer | Sample 1/32
Fra:166 Mem:43.74M (Peak 59.57M) | Time:00:11.08 | Mem:19.39M, Peak:19.39M | Scene, ViewLayer | Sample 32/32
Fra:166 Mem:43.74M (Peak 59.57M) | Time:00:11.08 | Mem:19.39M, Peak:19.39M | Scene, ViewLayer | Finished
Saved: '/home/runner/work/chaosim/chaosim/outputs/renders/paper_to_cloth_frames/frame_0166.png'
Time: 00:11.13 (Saving: 00:00.05)

Fra:167 Mem:22.41M (Peak 59.57M) | Time:00:00.00 | Mem:0.00M, Peak:0.00M | Scene, ViewLayer | Synchronizing object | ClothKey
Fra:167 Mem:22.42M (Peak 59.57M) | Time:00:00.00 | Mem:0.00M, Peak:0.00M | Scene, ViewLayer | Synchronizing object | ClothRim
Fra:167 Mem:22.42M (Peak 59.57M) | Time:00:00.00 | Mem:0.00M, Peak:0.00M | Scene, ViewLayer | Synchronizing object | Rod
Fra:167 Mem:22.42M (Peak 59.57M) | Time:00:00.00 | Mem:0.00M, Peak:0.00M | Scene, ViewLayer | Synchronizing object | Sheet
Fra:167 Mem:22.47M (Peak 59.57M) | Time:00:00.00 | Mem:0.00M, Peak:0.00M | Scene, ViewLayer | Synchronizing object | FacesLabel
Fra:167 Mem:22.47M (Peak 59.57M) | Time:00:00.00 | Mem:0.00M, Peak:0.00M | Scene, ViewLayer | Synchronizing object | GlassSphere
Fra:167 Mem:23.20M (Peak 59.57M) | Time:00:00.00 | Mem:0.00M, Peak:0.00M | Scene, ViewLayer | Initializing
Fra:167 Mem:17.03M (Peak 59.57M) | Time:00:00.00 | Mem:0.00M, Peak:0.00M | Scene, ViewLayer | Waiting for render to start
Fra:167 Mem:17.03M (Peak 59.57M) | Time:00:00.00 | Mem:0.00M, Peak:0.00M | Scene, ViewLayer | Updating Scene
Fra:167 Mem:17.03M (Peak 59.57M) | Time:00:00.00 | Mem:0.00M, Peak:0.00M | Scene, ViewLayer | Updating Shaders
Fra:167 Mem:17.03M (Peak 59.57M) | Time:00:00.00 | Mem:0.00M, Peak:0.00M | Scene, ViewLayer | Loading render kernels (may take a few minutes the first time)
Fra:167 Mem:17.11M (Peak 59.57M) | Time:00:00.01 | Mem:0.00M, Peak:0.00M | Scene, ViewLayer | Updating Procedurals
Fra:167 Mem:17.11M (Peak 59.57M) | Time:00:00.01 | Mem:0.00M, Peak:0.00M | Scene, ViewLayer | Updating Background
Fra:167 Mem:17.11M (Peak 59.57M) | Time:00:00.01 | Mem:0.00M, Peak:0.00M | Scene, ViewLayer | Updating Camera
Fra:167 Mem:17.11M (Peak 59.57M) | Time:00:00.01 | Mem:0.00M, Peak:0.00M | Scene, ViewLayer | Updating Meshes Flags
Fra:167 Mem:17.11M (Peak 59.57M) | Time:00:00.01 | Mem:0.00M, Peak:0.00M | Scene, ViewLayer | Updating Objects
Fra:167 Mem:17.11M (Peak 59.57M) | Time:00:00.01 | Mem:0.00M, Peak:0.00M | Scene, ViewLayer | Updating Objects | Copying Transformations to device
Fra:167 Mem:17.12M (Peak 59.57M) | Time:00:00.01 | Mem:0.01M, Peak:0.01M | Scene, ViewLayer | Updating Particle Systems
Fra:167 Mem:17.12M (Peak 59.57M) | Time:00:00.01 | Mem:0.01M, Peak:0.01M | Scene, ViewLayer | Updating Particle Systems | Copying Particles to device
Fra:167 Mem:17.12M (Peak 59.57M) | Time:00:00.01 | Mem:0.01M, Peak:0.01M | Scene, ViewLayer | Updating Meshes
Fra:167 Mem:17.12M (Peak 59.57M) | Time:00:00.01 | Mem:0.01M, Peak:0.01M | Scene, ViewLayer | Updating Objects | Applying Static Transformations
Fra:167 Mem:17.12M (Peak 59.57M) | Time:00:00.01 | Mem:0.01M, Peak:0.01M | Scene, ViewLayer | Updating Mesh | Computing attributes
Fra:167 Mem:17.19M (Peak 59.57M) | Time:00:00.01 | Mem:0.01M, Peak:0.01M | Scene, ViewLayer | Updating Mesh | Copying Attributes to device
Fra:167 Mem:17.19M (Peak 59.57M) | Time:00:00.01 | Mem:0.08M, Peak:0.08M | Scene, ViewLayer | Updating Scene BVH | Building
Fra:167 Mem:17.19M (Peak 59.57M) | Time:00:00.01 | Mem:0.08M, Peak:0.08M | Scene, ViewLayer | Updating Scene BVH | Building BVH
Fra:167 Mem:17.19M (Peak 59.57M) | Time:00:00.01 | Mem:0.38M, Peak:0.38M | Scene, ViewLayer | Updating Scene BVH | Building BVH 0%
Fra:167 Mem:17.19M (Peak 59.57M) | Time:00:00.01 | Mem:0.74M, Peak:1.04M | Scene, ViewLayer | Updating Scene BVH | Copying BVH to device
Fra:167 Mem:17.19M (Peak 59.57M) | Time:00:00.01 | Mem:0.74M, Peak:1.04M | Scene, ViewLayer | Updating Mesh | Computing normals
Fra:167 Mem:17.48M (Peak 59.57M) | Time:00:00.01 | Mem:0.74M, Peak:1.04M | Scene, ViewLayer | Updating Mesh | Copying Mesh to device
Fra:167 Mem:17.48M (Peak 59.57M) | Time:00:00.01 | Mem:1.03M, Peak:1.04M | Scene, ViewLayer | Updating Objects Flags
Fra:167 Mem:17.48M (Peak 59.57M) | Time:00:00.01 | Mem:1.03M, Peak:1.04M | Scene, ViewLayer | Updating Primitive Offsets
Fra:167 Mem:17.48M (Peak 59.57M) | Time:00:00.01 | Mem:1.03M, Peak:1.04M | Scene, ViewLayer | Updating Images
Fra:167 Mem:17.48M (Peak 59.57M) | Time:00:00.01 | Mem:1.03M, Peak:1.04M | Scene, ViewLayer | Updating Camera Volume
Fra:167 Mem:17.48M (Peak 59.57M) | Time:00:00.01 | Mem:1.03M, Peak:1.04M | Scene, ViewLayer | Updating Lookup Tables
Fra:167 Mem:17.48M (Peak 59.57M) | Time:00:00.01 | Mem:1.11M, Peak:1.11M | Scene, ViewLayer | Updating Lights
Fra:167 Mem:17.48M (Peak 59.57M) | Time:00:00.01 | Mem:1.11M, Peak:1.11M | Scene, ViewLayer | Updating Lights | Computing tree
Fra:167 Mem:17.99M (Peak 59.57M) | Time:00:00.02 | Mem:1.62M, Peak:1.62M | Scene, ViewLayer | Updating Integrator
Fra:167 Mem:17.99M (Peak 59.57M) | Time:00:00.02 | Mem:1.62M, Peak:1.62M | Scene, ViewLayer | Updating Film
Fra:167 Mem:17.99M (Peak 59.57M) | Time:00:00.02 | Mem:1.54M, Peak:1.62M | Scene, ViewLayer | Updating Lookup Tables
Fra:167 Mem:17.99M (Peak 59.57M) | Time:00:00.02 | Mem:1.62M, Peak:1.62M | Scene, ViewLayer | Updating Baking
Fra:167 Mem:17.99M (Peak 59.57M) | Time:00:00.02 | Mem:1.62M, Peak:1.62M | Scene, ViewLayer | Updating Device | Writing constant memory
Fra:167 Mem:17.99M (Peak 59.57M) | Time:00:00.02 | Mem:1.62M, Peak:1.62M | Scene, ViewLayer | Sample 0/32
Fra:167 Mem:35.83M (Peak 59.57M) | Time:00:00.35 | Remaining:00:10.26 | Mem:19.42M, Peak:19.42M | Scene, ViewLayer | Sample 1/32
Fra:167 Mem:43.74M (Peak 59.57M) | Time:00:10.72 | Mem:19.42M, Peak:19.42M | Scene, ViewLayer | Sample 32/32
Fra:167 Mem:43.74M (Peak 59.57M) | Time:00:10.72 | Mem:19.42M, Peak:19.42M | Scene, ViewLayer | Finished
Saved: '/home/runner/work/chaosim/chaosim/outputs/renders/paper_to_cloth_frames/frame_0167.png'
Time: 00:10.77 (Saving: 00:00.05)

Fra:168 Mem:22.41M (Peak 59.57M) | Time:00:00.00 | Mem:0.00M, Peak:0.00M | Scene, ViewLayer | Synchronizing object | ClothKey
Fra:168 Mem:22.42M (Peak 59.57M) | Time:00:00.00 | Mem:0.00M, Peak:0.00M | Scene, ViewLayer | Synchronizing object | ClothRim
Fra:168 Mem:22.42M (Peak 59.57M) | Time:00:00.00 | Mem:0.00M, Peak:0.00M | Scene, ViewLayer | Synchronizing object | FacesLabel
Fra:168 Mem:22.42M (Peak 59.57M) | Time:00:00.00 | Mem:0.00M, Peak:0.00M | Scene, ViewLayer | Synchronizing object | GlassSphere
Fra:168 Mem:23.20M (Peak 59.57M) | Time:00:00.00 | Mem:0.00M, Peak:0.00M | Scene, ViewLayer | Initializing
Fra:168 Mem:17.03M (Peak 59.57M) | Time:00:00.00 | Mem:0.00M, Peak:0.00M | Scene, ViewLayer | Waiting for render to start
Fra:168 Mem:17.03M (Peak 59.57M) | Time:00:00.00 | Mem:0.00M, Peak:0.00M | Scene, ViewLayer | Updating Scene
Fra:168 Mem:17.03M (Peak 59.57M) | Time:00:00.00 | Mem:0.00M, Peak:0.00M | Scene, ViewLayer | Updating Shaders
Fra:168 Mem:17.03M (Peak 59.57M) | Time:00:00.00 | Mem:0.00M, Peak:0.00M | Scene, ViewLayer | Loading render kernels (may take a few minutes the first time)
Fra:168 Mem:17.11M (Peak 59.57M) | Time:00:00.00 | Mem:0.00M, Peak:0.00M | Scene, ViewLayer | Updating Procedurals
Fra:168 Mem:17.11M (Peak 59.57M) | Time:00:00.00 | Mem:0.00M, Peak:0.00M | Scene, ViewLayer | Updating Background
Fra:168 Mem:17.11M (Peak 59.57M) | Time:00:00.00 | Mem:0.00M, Peak:0.00M | Scene, ViewLayer | Updating Camera
Fra:168 Mem:17.11M (Peak 59.57M) | Time:00:00.00 | Mem:0.00M, Peak:0.00M | Scene, ViewLayer | Updating Meshes Flags
Fra:168 Mem:17.11M (Peak 59.57M) | Time:00:00.00 | Mem:0.00M, Peak:0.00M | Scene, ViewLayer | Updating Objects
Fra:168 Mem:17.11M (Peak 59.57M) | Time:00:00.00 | Mem:0.00M, Peak:0.00M | Scene, ViewLayer | Updating Objects | Copying Transformations to device
Fra:168 Mem:17.12M (Peak 59.57M) | Time:00:00.00 | Mem:0.01M, Peak:0.01M | Scene, ViewLayer | Updating Particle Systems
Fra:168 Mem:17.12M (Peak 59.57M) | Time:00:00.00 | Mem:0.01M, Peak:0.01M | Scene, ViewLayer | Updating Particle Systems | Copying Particles to device
Fra:168 Mem:17.12M (Peak 59.57M) | Time:00:00.00 | Mem:0.01M, Peak:0.01M | Scene, ViewLayer | Updating Meshes
Fra:168 Mem:17.12M (Peak 59.57M) | Time:00:00.00 | Mem:0.01M, Peak:0.01M | Scene, ViewLayer | Updating Objects | Applying Static Transformations
Fra:168 Mem:17.12M (Peak 59.57M) | Time:00:00.00 | Mem:0.01M, Peak:0.01M | Scene, ViewLayer | Updating Mesh | Computing attributes
Fra:168 Mem:17.19M (Peak 59.57M) | Time:00:00.01 | Mem:0.01M, Peak:0.01M | Scene, ViewLayer | Updating Mesh | Copying Attributes to device
Fra:168 Mem:17.19M (Peak 59.57M) | Time:00:00.01 | Mem:0.08M, Peak:0.08M | Scene, ViewLayer | Updating Scene BVH | Building
Fra:168 Mem:17.19M (Peak 59.57M) | Time:00:00.01 | Mem:0.08M, Peak:0.08M | Scene, ViewLayer | Updating Scene BVH | Building BVH
Fra:168 Mem:17.19M (Peak 59.57M) | Time:00:00.01 | Mem:0.38M, Peak:0.38M | Scene, ViewLayer | Updating Scene BVH | Building BVH 0%
Fra:168 Mem:17.19M (Peak 59.57M) | Time:00:00.01 | Mem:0.71M, Peak:1.01M | Scene, ViewLayer | Updating Scene BVH | Copying BVH to device
Fra:168 Mem:17.19M (Peak 59.57M) | Time:00:00.01 | Mem:0.71M, Peak:1.01M | Scene, ViewLayer | Updating Mesh | Computing normals
Fra:168 Mem:17.48M (Peak 59.57M) | Time:00:00.01 | Mem:0.71M, Peak:1.01M | Scene, ViewLayer | Updating Mesh | Copying Mesh to device
Fra:168 Mem:17.48M (Peak 59.57M) | Time:00:00.01 | Mem:1.00M, Peak:1.01M | Scene, ViewLayer | Updating Objects Flags
Fra:168 Mem:17.48M (Peak 59.57M) | Time:00:00.01 | Mem:1.00M, Peak:1.01M | Scene, ViewLayer | Updating Primitive Offsets
Fra:168 Mem:17.48M (Peak 59.57M) | Time:00:00.01 | Mem:1.00M, Peak:1.01M | Scene, ViewLayer | Updating Images
Fra:168 Mem:17.48M (Peak 59.57M) | Time:00:00.01 | Mem:1.00M, Peak:1.01M | Scene, ViewLayer | Updating Camera Volume
Fra:168 Mem:17.48M (Peak 59.57M) | Time:00:00.01 | Mem:1.00M, Peak:1.01M | Scene, ViewLayer | Updating Lookup Tables
Fra:168 Mem:17.48M (Peak 59.57M) | Time:00:00.01 | Mem:1.08M, Peak:1.08M | Scene, ViewLayer | Updating Lights
Fra:168 Mem:17.48M (Peak 59.57M) | Time:00:00.01 | Mem:1.08M, Peak:1.08M | Scene, ViewLayer | Updating Lights | Computing tree
Fra:168 Mem:17.99M (Peak 59.57M) | Time:00:00.02 | Mem:1.59M, Peak:1.59M | Scene, ViewLayer | Updating Integrator
Fra:168 Mem:17.99M (Peak 59.57M) | Time:00:00.02 | Mem:1.59M, Peak:1.59M | Scene, ViewLayer | Updating Film
Fra:168 Mem:17.99M (Peak 59.57M) | Time:00:00.02 | Mem:1.51M, Peak:1.59M | Scene, ViewLayer | Updating Lookup Tables
Fra:168 Mem:17.99M (Peak 59.57M) | Time:00:00.02 | Mem:1.59M, Peak:1.59M | Scene, ViewLayer | Updating Baking
Fra:168 Mem:17.99M (Peak 59.57M) | Time:00:00.02 | Mem:1.59M, Peak:1.59M | Scene, ViewLayer | Updating Device | Writing constant memory
Fra:168 Mem:17.99M (Peak 59.57M) | Time:00:00.02 | Mem:1.59M, Peak:1.59M | Scene, ViewLayer | Sample 0/32
Fra:168 Mem:35.83M (Peak 59.57M) | Time:00:00.35 | Remaining:00:10.17 | Mem:19.39M, Peak:19.39M | Scene, ViewLayer | Sample 1/32
Fra:168 Mem:43.74M (Peak 59.57M) | Time:00:10.50 | Mem:19.39M, Peak:19.39M | Scene, ViewLayer | Sample 32/32
Fra:168 Mem:43.74M (Peak 59.57M) | Time:00:10.50 | Mem:19.39M, Peak:19.39M | Scene, ViewLayer | Finished
Saved: '/home/runner/work/chaosim/chaosim/outputs/renders/paper_to_cloth_frames/frame_0168.png'
Time: 00:10.55 (Saving: 00:00.05)

Fra:169 Mem:22.41M (Peak 59.57M) | Time:00:00.00 | Mem:0.00M, Peak:0.00M | Scene, ViewLayer | Synchronizing object | ClothKey
Fra:169 Mem:22.42M (Peak 59.57M) | Time:00:00.00 | Mem:0.00M, Peak:0.00M | Scene, ViewLayer | Synchronizing object | Rod
Fra:169 Mem:22.42M (Peak 59.57M) | Time:00:00.00 | Mem:0.00M, Peak:0.00M | Scene, ViewLayer | Synchronizing object | FacesLabel
Fra:169 Mem:22.42M (Peak 59.57M) | Time:00:00.00 | Mem:0.00M, Peak:0.00M | Scene, ViewLayer | Synchronizing object | GlassSphere
Fra:169 Mem:23.20M (Peak 59.57M) | Time:00:00.00 | Mem:0.00M, Peak:0.00M | Scene, ViewLayer | Initializing
Fra:169 Mem:17.03M (Peak 59.57M) | Time:00:00.00 | Mem:0.00M, Peak:0.00M | Scene, ViewLayer | Waiting for render to start
Fra:169 Mem:17.03M (Peak 59.57M) | Time:00:00.00 | Mem:0.00M, Peak:0.00M | Scene, ViewLayer | Updating Scene
Fra:169 Mem:17.03M (Peak 59.57M) | Time:00:00.00 | Mem:0.00M, Peak:0.00M | Scene, ViewLayer | Updating Shaders
Fra:169 Mem:17.03M (Peak 59.57M) | Time:00:00.00 | Mem:0.00M, Peak:0.00M | Scene, ViewLayer | Loading render kernels (may take a few minutes the first time)
Fra:169 Mem:17.11M (Peak 59.57M) | Time:00:00.01 | Mem:0.00M, Peak:0.00M | Scene, ViewLayer | Updating Procedurals
Fra:169 Mem:17.11M (Peak 59.57M) | Time:00:00.01 | Mem:0.00M, Peak:0.00M | Scene, ViewLayer | Updating Background
Fra:169 Mem:17.11M (Peak 59.57M) | Time:00:00.01 | Mem:0.00M, Peak:0.00M | Scene, ViewLayer | Updating Camera
Fra:169 Mem:17.11M (Peak 59.57M) | Time:00:00.01 | Mem:0.00M, Peak:0.00M | Scene, ViewLayer | Updating Meshes Flags
Fra:169 Mem:17.11M (Peak 59.57M) | Time:00:00.01 | Mem:0.00M, Peak:0.00M | Scene, ViewLayer | Updating Objects
Fra:169 Mem:17.11M (Peak 59.57M) | Time:00:00.01 | Mem:0.00M, Peak:0.00M | Scene, ViewLayer | Updating Objects | Copying Transformations to device
Fra:169 Mem:17.12M (Peak 59.57M) | Time:00:00.01 | Mem:0.01M, Peak:0.01M | Scene, ViewLayer | Updating Particle Systems
Fra:169 Mem:17.12M (Peak 59.57M) | Time:00:00.01 | Mem:0.01M, Peak:0.01M | Scene, ViewLayer | Updating Particle Systems | Copying Particles to device
Fra:169 Mem:17.12M (Peak 59.57M) | Time:00:00.01 | Mem:0.01M, Peak:0.01M | Scene, ViewLayer | Updating Meshes
Fra:169 Mem:17.12M (Peak 59.57M) | Time:00:00.01 | Mem:0.01M, Peak:0.01M | Scene, ViewLayer | Updating Objects | Applying Static Transformations
Fra:169 Mem:17.12M (Peak 59.57M) | Time:00:00.01 | Mem:0.01M, Peak:0.01M | Scene, ViewLayer | Updating Mesh | Computing attributes
Fra:169 Mem:17.19M (Peak 59.57M) | Time:00:00.01 | Mem:0.01M, Peak:0.01M | Scene, ViewLayer | Updating Mesh | Copying Attributes to device
Fra:169 Mem:17.19M (Peak 59.57M) | Time:00:00.01 | Mem:0.08M, Peak:0.08M | Scene, ViewLayer | Updating Scene BVH | Building
Fra:169 Mem:17.19M (Peak 59.57M) | Time:00:00.01 | Mem:0.08M, Peak:0.08M | Scene, ViewLayer | Updating Scene BVH | Building BVH
Fra:169 Mem:17.19M (Peak 59.57M) | Time:00:00.01 | Mem:0.38M, Peak:0.38M | Scene, ViewLayer | Updating Scene BVH | Building BVH 0%
Fra:169 Mem:17.19M (Peak 59.57M) | Time:00:00.01 | Mem:0.71M, Peak:1.01M | Scene, ViewLayer | Updating Scene BVH | Copying BVH to device
Fra:169 Mem:17.19M (Peak 59.57M) | Time:00:00.01 | Mem:0.71M, Peak:1.01M | Scene, ViewLayer | Updating Mesh | Computing normals
Fra:169 Mem:17.48M (Peak 59.57M) | Time:00:00.01 | Mem:0.71M, Peak:1.01M | Scene, ViewLayer | Updating Mesh | Copying Mesh to device
Fra:169 Mem:17.48M (Peak 59.57M) | Time:00:00.01 | Mem:1.00M, Peak:1.01M | Scene, ViewLayer | Updating Objects Flags
Fra:169 Mem:17.48M (Peak 59.57M) | Time:00:00.01 | Mem:1.00M, Peak:1.01M | Scene, ViewLayer | Updating Primitive Offsets
Fra:169 Mem:17.48M (Peak 59.57M) | Time:00:00.01 | Mem:1.00M, Peak:1.01M | Scene, ViewLayer | Updating Images
Fra:169 Mem:17.48M (Peak 59.57M) | Time:00:00.01 | Mem:1.00M, Peak:1.01M | Scene, ViewLayer | Updating Camera Volume
Fra:169 Mem:17.48M (Peak 59.57M) | Time:00:00.01 | Mem:1.00M, Peak:1.01M | Scene, ViewLayer | Updating Lookup Tables
Fra:169 Mem:17.48M (Peak 59.57M) | Time:00:00.01 | Mem:1.08M, Peak:1.08M | Scene, ViewLayer | Updating Lights
Fra:169 Mem:17.48M (Peak 59.57M) | Time:00:00.01 | Mem:1.08M, Peak:1.08M | Scene, ViewLayer | Updating Lights | Computing tree
Fra:169 Mem:17.99M (Peak 59.57M) | Time:00:00.02 | Mem:1.59M, Peak:1.59M | Scene, ViewLayer | Updating Integrator
Fra:169 Mem:17.99M (Peak 59.57M) | Time:00:00.02 | Mem:1.59M, Peak:1.59M | Scene, ViewLayer | Updating Film
Fra:169 Mem:17.99M (Peak 59.57M) | Time:00:00.02 | Mem:1.51M, Peak:1.59M | Scene, ViewLayer | Updating Lookup Tables
Fra:169 Mem:17.99M (Peak 59.57M) | Time:00:00.02 | Mem:1.59M, Peak:1.59M | Scene, ViewLayer | Updating Baking
Fra:169 Mem:17.99M (Peak 59.57M) | Time:00:00.02 | Mem:1.59M, Peak:1.59M | Scene, ViewLayer | Updating Device | Writing constant memory
Fra:169 Mem:17.99M (Peak 59.57M) | Time:00:00.02 | Mem:1.59M, Peak:1.59M | Scene, ViewLayer | Sample 0/32
Fra:169 Mem:35.83M (Peak 59.57M) | Time:00:00.34 | Remaining:00:09.75 | Mem:19.39M, Peak:19.39M | Scene, ViewLayer | Sample 1/32
Fra:169 Mem:43.74M (Peak 59.57M) | Time:00:10.16 | Mem:19.39M, Peak:19.39M | Scene, ViewLayer | Sample 32/32
Fra:169 Mem:43.74M (Peak 59.57M) | Time:00:10.16 | Mem:19.39M, Peak:19.39M | Scene, ViewLayer | Finished
Saved: '/home/runner/work/chaosim/chaosim/outputs/renders/paper_to_cloth_frames/frame_0169.png'
Time: 00:10.21 (Saving: 00:00.05)

Fra:170 Mem:22.41M (Peak 59.57M) | Time:00:00.00 | Mem:0.00M, Peak:0.00M | Scene, ViewLayer | Synchronizing object | ClothKey
Fra:170 Mem:22.42M (Peak 59.57M) | Time:00:00.00 | Mem:0.00M, Peak:0.00M | Scene, ViewLayer | Synchronizing object | Rod
Fra:170 Mem:22.42M (Peak 59.57M) | Time:00:00.00 | Mem:0.00M, Peak:0.00M | Scene, ViewLayer | Synchronizing object | FacesLabel
Fra:170 Mem:22.42M (Peak 59.57M) | Time:00:00.00 | Mem:0.00M, Peak:0.00M | Scene, ViewLayer | Synchronizing object | GlassSphere
Fra:170 Mem:23.20M (Peak 59.57M) | Time:00:00.00 | Mem:0.00M, Peak:0.00M | Scene, ViewLayer | Initializing
Fra:170 Mem:17.03M (Peak 59.57M) | Time:00:00.00 | Mem:0.00M, Peak:0.00M | Scene, ViewLayer | Waiting for render to start
Fra:170 Mem:17.03M (Peak 59.57M) | Time:00:00.00 | Mem:0.00M, Peak:0.00M | Scene, ViewLayer | Updating Scene
Fra:170 Mem:17.03M (Peak 59.57M) | Time:00:00.00 | Mem:0.00M, Peak:0.00M | Scene, ViewLayer | Updating Shaders
Fra:170 Mem:17.03M (Peak 59.57M) | Time:00:00.00 | Mem:0.00M, Peak:0.00M | Scene, ViewLayer | Loading render kernels (may take a few minutes the first time)
Fra:170 Mem:17.11M (Peak 59.57M) | Time:00:00.00 | Mem:0.00M, Peak:0.00M | Scene, ViewLayer | Updating Procedurals
Fra:170 Mem:17.11M (Peak 59.57M) | Time:00:00.00 | Mem:0.00M, Peak:0.00M | Scene, ViewLayer | Updating Background
Fra:170 Mem:17.11M (Peak 59.57M) | Time:00:00.00 | Mem:0.00M, Peak:0.00M | Scene, ViewLayer | Updating Camera
Fra:170 Mem:17.11M (Peak 59.57M) | Time:00:00.00 | Mem:0.00M, Peak:0.00M | Scene, ViewLayer | Updating Meshes Flags
Fra:170 Mem:17.11M (Peak 59.57M) | Time:00:00.00 | Mem:0.00M, Peak:0.00M | Scene, ViewLayer | Updating Objects
Fra:170 Mem:17.11M (Peak 59.57M) | Time:00:00.00 | Mem:0.00M, Peak:0.00M | Scene, ViewLayer | Updating Objects | Copying Transformations to device
Fra:170 Mem:17.12M (Peak 59.57M) | Time:00:00.00 | Mem:0.01M, Peak:0.01M | Scene, ViewLayer | Updating Particle Systems
Fra:170 Mem:17.12M (Peak 59.57M) | Time:00:00.00 | Mem:0.01M, Peak:0.01M | Scene, ViewLayer | Updating Particle Systems | Copying Particles to device
Fra:170 Mem:17.12M (Peak 59.57M) | Time:00:00.00 | Mem:0.01M, Peak:0.01M | Scene, ViewLayer | Updating Meshes
Fra:170 Mem:17.12M (Peak 59.57M) | Time:00:00.00 | Mem:0.01M, Peak:0.01M | Scene, ViewLayer | Updating Objects | Applying Static Transformations
Fra:170 Mem:17.12M (Peak 59.57M) | Time:00:00.00 | Mem:0.01M, Peak:0.01M | Scene, ViewLayer | Updating Mesh | Computing attributes
Fra:170 Mem:17.19M (Peak 59.57M) | Time:00:00.00 | Mem:0.01M, Peak:0.01M | Scene, ViewLayer | Updating Mesh | Copying Attributes to device
Fra:170 Mem:17.19M (Peak 59.57M) | Time:00:00.00 | Mem:0.08M, Peak:0.08M | Scene, ViewLayer | Updating Scene BVH | Building
Fra:170 Mem:17.19M (Peak 59.57M) | Time:00:00.00 | Mem:0.08M, Peak:0.08M | Scene, ViewLayer | Updating Scene BVH | Building BVH
Fra:170 Mem:17.19M (Peak 59.57M) | Time:00:00.01 | Mem:0.38M, Peak:0.38M | Scene, ViewLayer | Updating Scene BVH | Building BVH 0%
Fra:170 Mem:17.19M (Peak 59.57M) | Time:00:00.01 | Mem:0.74M, Peak:1.04M | Scene, ViewLayer | Updating Scene BVH | Copying BVH to device
Fra:170 Mem:17.19M (Peak 59.57M) | Time:00:00.01 | Mem:0.74M, Peak:1.04M | Scene, ViewLayer | Updating Mesh | Computing normals
Fra:170 Mem:17.48M (Peak 59.57M) | Time:00:00.01 | Mem:0.74M, Peak:1.04M | Scene, ViewLayer | Updating Mesh | Copying Mesh to device
Fra:170 Mem:17.48M (Peak 59.57M) | Time:00:00.01 | Mem:1.03M, Peak:1.04M | Scene, ViewLayer | Updating Objects Flags
Fra:170 Mem:17.48M (Peak 59.57M) | Time:00:00.01 | Mem:1.03M, Peak:1.04M | Scene, ViewLayer | Updating Primitive Offsets
Fra:170 Mem:17.48M (Peak 59.57M) | Time:00:00.01 | Mem:1.03M, Peak:1.04M | Scene, ViewLayer | Updating Images
Fra:170 Mem:17.48M (Peak 59.57M) | Time:00:00.01 | Mem:1.03M, Peak:1.04M | Scene, ViewLayer | Updating Camera Volume
Fra:170 Mem:17.48M (Peak 59.57M) | Time:00:00.01 | Mem:1.03M, Peak:1.04M | Scene, ViewLayer | Updating Lookup Tables
Fra:170 Mem:17.48M (Peak 59.57M) | Time:00:00.01 | Mem:1.11M, Peak:1.11M | Scene, ViewLayer | Updating Lights
Fra:170 Mem:17.48M (Peak 59.57M) | Time:00:00.01 | Mem:1.11M, Peak:1.11M | Scene, ViewLayer | Updating Lights | Computing tree
Fra:170 Mem:17.99M (Peak 59.57M) | Time:00:00.02 | Mem:1.62M, Peak:1.62M | Scene, ViewLayer | Updating Integrator
Fra:170 Mem:17.99M (Peak 59.57M) | Time:00:00.02 | Mem:1.62M, Peak:1.62M | Scene, ViewLayer | Updating Film
Fra:170 Mem:17.99M (Peak 59.57M) | Time:00:00.02 | Mem:1.54M, Peak:1.62M | Scene, ViewLayer | Updating Lookup Tables
Fra:170 Mem:17.99M (Peak 59.57M) | Time:00:00.02 | Mem:1.62M, Peak:1.62M | Scene, ViewLayer | Updating Baking
Fra:170 Mem:17.99M (Peak 59.57M) | Time:00:00.02 | Mem:1.62M, Peak:1.62M | Scene, ViewLayer | Updating Device | Writing constant memory
Fra:170 Mem:17.99M (Peak 59.57M) | Time:00:00.02 | Mem:1.62M, Peak:1.62M | Scene, ViewLayer | Sample 0/32
Fra:170 Mem:35.83M (Peak 59.57M) | Time:00:00.33 | Remaining:00:09.45 | Mem:19.42M, Peak:19.42M | Scene, ViewLayer | Sample 1/32
Fra:170 Mem:43.74M (Peak 59.57M) | Time:00:09.82 | Mem:19.42M, Peak:19.42M | Scene, ViewLayer | Sample 32/32
Fra:170 Mem:43.74M (Peak 59.57M) | Time:00:09.82 | Mem:19.42M, Peak:19.42M | Scene, ViewLayer | Finished
Saved: '/home/runner/work/chaosim/chaosim/outputs/renders/paper_to_cloth_frames/frame_0170.png'
Time: 00:09.87 (Saving: 00:00.05)

Fra:171 Mem:22.41M (Peak 59.57M) | Time:00:00.00 | Mem:0.00M, Peak:0.00M | Scene, ViewLayer | Synchronizing object | ClothKey
Fra:171 Mem:22.42M (Peak 59.57M) | Time:00:00.00 | Mem:0.00M, Peak:0.00M | Scene, ViewLayer | Synchronizing object | ClothRim
Fra:171 Mem:22.42M (Peak 59.57M) | Time:00:00.00 | Mem:0.00M, Peak:0.00M | Scene, ViewLayer | Synchronizing object | Sheet
Fra:171 Mem:22.42M (Peak 59.57M) | Time:00:00.00 | Mem:0.00M, Peak:0.00M | Scene, ViewLayer | Synchronizing object | FacesLabel
Fra:171 Mem:22.47M (Peak 59.57M) | Time:00:00.00 | Mem:0.00M, Peak:0.00M | Scene, ViewLayer | Synchronizing object | GlassSphere
Fra:171 Mem:23.20M (Peak 59.57M) | Time:00:00.00 | Mem:0.00M, Peak:0.00M | Scene, ViewLayer | Initializing
Fra:171 Mem:17.03M (Peak 59.57M) | Time:00:00.00 | Mem:0.00M, Peak:0.00M | Scene, ViewLayer | Waiting for render to start
Fra:171 Mem:17.03M (Peak 59.57M) | Time:00:00.00 | Mem:0.00M, Peak:0.00M | Scene, ViewLayer | Updating Scene
Fra:171 Mem:17.03M (Peak 59.57M) | Time:00:00.00 | Mem:0.00M, Peak:0.00M | Scene, ViewLayer | Updating Shaders
Fra:171 Mem:17.03M (Peak 59.57M) | Time:00:00.00 | Mem:0.00M, Peak:0.00M | Scene, ViewLayer | Loading render kernels (may take a few minutes the first time)
Fra:171 Mem:17.11M (Peak 59.57M) | Time:00:00.00 | Mem:0.00M, Peak:0.00M | Scene, ViewLayer | Updating Procedurals
Fra:171 Mem:17.11M (Peak 59.57M) | Time:00:00.00 | Mem:0.00M, Peak:0.00M | Scene, ViewLayer | Updating Background
Fra:171 Mem:17.11M (Peak 59.57M) | Time:00:00.00 | Mem:0.00M, Peak:0.00M | Scene, ViewLayer | Updating Camera
Fra:171 Mem:17.11M (Peak 59.57M) | Time:00:00.00 | Mem:0.00M, Peak:0.00M | Scene, ViewLayer | Updating Meshes Flags
Fra:171 Mem:17.11M (Peak 59.57M) | Time:00:00.00 | Mem:0.00M, Peak:0.00M | Scene, ViewLayer | Updating Objects
Fra:171 Mem:17.11M (Peak 59.57M) | Time:00:00.00 | Mem:0.00M, Peak:0.00M | Scene, ViewLayer | Updating Objects | Copying Transformations to device
Fra:171 Mem:17.12M (Peak 59.57M) | Time:00:00.01 | Mem:0.01M, Peak:0.01M | Scene, ViewLayer | Updating Particle Systems
Fra:171 Mem:17.12M (Peak 59.57M) | Time:00:00.01 | Mem:0.01M, Peak:0.01M | Scene, ViewLayer | Updating Particle Systems | Copying Particles to device
Fra:171 Mem:17.12M (Peak 59.57M) | Time:00:00.01 | Mem:0.01M, Peak:0.01M | Scene, ViewLayer | Updating Meshes
Fra:171 Mem:17.12M (Peak 59.57M) | Time:00:00.01 | Mem:0.01M, Peak:0.01M | Scene, ViewLayer | Updating Objects | Applying Static Transformations
Fra:171 Mem:17.12M (Peak 59.57M) | Time:00:00.01 | Mem:0.01M, Peak:0.01M | Scene, ViewLayer | Updating Mesh | Computing attributes
Fra:171 Mem:17.19M (Peak 59.57M) | Time:00:00.01 | Mem:0.01M, Peak:0.01M | Scene, ViewLayer | Updating Mesh | Copying Attributes to device
Fra:171 Mem:17.19M (Peak 59.57M) | Time:00:00.01 | Mem:0.08M, Peak:0.08M | Scene, ViewLayer | Updating Scene BVH | Building
Fra:171 Mem:17.19M (Peak 59.57M) | Time:00:00.01 | Mem:0.08M, Peak:0.08M | Scene, ViewLayer | Updating Scene BVH | Building BVH
Fra:171 Mem:17.19M (Peak 59.57M) | Time:00:00.01 | Mem:0.38M, Peak:0.38M | Scene, ViewLayer | Updating Scene BVH | Building BVH 0%
Fra:171 Mem:17.19M (Peak 59.57M) | Time:00:00.01 | Mem:0.71M, Peak:1.01M | Scene, ViewLayer | Updating Scene BVH | Copying BVH to device
Fra:171 Mem:17.19M (Peak 59.57M) | Time:00:00.01 | Mem:0.71M, Peak:1.01M | Scene, ViewLayer | Updating Mesh | Computing normals
Fra:171 Mem:17.48M (Peak 59.57M) | Time:00:00.01 | Mem:0.71M, Peak:1.01M | Scene, ViewLayer | Updating Mesh | Copying Mesh to device
Fra:171 Mem:17.48M (Peak 59.57M) | Time:00:00.01 | Mem:1.00M, Peak:1.01M | Scene, ViewLayer | Updating Objects Flags
Fra:171 Mem:17.48M (Peak 59.57M) | Time:00:00.01 | Mem:1.00M, Peak:1.01M | Scene, ViewLayer | Updating Primitive Offsets
Fra:171 Mem:17.48M (Peak 59.57M) | Time:00:00.01 | Mem:1.00M, Peak:1.01M | Scene, ViewLayer | Updating Images
Fra:171 Mem:17.48M (Peak 59.57M) | Time:00:00.01 | Mem:1.00M, Peak:1.01M | Scene, ViewLayer | Updating Camera Volume
Fra:171 Mem:17.48M (Peak 59.57M) | Time:00:00.01 | Mem:1.00M, Peak:1.01M | Scene, ViewLayer | Updating Lookup Tables
Fra:171 Mem:17.48M (Peak 59.57M) | Time:00:00.01 | Mem:1.08M, Peak:1.08M | Scene, ViewLayer | Updating Lights
Fra:171 Mem:17.48M (Peak 59.57M) | Time:00:00.01 | Mem:1.08M, Peak:1.08M | Scene, ViewLayer | Updating Lights | Computing tree
Fra:171 Mem:17.99M (Peak 59.57M) | Time:00:00.02 | Mem:1.59M, Peak:1.59M | Scene, ViewLayer | Updating Integrator
Fra:171 Mem:17.99M (Peak 59.57M) | Time:00:00.02 | Mem:1.59M, Peak:1.59M | Scene, ViewLayer | Updating Film
Fra:171 Mem:17.99M (Peak 59.57M) | Time:00:00.02 | Mem:1.51M, Peak:1.59M | Scene, ViewLayer | Updating Lookup Tables
Fra:171 Mem:17.99M (Peak 59.57M) | Time:00:00.02 | Mem:1.59M, Peak:1.59M | Scene, ViewLayer | Updating Baking
Fra:171 Mem:17.99M (Peak 59.57M) | Time:00:00.02 | Mem:1.59M, Peak:1.59M | Scene, ViewLayer | Updating Device | Writing constant memory
Fra:171 Mem:17.99M (Peak 59.57M) | Time:00:00.02 | Mem:1.59M, Peak:1.59M | Scene, ViewLayer | Sample 0/32
Fra:171 Mem:35.83M (Peak 59.57M) | Time:00:00.32 | Remaining:00:09.21 | Mem:19.39M, Peak:19.39M | Scene, ViewLayer | Sample 1/32
Fra:171 Mem:43.74M (Peak 59.57M) | Time:00:09.58 | Mem:19.39M, Peak:19.39M | Scene, ViewLayer | Sample 32/32
Fra:171 Mem:43.74M (Peak 59.57M) | Time:00:09.58 | Mem:19.39M, Peak:19.39M | Scene, ViewLayer | Finished
Saved: '/home/runner/work/chaosim/chaosim/outputs/renders/paper_to_cloth_frames/frame_0171.png'
Time: 00:09.63 (Saving: 00:00.05)

Fra:172 Mem:22.41M (Peak 59.57M) | Time:00:00.00 | Mem:0.00M, Peak:0.00M | Scene, ViewLayer | Synchronizing object | ClothKey
Fra:172 Mem:22.42M (Peak 59.57M) | Time:00:00.00 | Mem:0.00M, Peak:0.00M | Scene, ViewLayer | Synchronizing object | ClothRim
Fra:172 Mem:22.42M (Peak 59.57M) | Time:00:00.00 | Mem:0.00M, Peak:0.00M | Scene, ViewLayer | Synchronizing object | Sheet
Fra:172 Mem:22.42M (Peak 59.57M) | Time:00:00.00 | Mem:0.00M, Peak:0.00M | Scene, ViewLayer | Synchronizing object | FacesLabel
Fra:172 Mem:22.42M (Peak 59.57M) | Time:00:00.00 | Mem:0.00M, Peak:0.00M | Scene, ViewLayer | Synchronizing object | GlassSphere
Fra:172 Mem:23.20M (Peak 59.57M) | Time:00:00.00 | Mem:0.00M, Peak:0.00M | Scene, ViewLayer | Initializing
Fra:172 Mem:17.03M (Peak 59.57M) | Time:00:00.00 | Mem:0.00M, Peak:0.00M | Scene, ViewLayer | Waiting for render to start
Fra:172 Mem:17.03M (Peak 59.57M) | Time:00:00.00 | Mem:0.00M, Peak:0.00M | Scene, ViewLayer | Updating Scene
Fra:172 Mem:17.03M (Peak 59.57M) | Time:00:00.00 | Mem:0.00M, Peak:0.00M | Scene, ViewLayer | Updating Shaders
Fra:172 Mem:17.03M (Peak 59.57M) | Time:00:00.00 | Mem:0.00M, Peak:0.00M | Scene, ViewLayer | Loading render kernels (may take a few minutes the first time)
Fra:172 Mem:17.11M (Peak 59.57M) | Time:00:00.00 | Mem:0.00M, Peak:0.00M | Scene, ViewLayer | Updating Procedurals
Fra:172 Mem:17.11M (Peak 59.57M) | Time:00:00.00 | Mem:0.00M, Peak:0.00M | Scene, ViewLayer | Updating Background
Fra:172 Mem:17.11M (Peak 59.57M) | Time:00:00.00 | Mem:0.00M, Peak:0.00M | Scene, ViewLayer | Updating Camera
Fra:172 Mem:17.11M (Peak 59.57M) | Time:00:00.00 | Mem:0.00M, Peak:0.00M | Scene, ViewLayer | Updating Meshes Flags
Fra:172 Mem:17.11M (Peak 59.57M) | Time:00:00.00 | Mem:0.00M, Peak:0.00M | Scene, ViewLayer | Updating Objects
Fra:172 Mem:17.11M (Peak 59.57M) | Time:00:00.00 | Mem:0.00M, Peak:0.00M | Scene, ViewLayer | Updating Objects | Copying Transformations to device
Fra:172 Mem:17.12M (Peak 59.57M) | Time:00:00.00 | Mem:0.01M, Peak:0.01M | Scene, ViewLayer | Updating Particle Systems
Fra:172 Mem:17.12M (Peak 59.57M) | Time:00:00.00 | Mem:0.01M, Peak:0.01M | Scene, ViewLayer | Updating Particle Systems | Copying Particles to device
Fra:172 Mem:17.12M (Peak 59.57M) | Time:00:00.00 | Mem:0.01M, Peak:0.01M | Scene, ViewLayer | Updating Meshes
Fra:172 Mem:17.12M (Peak 59.57M) | Time:00:00.00 | Mem:0.01M, Peak:0.01M | Scene, ViewLayer | Updating Objects | Applying Static Transformations
Fra:172 Mem:17.12M (Peak 59.57M) | Time:00:00.00 | Mem:0.01M, Peak:0.01M | Scene, ViewLayer | Updating Mesh | Computing attributes
Fra:172 Mem:17.19M (Peak 59.57M) | Time:00:00.00 | Mem:0.01M, Peak:0.01M | Scene, ViewLayer | Updating Mesh | Copying Attributes to device
Fra:172 Mem:17.19M (Peak 59.57M) | Time:00:00.00 | Mem:0.08M, Peak:0.08M | Scene, ViewLayer | Updating Scene BVH | Building
Fra:172 Mem:17.19M (Peak 59.57M) | Time:00:00.00 | Mem:0.08M, Peak:0.08M | Scene, ViewLayer | Updating Scene BVH | Building BVH
Fra:172 Mem:17.19M (Peak 59.57M) | Time:00:00.01 | Mem:0.38M, Peak:0.38M | Scene, ViewLayer | Updating Scene BVH | Building BVH 0%
Fra:172 Mem:17.19M (Peak 59.57M) | Time:00:00.01 | Mem:0.71M, Peak:1.01M | Scene, ViewLayer | Updating Scene BVH | Copying BVH to device
Fra:172 Mem:17.19M (Peak 59.57M) | Time:00:00.01 | Mem:0.71M, Peak:1.01M | Scene, ViewLayer | Updating Mesh | Computing normals
Fra:172 Mem:17.48M (Peak 59.57M) | Time:00:00.01 | Mem:0.71M, Peak:1.01M | Scene, ViewLayer | Updating Mesh | Copying Mesh to device
Fra:172 Mem:17.48M (Peak 59.57M) | Time:00:00.01 | Mem:1.00M, Peak:1.01M | Scene, ViewLayer | Updating Objects Flags
Fra:172 Mem:17.48M (Peak 59.57M) | Time:00:00.01 | Mem:1.00M, Peak:1.01M | Scene, ViewLayer | Updating Primitive Offsets
Fra:172 Mem:17.48M (Peak 59.57M) | Time:00:00.01 | Mem:1.00M, Peak:1.01M | Scene, ViewLayer | Updating Images
Fra:172 Mem:17.48M (Peak 59.57M) | Time:00:00.01 | Mem:1.00M, Peak:1.01M | Scene, ViewLayer | Updating Camera Volume
Fra:172 Mem:17.48M (Peak 59.57M) | Time:00:00.01 | Mem:1.00M, Peak:1.01M | Scene, ViewLayer | Updating Lookup Tables
Fra:172 Mem:17.48M (Peak 59.57M) | Time:00:00.01 | Mem:1.08M, Peak:1.08M | Scene, ViewLayer | Updating Lights
Fra:172 Mem:17.48M (Peak 59.57M) | Time:00:00.01 | Mem:1.08M, Peak:1.08M | Scene, ViewLayer | Updating Lights | Computing tree
Fra:172 Mem:17.99M (Peak 59.57M) | Time:00:00.02 | Mem:1.59M, Peak:1.59M | Scene, ViewLayer | Updating Integrator
Fra:172 Mem:17.99M (Peak 59.57M) | Time:00:00.02 | Mem:1.59M, Peak:1.59M | Scene, ViewLayer | Updating Film
Fra:172 Mem:17.99M (Peak 59.57M) | Time:00:00.02 | Mem:1.51M, Peak:1.59M | Scene, ViewLayer | Updating Lookup Tables
Fra:172 Mem:17.99M (Peak 59.57M) | Time:00:00.02 | Mem:1.59M, Peak:1.59M | Scene, ViewLayer | Updating Baking
Fra:172 Mem:17.99M (Peak 59.57M) | Time:00:00.02 | Mem:1.59M, Peak:1.59M | Scene, ViewLayer | Updating Device | Writing constant memory
Fra:172 Mem:17.99M (Peak 59.57M) | Time:00:00.02 | Mem:1.59M, Peak:1.59M | Scene, ViewLayer | Sample 0/32
Fra:172 Mem:35.83M (Peak 59.57M) | Time:00:00.30 | Remaining:00:08.67 | Mem:19.39M, Peak:19.39M | Scene, ViewLayer | Sample 1/32
Fra:172 Mem:43.74M (Peak 59.57M) | Time:00:09.16 | Mem:19.39M, Peak:19.39M | Scene, ViewLayer | Sample 32/32
Fra:172 Mem:43.74M (Peak 59.57M) | Time:00:09.16 | Mem:19.39M, Peak:19.39M | Scene, ViewLayer | Finished
Saved: '/home/runner/work/chaosim/chaosim/outputs/renders/paper_to_cloth_frames/frame_0172.png'
Time: 00:09.21 (Saving: 00:00.05)

Fra:173 Mem:22.41M (Peak 59.57M) | Time:00:00.00 | Mem:0.00M, Peak:0.00M | Scene, ViewLayer | Synchronizing object | ClothKey
Fra:173 Mem:22.41M (Peak 59.57M) | Time:00:00.00 | Mem:0.00M, Peak:0.00M | Scene, ViewLayer | Synchronizing object | ClothRim
Fra:173 Mem:22.42M (Peak 59.57M) | Time:00:00.00 | Mem:0.00M, Peak:0.00M | Scene, ViewLayer | Synchronizing object | Rod
Fra:173 Mem:22.42M (Peak 59.57M) | Time:00:00.00 | Mem:0.00M, Peak:0.00M | Scene, ViewLayer | Synchronizing object | Sheet
Fra:173 Mem:22.42M (Peak 59.57M) | Time:00:00.00 | Mem:0.00M, Peak:0.00M | Scene, ViewLayer | Synchronizing object | GlassSphere
Fra:173 Mem:23.20M (Peak 59.57M) | Time:00:00.00 | Mem:0.00M, Peak:0.00M | Scene, ViewLayer | Initializing
Fra:173 Mem:17.03M (Peak 59.57M) | Time:00:00.00 | Mem:0.00M, Peak:0.00M | Scene, ViewLayer | Waiting for render to start
Fra:173 Mem:17.03M (Peak 59.57M) | Time:00:00.00 | Mem:0.00M, Peak:0.00M | Scene, ViewLayer | Updating Scene
Fra:173 Mem:17.03M (Peak 59.57M) | Time:00:00.00 | Mem:0.00M, Peak:0.00M | Scene, ViewLayer | Updating Shaders
Fra:173 Mem:17.03M (Peak 59.57M) | Time:00:00.00 | Mem:0.00M, Peak:0.00M | Scene, ViewLayer | Loading render kernels (may take a few minutes the first time)
Fra:173 Mem:17.11M (Peak 59.57M) | Time:00:00.00 | Mem:0.00M, Peak:0.00M | Scene, ViewLayer | Updating Procedurals
Fra:173 Mem:17.11M (Peak 59.57M) | Time:00:00.00 | Mem:0.00M, Peak:0.00M | Scene, ViewLayer | Updating Background
Fra:173 Mem:17.11M (Peak 59.57M) | Time:00:00.00 | Mem:0.00M, Peak:0.00M | Scene, ViewLayer | Updating Camera
Fra:173 Mem:17.11M (Peak 59.57M) | Time:00:00.00 | Mem:0.00M, Peak:0.00M | Scene, ViewLayer | Updating Meshes Flags
Fra:173 Mem:17.11M (Peak 59.57M) | Time:00:00.00 | Mem:0.00M, Peak:0.00M | Scene, ViewLayer | Updating Objects
Fra:173 Mem:17.11M (Peak 59.57M) | Time:00:00.00 | Mem:0.00M, Peak:0.00M | Scene, ViewLayer | Updating Objects | Copying Transformations to device
Fra:173 Mem:17.12M (Peak 59.57M) | Time:00:00.00 | Mem:0.01M, Peak:0.01M | Scene, ViewLayer | Updating Particle Systems
Fra:173 Mem:17.12M (Peak 59.57M) | Time:00:00.01 | Mem:0.01M, Peak:0.01M | Scene, ViewLayer | Updating Particle Systems | Copying Particles to device
Fra:173 Mem:17.12M (Peak 59.57M) | Time:00:00.01 | Mem:0.01M, Peak:0.01M | Scene, ViewLayer | Updating Meshes
Fra:173 Mem:17.12M (Peak 59.57M) | Time:00:00.01 | Mem:0.01M, Peak:0.01M | Scene, ViewLayer | Updating Objects | Applying Static Transformations
Fra:173 Mem:17.12M (Peak 59.57M) | Time:00:00.01 | Mem:0.01M, Peak:0.01M | Scene, ViewLayer | Updating Mesh | Computing attributes
Fra:173 Mem:17.19M (Peak 59.57M) | Time:00:00.01 | Mem:0.01M, Peak:0.01M | Scene, ViewLayer | Updating Mesh | Copying Attributes to device
Fra:173 Mem:17.19M (Peak 59.57M) | Time:00:00.01 | Mem:0.08M, Peak:0.08M | Scene, ViewLayer | Updating Scene BVH | Building
Fra:173 Mem:17.19M (Peak 59.57M) | Time:00:00.01 | Mem:0.08M, Peak:0.08M | Scene, ViewLayer | Updating Scene BVH | Building BVH
Fra:173 Mem:17.19M (Peak 59.57M) | Time:00:00.01 | Mem:0.38M, Peak:0.38M | Scene, ViewLayer | Updating Scene BVH | Building BVH 0%
Fra:173 Mem:17.19M (Peak 59.57M) | Time:00:00.01 | Mem:0.71M, Peak:1.01M | Scene, ViewLayer | Updating Scene BVH | Copying BVH to device
Fra:173 Mem:17.19M (Peak 59.57M) | Time:00:00.01 | Mem:0.71M, Peak:1.01M | Scene, ViewLayer | Updating Mesh | Computing normals
Fra:173 Mem:17.48M (Peak 59.57M) | Time:00:00.01 | Mem:0.71M, Peak:1.01M | Scene, ViewLayer | Updating Mesh | Copying Mesh to device
Fra:173 Mem:17.48M (Peak 59.57M) | Time:00:00.01 | Mem:1.00M, Peak:1.01M | Scene, ViewLayer | Updating Objects Flags
Fra:173 Mem:17.48M (Peak 59.57M) | Time:00:00.01 | Mem:1.00M, Peak:1.01M | Scene, ViewLayer | Updating Primitive Offsets
Fra:173 Mem:17.48M (Peak 59.57M) | Time:00:00.01 | Mem:1.00M, Peak:1.01M | Scene, ViewLayer | Updating Images
Fra:173 Mem:17.48M (Peak 59.57M) | Time:00:00.01 | Mem:1.00M, Peak:1.01M | Scene, ViewLayer | Updating Camera Volume
Fra:173 Mem:17.48M (Peak 59.57M) | Time:00:00.01 | Mem:1.00M, Peak:1.01M | Scene, ViewLayer | Updating Lookup Tables
Fra:173 Mem:17.48M (Peak 59.57M) | Time:00:00.01 | Mem:1.08M, Peak:1.08M | Scene, ViewLayer | Updating Lights
Fra:173 Mem:17.48M (Peak 59.57M) | Time:00:00.01 | Mem:1.08M, Peak:1.08M | Scene, ViewLayer | Updating Lights | Computing tree
Fra:173 Mem:17.99M (Peak 59.57M) | Time:00:00.02 | Mem:1.59M, Peak:1.59M | Scene, ViewLayer | Updating Integrator
Fra:173 Mem:17.99M (Peak 59.57M) | Time:00:00.02 | Mem:1.59M, Peak:1.59M | Scene, ViewLayer | Updating Film
Fra:173 Mem:17.99M (Peak 59.57M) | Time:00:00.02 | Mem:1.51M, Peak:1.59M | Scene, ViewLayer | Updating Lookup Tables
Fra:173 Mem:17.99M (Peak 59.57M) | Time:00:00.02 | Mem:1.59M, Peak:1.59M | Scene, ViewLayer | Updating Baking
Fra:173 Mem:17.99M (Peak 59.57M) | Time:00:00.02 | Mem:1.59M, Peak:1.59M | Scene, ViewLayer | Updating Device | Writing constant memory
Fra:173 Mem:17.99M (Peak 59.57M) | Time:00:00.02 | Mem:1.59M, Peak:1.59M | Scene, ViewLayer | Sample 0/32
Fra:173 Mem:35.83M (Peak 59.57M) | Time:00:00.29 | Remaining:00:08.39 | Mem:19.39M, Peak:19.39M | Scene, ViewLayer | Sample 1/32
Fra:173 Mem:43.74M (Peak 59.57M) | Time:00:08.84 | Mem:19.39M, Peak:19.39M | Scene, ViewLayer | Sample 32/32
Fra:173 Mem:43.74M (Peak 59.57M) | Time:00:08.84 | Mem:19.39M, Peak:19.39M | Scene, ViewLayer | Finished
Saved: '/home/runner/work/chaosim/chaosim/outputs/renders/paper_to_cloth_frames/frame_0173.png'
Time: 00:08.89 (Saving: 00:00.05)

Fra:174 Mem:22.41M (Peak 59.57M) | Time:00:00.00 | Mem:0.00M, Peak:0.00M | Scene, ViewLayer | Synchronizing object | ClothKey
Fra:174 Mem:22.42M (Peak 59.57M) | Time:00:00.00 | Mem:0.00M, Peak:0.00M | Scene, ViewLayer | Synchronizing object | ClothRim
Fra:174 Mem:22.42M (Peak 59.57M) | Time:00:00.00 | Mem:0.00M, Peak:0.00M | Scene, ViewLayer | Synchronizing object | Sheet
Fra:174 Mem:22.42M (Peak 59.57M) | Time:00:00.00 | Mem:0.00M, Peak:0.00M | Scene, ViewLayer | Synchronizing object | FacesLabel
Fra:174 Mem:22.58M (Peak 59.57M) | Time:00:00.00 | Mem:0.00M, Peak:0.00M | Scene, ViewLayer | Synchronizing object | GlassSphere
Fra:174 Mem:23.20M (Peak 59.57M) | Time:00:00.00 | Mem:0.00M, Peak:0.00M | Scene, ViewLayer | Initializing
Fra:174 Mem:17.03M (Peak 59.57M) | Time:00:00.00 | Mem:0.00M, Peak:0.00M | Scene, ViewLayer | Waiting for render to start
Fra:174 Mem:17.03M (Peak 59.57M) | Time:00:00.00 | Mem:0.00M, Peak:0.00M | Scene, ViewLayer | Updating Scene
Fra:174 Mem:17.03M (Peak 59.57M) | Time:00:00.00 | Mem:0.00M, Peak:0.00M | Scene, ViewLayer | Updating Shaders
Fra:174 Mem:17.03M (Peak 59.57M) | Time:00:00.00 | Mem:0.00M, Peak:0.00M | Scene, ViewLayer | Loading render kernels (may take a few minutes the first time)
Fra:174 Mem:17.11M (Peak 59.57M) | Time:00:00.00 | Mem:0.00M, Peak:0.00M | Scene, ViewLayer | Updating Procedurals
Fra:174 Mem:17.11M (Peak 59.57M) | Time:00:00.00 | Mem:0.00M, Peak:0.00M | Scene, ViewLayer | Updating Background
Fra:174 Mem:17.11M (Peak 59.57M) | Time:00:00.00 | Mem:0.00M, Peak:0.00M | Scene, ViewLayer | Updating Camera
Fra:174 Mem:17.11M (Peak 59.57M) | Time:00:00.00 | Mem:0.00M, Peak:0.00M | Scene, ViewLayer | Updating Meshes Flags
Fra:174 Mem:17.11M (Peak 59.57M) | Time:00:00.00 | Mem:0.00M, Peak:0.00M | Scene, ViewLayer | Updating Objects
Fra:174 Mem:17.11M (Peak 59.57M) | Time:00:00.00 | Mem:0.00M, Peak:0.00M | Scene, ViewLayer | Updating Objects | Copying Transformations to device
Fra:174 Mem:17.12M (Peak 59.57M) | Time:00:00.00 | Mem:0.01M, Peak:0.01M | Scene, ViewLayer | Updating Particle Systems
Fra:174 Mem:17.12M (Peak 59.57M) | Time:00:00.00 | Mem:0.01M, Peak:0.01M | Scene, ViewLayer | Updating Particle Systems | Copying Particles to device
Fra:174 Mem:17.12M (Peak 59.57M) | Time:00:00.00 | Mem:0.01M, Peak:0.01M | Scene, ViewLayer | Updating Meshes
Fra:174 Mem:17.12M (Peak 59.57M) | Time:00:00.00 | Mem:0.01M, Peak:0.01M | Scene, ViewLayer | Updating Objects | Applying Static Transformations
Fra:174 Mem:17.12M (Peak 59.57M) | Time:00:00.00 | Mem:0.01M, Peak:0.01M | Scene, ViewLayer | Updating Mesh | Computing attributes
Fra:174 Mem:17.19M (Peak 59.57M) | Time:00:00.00 | Mem:0.01M, Peak:0.01M | Scene, ViewLayer | Updating Mesh | Copying Attributes to device
Fra:174 Mem:17.19M (Peak 59.57M) | Time:00:00.00 | Mem:0.08M, Peak:0.08M | Scene, ViewLayer | Updating Scene BVH | Building
Fra:174 Mem:17.19M (Peak 59.57M) | Time:00:00.01 | Mem:0.08M, Peak:0.08M | Scene, ViewLayer | Updating Scene BVH | Building BVH
Fra:174 Mem:17.19M (Peak 59.57M) | Time:00:00.01 | Mem:0.38M, Peak:0.38M | Scene, ViewLayer | Updating Scene BVH | Building BVH 0%
Fra:174 Mem:17.19M (Peak 59.57M) | Time:00:00.01 | Mem:0.71M, Peak:1.01M | Scene, ViewLayer | Updating Scene BVH | Copying BVH to device
Fra:174 Mem:17.19M (Peak 59.57M) | Time:00:00.01 | Mem:0.71M, Peak:1.01M | Scene, ViewLayer | Updating Mesh | Computing normals
Fra:174 Mem:17.48M (Peak 59.57M) | Time:00:00.01 | Mem:0.71M, Peak:1.01M | Scene, ViewLayer | Updating Mesh | Copying Mesh to device
Fra:174 Mem:17.48M (Peak 59.57M) | Time:00:00.01 | Mem:1.00M, Peak:1.01M | Scene, ViewLayer | Updating Objects Flags
Fra:174 Mem:17.48M (Peak 59.57M) | Time:00:00.01 | Mem:1.00M, Peak:1.01M | Scene, ViewLayer | Updating Primitive Offsets
Fra:174 Mem:17.48M (Peak 59.57M) | Time:00:00.01 | Mem:1.00M, Peak:1.01M | Scene, ViewLayer | Updating Images
Fra:174 Mem:17.48M (Peak 59.57M) | Time:00:00.01 | Mem:1.00M, Peak:1.01M | Scene, ViewLayer | Updating Camera Volume
Fra:174 Mem:17.48M (Peak 59.57M) | Time:00:00.01 | Mem:1.00M, Peak:1.01M | Scene, ViewLayer | Updating Lookup Tables
Fra:174 Mem:17.48M (Peak 59.57M) | Time:00:00.01 | Mem:1.08M, Peak:1.08M | Scene, ViewLayer | Updating Lights
Fra:174 Mem:17.48M (Peak 59.57M) | Time:00:00.01 | Mem:1.08M, Peak:1.08M | Scene, ViewLayer | Updating Lights | Computing tree
Fra:174 Mem:17.99M (Peak 59.57M) | Time:00:00.02 | Mem:1.59M, Peak:1.59M | Scene, ViewLayer | Updating Integrator
Fra:174 Mem:17.99M (Peak 59.57M) | Time:00:00.02 | Mem:1.59M, Peak:1.59M | Scene, ViewLayer | Updating Film
Fra:174 Mem:17.99M (Peak 59.57M) | Time:00:00.02 | Mem:1.51M, Peak:1.59M | Scene, ViewLayer | Updating Lookup Tables
Fra:174 Mem:17.99M (Peak 59.57M) | Time:00:00.02 | Mem:1.59M, Peak:1.59M | Scene, ViewLayer | Updating Baking
Fra:174 Mem:17.99M (Peak 59.57M) | Time:00:00.02 | Mem:1.59M, Peak:1.59M | Scene, ViewLayer | Updating Device | Writing constant memory
Fra:174 Mem:17.99M (Peak 59.57M) | Time:00:00.02 | Mem:1.59M, Peak:1.59M | Scene, ViewLayer | Sample 0/32
Fra:174 Mem:35.83M (Peak 59.57M) | Time:00:00.28 | Remaining:00:07.95 | Mem:19.39M, Peak:19.39M | Scene, ViewLayer | Sample 1/32
Fra:174 Mem:43.74M (Peak 59.57M) | Time:00:08.25 | Mem:19.39M, Peak:19.39M | Scene, ViewLayer | Sample 32/32
Fra:174 Mem:43.74M (Peak 59.57M) | Time:00:08.25 | Mem:19.39M, Peak:19.39M | Scene, ViewLayer | Finished
Saved: '/home/runner/work/chaosim/chaosim/outputs/renders/paper_to_cloth_frames/frame_0174.png'
Time: 00:08.31 (Saving: 00:00.05)

Fra:175 Mem:22.41M (Peak 59.57M) | Time:00:00.00 | Mem:0.00M, Peak:0.00M | Scene, ViewLayer | Synchronizing object | ClothKey
Fra:175 Mem:22.42M (Peak 59.57M) | Time:00:00.00 | Mem:0.00M, Peak:0.00M | Scene, ViewLayer | Synchronizing object | Rod
Fra:175 Mem:22.42M (Peak 59.57M) | Time:00:00.00 | Mem:0.00M, Peak:0.00M | Scene, ViewLayer | Synchronizing object | FacesLabel
Fra:175 Mem:22.42M (Peak 59.57M) | Time:00:00.00 | Mem:0.00M, Peak:0.00M | Scene, ViewLayer | Synchronizing object | Sheet
Fra:175 Mem:22.45M (Peak 59.57M) | Time:00:00.00 | Mem:0.00M, Peak:0.00M | Scene, ViewLayer | Synchronizing object | GlassSphere
Fra:175 Mem:23.20M (Peak 59.57M) | Time:00:00.00 | Mem:0.00M, Peak:0.00M | Scene, ViewLayer | Initializing
Fra:175 Mem:17.03M (Peak 59.57M) | Time:00:00.00 | Mem:0.00M, Peak:0.00M | Scene, ViewLayer | Waiting for render to start
Fra:175 Mem:17.03M (Peak 59.57M) | Time:00:00.00 | Mem:0.00M, Peak:0.00M | Scene, ViewLayer | Updating Scene
Fra:175 Mem:17.03M (Peak 59.57M) | Time:00:00.00 | Mem:0.00M, Peak:0.00M | Scene, ViewLayer | Updating Shaders
Fra:175 Mem:17.03M (Peak 59.57M) | Time:00:00.00 | Mem:0.00M, Peak:0.00M | Scene, ViewLayer | Loading render kernels (may take a few minutes the first time)
Fra:175 Mem:17.11M (Peak 59.57M) | Time:00:00.01 | Mem:0.00M, Peak:0.00M | Scene, ViewLayer | Updating Procedurals
Fra:175 Mem:17.11M (Peak 59.57M) | Time:00:00.01 | Mem:0.00M, Peak:0.00M | Scene, ViewLayer | Updating Background
Fra:175 Mem:17.11M (Peak 59.57M) | Time:00:00.01 | Mem:0.00M, Peak:0.00M | Scene, ViewLayer | Updating Camera
Fra:175 Mem:17.11M (Peak 59.57M) | Time:00:00.01 | Mem:0.00M, Peak:0.00M | Scene, ViewLayer | Updating Meshes Flags
Fra:175 Mem:17.11M (Peak 59.57M) | Time:00:00.01 | Mem:0.00M, Peak:0.00M | Scene, ViewLayer | Updating Objects
Fra:175 Mem:17.11M (Peak 59.57M) | Time:00:00.01 | Mem:0.00M, Peak:0.00M | Scene, ViewLayer | Updating Objects | Copying Transformations to device
Fra:175 Mem:17.12M (Peak 59.57M) | Time:00:00.01 | Mem:0.01M, Peak:0.01M | Scene, ViewLayer | Updating Particle Systems
Fra:175 Mem:17.12M (Peak 59.57M) | Time:00:00.01 | Mem:0.01M, Peak:0.01M | Scene, ViewLayer | Updating Particle Systems | Copying Particles to device
Fra:175 Mem:17.12M (Peak 59.57M) | Time:00:00.01 | Mem:0.01M, Peak:0.01M | Scene, ViewLayer | Updating Meshes
Fra:175 Mem:17.12M (Peak 59.57M) | Time:00:00.01 | Mem:0.01M, Peak:0.01M | Scene, ViewLayer | Updating Objects | Applying Static Transformations
Fra:175 Mem:17.12M (Peak 59.57M) | Time:00:00.01 | Mem:0.01M, Peak:0.01M | Scene, ViewLayer | Updating Mesh | Computing attributes
Fra:175 Mem:17.19M (Peak 59.57M) | Time:00:00.01 | Mem:0.01M, Peak:0.01M | Scene, ViewLayer | Updating Mesh | Copying Attributes to device
Fra:175 Mem:17.19M (Peak 59.57M) | Time:00:00.01 | Mem:0.08M, Peak:0.08M | Scene, ViewLayer | Updating Scene BVH | Building
Fra:175 Mem:17.19M (Peak 59.57M) | Time:00:00.01 | Mem:0.08M, Peak:0.08M | Scene, ViewLayer | Updating Scene BVH | Building BVH
Fra:175 Mem:17.19M (Peak 59.57M) | Time:00:00.01 | Mem:0.38M, Peak:0.38M | Scene, ViewLayer | Updating Scene BVH | Building BVH 0%
Fra:175 Mem:17.19M (Peak 59.57M) | Time:00:00.01 | Mem:0.71M, Peak:1.01M | Scene, ViewLayer | Updating Scene BVH | Copying BVH to device
Fra:175 Mem:17.19M (Peak 59.57M) | Time:00:00.01 | Mem:0.71M, Peak:1.01M | Scene, ViewLayer | Updating Mesh | Computing normals
Fra:175 Mem:17.48M (Peak 59.57M) | Time:00:00.01 | Mem:0.71M, Peak:1.01M | Scene, ViewLayer | Updating Mesh | Copying Mesh to device
Fra:175 Mem:17.48M (Peak 59.57M) | Time:00:00.01 | Mem:1.00M, Peak:1.01M | Scene, ViewLayer | Updating Objects Flags
Fra:175 Mem:17.48M (Peak 59.57M) | Time:00:00.01 | Mem:1.00M, Peak:1.01M | Scene, ViewLayer | Updating Primitive Offsets
Fra:175 Mem:17.48M (Peak 59.57M) | Time:00:00.01 | Mem:1.00M, Peak:1.01M | Scene, ViewLayer | Updating Images
Fra:175 Mem:17.48M (Peak 59.57M) | Time:00:00.01 | Mem:1.00M, Peak:1.01M | Scene, ViewLayer | Updating Camera Volume
Fra:175 Mem:17.48M (Peak 59.57M) | Time:00:00.01 | Mem:1.00M, Peak:1.01M | Scene, ViewLayer | Updating Lookup Tables
Fra:175 Mem:17.48M (Peak 59.57M) | Time:00:00.01 | Mem:1.08M, Peak:1.08M | Scene, ViewLayer | Updating Lights
Fra:175 Mem:17.48M (Peak 59.57M) | Time:00:00.01 | Mem:1.08M, Peak:1.08M | Scene, ViewLayer | Updating Lights | Computing tree
Fra:175 Mem:17.99M (Peak 59.57M) | Time:00:00.02 | Mem:1.59M, Peak:1.59M | Scene, ViewLayer | Updating Integrator
Fra:175 Mem:17.99M (Peak 59.57M) | Time:00:00.02 | Mem:1.59M, Peak:1.59M | Scene, ViewLayer | Updating Film
Fra:175 Mem:17.99M (Peak 59.57M) | Time:00:00.02 | Mem:1.51M, Peak:1.59M | Scene, ViewLayer | Updating Lookup Tables
Fra:175 Mem:17.99M (Peak 59.57M) | Time:00:00.02 | Mem:1.59M, Peak:1.59M | Scene, ViewLayer | Updating Baking
Fra:175 Mem:17.99M (Peak 59.57M) | Time:00:00.02 | Mem:1.59M, Peak:1.59M | Scene, ViewLayer | Updating Device | Writing constant memory
Fra:175 Mem:17.99M (Peak 59.57M) | Time:00:00.02 | Mem:1.59M, Peak:1.59M | Scene, ViewLayer | Sample 0/32
Fra:175 Mem:35.83M (Peak 59.57M) | Time:00:00.26 | Remaining:00:07.35 | Mem:19.39M, Peak:19.39M | Scene, ViewLayer | Sample 1/32
Fra:175 Mem:43.74M (Peak 59.57M) | Time:00:07.69 | Mem:19.39M, Peak:19.39M | Scene, ViewLayer | Sample 32/32
Fra:175 Mem:43.74M (Peak 59.57M) | Time:00:07.69 | Mem:19.39M, Peak:19.39M | Scene, ViewLayer | Finished
Saved: '/home/runner/work/chaosim/chaosim/outputs/renders/paper_to_cloth_frames/frame_0175.png'
Time: 00:07.74 (Saving: 00:00.05)

Fra:176 Mem:22.41M (Peak 59.57M) | Time:00:00.00 | Mem:0.00M, Peak:0.00M | Scene, ViewLayer | Synchronizing object | ClothKey
Fra:176 Mem:22.42M (Peak 59.57M) | Time:00:00.00 | Mem:0.00M, Peak:0.00M | Scene, ViewLayer | Synchronizing object | ClothRim
Fra:176 Mem:22.42M (Peak 59.57M) | Time:00:00.00 | Mem:0.00M, Peak:0.00M | Scene, ViewLayer | Synchronizing object | Rod
Fra:176 Mem:22.42M (Peak 59.57M) | Time:00:00.00 | Mem:0.00M, Peak:0.00M | Scene, ViewLayer | Synchronizing object | FacesLabel
Fra:176 Mem:22.42M (Peak 59.57M) | Time:00:00.00 | Mem:0.00M, Peak:0.00M | Scene, ViewLayer | Synchronizing object | Sheet
Fra:176 Mem:22.51M (Peak 59.57M) | Time:00:00.00 | Mem:0.00M, Peak:0.00M | Scene, ViewLayer | Synchronizing object | GlassSphere
Fra:176 Mem:23.20M (Peak 59.57M) | Time:00:00.00 | Mem:0.00M, Peak:0.00M | Scene, ViewLayer | Initializing
Fra:176 Mem:17.03M (Peak 59.57M) | Time:00:00.00 | Mem:0.00M, Peak:0.00M | Scene, ViewLayer | Waiting for render to start
Fra:176 Mem:17.03M (Peak 59.57M) | Time:00:00.00 | Mem:0.00M, Peak:0.00M | Scene, ViewLayer | Updating Scene
Fra:176 Mem:17.03M (Peak 59.57M) | Time:00:00.00 | Mem:0.00M, Peak:0.00M | Scene, ViewLayer | Updating Shaders
Fra:176 Mem:17.03M (Peak 59.57M) | Time:00:00.00 | Mem:0.00M, Peak:0.00M | Scene, ViewLayer | Loading render kernels (may take a few minutes the first time)
Fra:176 Mem:17.11M (Peak 59.57M) | Time:00:00.00 | Mem:0.00M, Peak:0.00M | Scene, ViewLayer | Updating Procedurals
Fra:176 Mem:17.11M (Peak 59.57M) | Time:00:00.00 | Mem:0.00M, Peak:0.00M | Scene, ViewLayer | Updating Background
Fra:176 Mem:17.11M (Peak 59.57M) | Time:00:00.00 | Mem:0.00M, Peak:0.00M | Scene, ViewLayer | Updating Camera
Fra:176 Mem:17.11M (Peak 59.57M) | Time:00:00.00 | Mem:0.00M, Peak:0.00M | Scene, ViewLayer | Updating Meshes Flags
Fra:176 Mem:17.11M (Peak 59.57M) | Time:00:00.00 | Mem:0.00M, Peak:0.00M | Scene, ViewLayer | Updating Objects
Fra:176 Mem:17.11M (Peak 59.57M) | Time:00:00.00 | Mem:0.00M, Peak:0.00M | Scene, ViewLayer | Updating Objects | Copying Transformations to device
Fra:176 Mem:17.12M (Peak 59.57M) | Time:00:00.00 | Mem:0.01M, Peak:0.01M | Scene, ViewLayer | Updating Particle Systems
Fra:176 Mem:17.12M (Peak 59.57M) | Time:00:00.00 | Mem:0.01M, Peak:0.01M | Scene, ViewLayer | Updating Particle Systems | Copying Particles to device
Fra:176 Mem:17.12M (Peak 59.57M) | Time:00:00.00 | Mem:0.01M, Peak:0.01M | Scene, ViewLayer | Updating Meshes
Fra:176 Mem:17.12M (Peak 59.57M) | Time:00:00.00 | Mem:0.01M, Peak:0.01M | Scene, ViewLayer | Updating Objects | Applying Static Transformations
Fra:176 Mem:17.12M (Peak 59.57M) | Time:00:00.00 | Mem:0.01M, Peak:0.01M | Scene, ViewLayer | Updating Mesh | Computing attributes
Fra:176 Mem:17.19M (Peak 59.57M) | Time:00:00.00 | Mem:0.01M, Peak:0.01M | Scene, ViewLayer | Updating Mesh | Copying Attributes to device
Fra:176 Mem:17.19M (Peak 59.57M) | Time:00:00.00 | Mem:0.08M, Peak:0.08M | Scene, ViewLayer | Updating Scene BVH | Building
Fra:176 Mem:17.19M (Peak 59.57M) | Time:00:00.00 | Mem:0.08M, Peak:0.08M | Scene, ViewLayer | Updating Scene BVH | Building BVH
Fra:176 Mem:17.19M (Peak 59.57M) | Time:00:00.00 | Mem:0.38M, Peak:0.38M | Scene, ViewLayer | Updating Scene BVH | Building BVH 0%
Fra:176 Mem:17.19M (Peak 59.57M) | Time:00:00.01 | Mem:0.71M, Peak:1.01M | Scene, ViewLayer | Updating Scene BVH | Copying BVH to device
Fra:176 Mem:17.19M (Peak 59.57M) | Time:00:00.01 | Mem:0.71M, Peak:1.01M | Scene, ViewLayer | Updating Mesh | Computing normals
Fra:176 Mem:17.48M (Peak 59.57M) | Time:00:00.01 | Mem:0.71M, Peak:1.01M | Scene, ViewLayer | Updating Mesh | Copying Mesh to device
Fra:176 Mem:17.48M (Peak 59.57M) | Time:00:00.01 | Mem:1.00M, Peak:1.01M | Scene, ViewLayer | Updating Objects Flags
Fra:176 Mem:17.48M (Peak 59.57M) | Time:00:00.01 | Mem:1.00M, Peak:1.01M | Scene, ViewLayer | Updating Primitive Offsets
Fra:176 Mem:17.48M (Peak 59.57M) | Time:00:00.01 | Mem:1.00M, Peak:1.01M | Scene, ViewLayer | Updating Images
Fra:176 Mem:17.48M (Peak 59.57M) | Time:00:00.01 | Mem:1.00M, Peak:1.01M | Scene, ViewLayer | Updating Camera Volume
Fra:176 Mem:17.48M (Peak 59.57M) | Time:00:00.01 | Mem:1.00M, Peak:1.01M | Scene, ViewLayer | Updating Lookup Tables
Fra:176 Mem:17.48M (Peak 59.57M) | Time:00:00.01 | Mem:1.08M, Peak:1.08M | Scene, ViewLayer | Updating Lights
Fra:176 Mem:17.48M (Peak 59.57M) | Time:00:00.01 | Mem:1.08M, Peak:1.08M | Scene, ViewLayer | Updating Lights | Computing tree
Fra:176 Mem:17.99M (Peak 59.57M) | Time:00:00.02 | Mem:1.59M, Peak:1.59M | Scene, ViewLayer | Updating Integrator
Fra:176 Mem:17.99M (Peak 59.57M) | Time:00:00.02 | Mem:1.59M, Peak:1.59M | Scene, ViewLayer | Updating Film
Fra:176 Mem:17.99M (Peak 59.57M) | Time:00:00.02 | Mem:1.51M, Peak:1.59M | Scene, ViewLayer | Updating Lookup Tables
Fra:176 Mem:17.99M (Peak 59.57M) | Time:00:00.02 | Mem:1.59M, Peak:1.59M | Scene, ViewLayer | Updating Baking
Fra:176 Mem:17.99M (Peak 59.57M) | Time:00:00.02 | Mem:1.59M, Peak:1.59M | Scene, ViewLayer | Updating Device | Writing constant memory
Fra:176 Mem:17.99M (Peak 59.57M) | Time:00:00.02 | Mem:1.59M, Peak:1.59M | Scene, ViewLayer | Sample 0/32
Fra:176 Mem:35.83M (Peak 59.57M) | Time:00:00.24 | Remaining:00:06.97 | Mem:19.39M, Peak:19.39M | Scene, ViewLayer | Sample 1/32
Fra:176 Mem:43.74M (Peak 59.57M) | Time:00:07.30 | Mem:19.39M, Peak:19.39M | Scene, ViewLayer | Sample 32/32
Fra:176 Mem:43.74M (Peak 59.57M) | Time:00:07.30 | Mem:19.39M, Peak:19.39M | Scene, ViewLayer | Finished
Saved: '/home/runner/work/chaosim/chaosim/outputs/renders/paper_to_cloth_frames/frame_0176.png'
Time: 00:07.36 (Saving: 00:00.05)

Fra:177 Mem:22.41M (Peak 59.57M) | Time:00:00.00 | Mem:0.00M, Peak:0.00M | Scene, ViewLayer | Synchronizing object | ClothKey
Fra:177 Mem:22.42M (Peak 59.57M) | Time:00:00.00 | Mem:0.00M, Peak:0.00M | Scene, ViewLayer | Synchronizing object | ClothFill
Fra:177 Mem:22.42M (Peak 59.57M) | Time:00:00.00 | Mem:0.00M, Peak:0.00M | Scene, ViewLayer | Synchronizing object | Sheet
Fra:177 Mem:22.42M (Peak 59.57M) | Time:00:00.00 | Mem:0.00M, Peak:0.00M | Scene, ViewLayer | Synchronizing object | FacesLabel
Fra:177 Mem:22.47M (Peak 59.57M) | Time:00:00.00 | Mem:0.00M, Peak:0.00M | Scene, ViewLayer | Synchronizing object | GlassSphere
Fra:177 Mem:23.20M (Peak 59.57M) | Time:00:00.00 | Mem:0.00M, Peak:0.00M | Scene, ViewLayer | Initializing
Fra:177 Mem:17.03M (Peak 59.57M) | Time:00:00.00 | Mem:0.00M, Peak:0.00M | Scene, ViewLayer | Waiting for render to start
Fra:177 Mem:17.03M (Peak 59.57M) | Time:00:00.00 | Mem:0.00M, Peak:0.00M | Scene, ViewLayer | Updating Scene
Fra:177 Mem:17.03M (Peak 59.57M) | Time:00:00.00 | Mem:0.00M, Peak:0.00M | Scene, ViewLayer | Updating Shaders
Fra:177 Mem:17.03M (Peak 59.57M) | Time:00:00.00 | Mem:0.00M, Peak:0.00M | Scene, ViewLayer | Loading render kernels (may take a few minutes the first time)
Fra:177 Mem:17.11M (Peak 59.57M) | Time:00:00.00 | Mem:0.00M, Peak:0.00M | Scene, ViewLayer | Updating Procedurals
Fra:177 Mem:17.11M (Peak 59.57M) | Time:00:00.00 | Mem:0.00M, Peak:0.00M | Scene, ViewLayer | Updating Background
Fra:177 Mem:17.11M (Peak 59.57M) | Time:00:00.00 | Mem:0.00M, Peak:0.00M | Scene, ViewLayer | Updating Camera
Fra:177 Mem:17.11M (Peak 59.57M) | Time:00:00.00 | Mem:0.00M, Peak:0.00M | Scene, ViewLayer | Updating Meshes Flags
Fra:177 Mem:17.11M (Peak 59.57M) | Time:00:00.00 | Mem:0.00M, Peak:0.00M | Scene, ViewLayer | Updating Objects
Fra:177 Mem:17.11M (Peak 59.57M) | Time:00:00.00 | Mem:0.00M, Peak:0.00M | Scene, ViewLayer | Updating Objects | Copying Transformations to device
Fra:177 Mem:17.12M (Peak 59.57M) | Time:00:00.00 | Mem:0.01M, Peak:0.01M | Scene, ViewLayer | Updating Particle Systems
Fra:177 Mem:17.12M (Peak 59.57M) | Time:00:00.00 | Mem:0.01M, Peak:0.01M | Scene, ViewLayer | Updating Particle Systems | Copying Particles to device
Fra:177 Mem:17.12M (Peak 59.57M) | Time:00:00.00 | Mem:0.01M, Peak:0.01M | Scene, ViewLayer | Updating Meshes
Fra:177 Mem:17.12M (Peak 59.57M) | Time:00:00.00 | Mem:0.01M, Peak:0.01M | Scene, ViewLayer | Updating Objects | Applying Static Transformations
Fra:177 Mem:17.12M (Peak 59.57M) | Time:00:00.00 | Mem:0.01M, Peak:0.01M | Scene, ViewLayer | Updating Mesh | Computing attributes
Fra:177 Mem:17.19M (Peak 59.57M) | Time:00:00.00 | Mem:0.01M, Peak:0.01M | Scene, ViewLayer | Updating Mesh | Copying Attributes to device
Fra:177 Mem:17.19M (Peak 59.57M) | Time:00:00.00 | Mem:0.08M, Peak:0.08M | Scene, ViewLayer | Updating Scene BVH | Building
Fra:177 Mem:17.19M (Peak 59.57M) | Time:00:00.00 | Mem:0.08M, Peak:0.08M | Scene, ViewLayer | Updating Scene BVH | Building BVH
Fra:177 Mem:17.19M (Peak 59.57M) | Time:00:00.00 | Mem:0.38M, Peak:0.38M | Scene, ViewLayer | Updating Scene BVH | Building BVH 0%
Fra:177 Mem:17.19M (Peak 59.57M) | Time:00:00.01 | Mem:0.71M, Peak:1.01M | Scene, ViewLayer | Updating Scene BVH | Copying BVH to device
Fra:177 Mem:17.19M (Peak 59.57M) | Time:00:00.01 | Mem:0.71M, Peak:1.01M | Scene, ViewLayer | Updating Mesh | Computing normals
Fra:177 Mem:17.48M (Peak 59.57M) | Time:00:00.01 | Mem:0.71M, Peak:1.01M | Scene, ViewLayer | Updating Mesh | Copying Mesh to device
Fra:177 Mem:17.48M (Peak 59.57M) | Time:00:00.01 | Mem:1.00M, Peak:1.01M | Scene, ViewLayer | Updating Objects Flags
Fra:177 Mem:17.48M (Peak 59.57M) | Time:00:00.01 | Mem:1.00M, Peak:1.01M | Scene, ViewLayer | Updating Primitive Offsets
Fra:177 Mem:17.48M (Peak 59.57M) | Time:00:00.01 | Mem:1.00M, Peak:1.01M | Scene, ViewLayer | Updating Images
Fra:177 Mem:17.48M (Peak 59.57M) | Time:00:00.01 | Mem:1.00M, Peak:1.01M | Scene, ViewLayer | Updating Camera Volume
Fra:177 Mem:17.48M (Peak 59.57M) | Time:00:00.01 | Mem:1.00M, Peak:1.01M | Scene, ViewLayer | Updating Lookup Tables
Fra:177 Mem:17.48M (Peak 59.57M) | Time:00:00.01 | Mem:1.08M, Peak:1.08M | Scene, ViewLayer | Updating Lights
Fra:177 Mem:17.48M (Peak 59.57M) | Time:00:00.01 | Mem:1.08M, Peak:1.08M | Scene, ViewLayer | Updating Lights | Computing tree
Fra:177 Mem:17.99M (Peak 59.57M) | Time:00:00.02 | Mem:1.59M, Peak:1.59M | Scene, ViewLayer | Updating Integrator
Fra:177 Mem:17.99M (Peak 59.57M) | Time:00:00.02 | Mem:1.59M, Peak:1.59M | Scene, ViewLayer | Updating Film
Fra:177 Mem:17.99M (Peak 59.57M) | Time:00:00.02 | Mem:1.51M, Peak:1.59M | Scene, ViewLayer | Updating Lookup Tables
Fra:177 Mem:17.99M (Peak 59.57M) | Time:00:00.02 | Mem:1.59M, Peak:1.59M | Scene, ViewLayer | Updating Baking
Fra:177 Mem:17.99M (Peak 59.57M) | Time:00:00.02 | Mem:1.59M, Peak:1.59M | Scene, ViewLayer | Updating Device | Writing constant memory
Fra:177 Mem:17.99M (Peak 59.57M) | Time:00:00.02 | Mem:1.59M, Peak:1.59M | Scene, ViewLayer | Sample 0/32
Fra:177 Mem:35.83M (Peak 59.57M) | Time:00:00.24 | Remaining:00:06.74 | Mem:19.39M, Peak:19.39M | Scene, ViewLayer | Sample 1/32
Fra:177 Mem:43.74M (Peak 59.57M) | Time:00:07.12 | Mem:19.39M, Peak:19.39M | Scene, ViewLayer | Sample 32/32
Fra:177 Mem:43.74M (Peak 59.57M) | Time:00:07.12 | Mem:19.39M, Peak:19.39M | Scene, ViewLayer | Finished
Saved: '/home/runner/work/chaosim/chaosim/outputs/renders/paper_to_cloth_frames/frame_0177.png'
Time: 00:07.17 (Saving: 00:00.05)

Fra:178 Mem:22.41M (Peak 59.57M) | Time:00:00.00 | Mem:0.00M, Peak:0.00M | Scene, ViewLayer | Synchronizing object | ClothKey
Fra:178 Mem:22.42M (Peak 59.57M) | Time:00:00.00 | Mem:0.00M, Peak:0.00M | Scene, ViewLayer | Synchronizing object | ClothRim
Fra:178 Mem:22.42M (Peak 59.57M) | Time:00:00.00 | Mem:0.00M, Peak:0.00M | Scene, ViewLayer | Synchronizing object | FacesLabel
Fra:178 Mem:22.42M (Peak 59.57M) | Time:00:00.00 | Mem:0.00M, Peak:0.00M | Scene, ViewLayer | Synchronizing object | GlassSphere
Fra:178 Mem:23.20M (Peak 59.57M) | Time:00:00.00 | Mem:0.00M, Peak:0.00M | Scene, ViewLayer | Initializing
Fra:178 Mem:17.03M (Peak 59.57M) | Time:00:00.00 | Mem:0.00M, Peak:0.00M | Scene, ViewLayer | Waiting for render to start
Fra:178 Mem:17.03M (Peak 59.57M) | Time:00:00.00 | Mem:0.00M, Peak:0.00M | Scene, ViewLayer | Updating Scene
Fra:178 Mem:17.03M (Peak 59.57M) | Time:00:00.00 | Mem:0.00M, Peak:0.00M | Scene, ViewLayer | Updating Shaders
Fra:178 Mem:17.03M (Peak 59.57M) | Time:00:00.00 | Mem:0.00M, Peak:0.00M | Scene, ViewLayer | Loading render kernels (may take a few minutes the first time)
Fra:178 Mem:17.11M (Peak 59.57M) | Time:00:00.00 | Mem:0.00M, Peak:0.00M | Scene, ViewLayer | Updating Procedurals
Fra:178 Mem:17.11M (Peak 59.57M) | Time:00:00.00 | Mem:0.00M, Peak:0.00M | Scene, ViewLayer | Updating Background
Fra:178 Mem:17.11M (Peak 59.57M) | Time:00:00.00 | Mem:0.00M, Peak:0.00M | Scene, ViewLayer | Updating Camera
Fra:178 Mem:17.11M (Peak 59.57M) | Time:00:00.00 | Mem:0.00M, Peak:0.00M | Scene, ViewLayer | Updating Meshes Flags
Fra:178 Mem:17.11M (Peak 59.57M) | Time:00:00.00 | Mem:0.00M, Peak:0.00M | Scene, ViewLayer | Updating Objects
Fra:178 Mem:17.11M (Peak 59.57M) | Time:00:00.00 | Mem:0.00M, Peak:0.00M | Scene, ViewLayer | Updating Objects | Copying Transformations to device
Fra:178 Mem:17.12M (Peak 59.57M) | Time:00:00.00 | Mem:0.01M, Peak:0.01M | Scene, ViewLayer | Updating Particle Systems
Fra:178 Mem:17.12M (Peak 59.57M) | Time:00:00.00 | Mem:0.01M, Peak:0.01M | Scene, ViewLayer | Updating Particle Systems | Copying Particles to device
Fra:178 Mem:17.12M (Peak 59.57M) | Time:00:00.00 | Mem:0.01M, Peak:0.01M | Scene, ViewLayer | Updating Meshes
Fra:178 Mem:17.12M (Peak 59.57M) | Time:00:00.00 | Mem:0.01M, Peak:0.01M | Scene, ViewLayer | Updating Objects | Applying Static Transformations
Fra:178 Mem:17.12M (Peak 59.57M) | Time:00:00.00 | Mem:0.01M, Peak:0.01M | Scene, ViewLayer | Updating Mesh | Computing attributes
Fra:178 Mem:17.19M (Peak 59.57M) | Time:00:00.00 | Mem:0.01M, Peak:0.01M | Scene, ViewLayer | Updating Mesh | Copying Attributes to device
Fra:178 Mem:17.19M (Peak 59.57M) | Time:00:00.00 | Mem:0.08M, Peak:0.08M | Scene, ViewLayer | Updating Scene BVH | Building
Fra:178 Mem:17.19M (Peak 59.57M) | Time:00:00.00 | Mem:0.08M, Peak:0.08M | Scene, ViewLayer | Updating Scene BVH | Building BVH
Fra:178 Mem:17.19M (Peak 59.57M) | Time:00:00.00 | Mem:0.38M, Peak:0.38M | Scene, ViewLayer | Updating Scene BVH | Building BVH 0%
Fra:178 Mem:17.19M (Peak 59.57M) | Time:00:00.01 | Mem:0.71M, Peak:1.01M | Scene, ViewLayer | Updating Scene BVH | Copying BVH to device
Fra:178 Mem:17.19M (Peak 59.57M) | Time:00:00.01 | Mem:0.71M, Peak:1.01M | Scene, ViewLayer | Updating Mesh | Computing normals
Fra:178 Mem:17.48M (Peak 59.57M) | Time:00:00.01 | Mem:0.71M, Peak:1.01M | Scene, ViewLayer | Updating Mesh | Copying Mesh to device
Fra:178 Mem:17.48M (Peak 59.57M) | Time:00:00.01 | Mem:1.00M, Peak:1.01M | Scene, ViewLayer | Updating Objects Flags
Fra:178 Mem:17.48M (Peak 59.57M) | Time:00:00.01 | Mem:1.00M, Peak:1.01M | Scene, ViewLayer | Updating Primitive Offsets
Fra:178 Mem:17.48M (Peak 59.57M) | Time:00:00.01 | Mem:1.00M, Peak:1.01M | Scene, ViewLayer | Updating Images
Fra:178 Mem:17.48M (Peak 59.57M) | Time:00:00.01 | Mem:1.00M, Peak:1.01M | Scene, ViewLayer | Updating Camera Volume
Fra:178 Mem:17.48M (Peak 59.57M) | Time:00:00.01 | Mem:1.00M, Peak:1.01M | Scene, ViewLayer | Updating Lookup Tables
Fra:178 Mem:17.48M (Peak 59.57M) | Time:00:00.01 | Mem:1.08M, Peak:1.08M | Scene, ViewLayer | Updating Lights
Fra:178 Mem:17.48M (Peak 59.57M) | Time:00:00.01 | Mem:1.08M, Peak:1.08M | Scene, ViewLayer | Updating Lights | Computing tree
Fra:178 Mem:17.99M (Peak 59.57M) | Time:00:00.02 | Mem:1.59M, Peak:1.59M | Scene, ViewLayer | Updating Integrator
Fra:178 Mem:17.99M (Peak 59.57M) | Time:00:00.02 | Mem:1.59M, Peak:1.59M | Scene, ViewLayer | Updating Film
Fra:178 Mem:17.99M (Peak 59.57M) | Time:00:00.02 | Mem:1.51M, Peak:1.59M | Scene, ViewLayer | Updating Lookup Tables
Fra:178 Mem:17.99M (Peak 59.57M) | Time:00:00.02 | Mem:1.59M, Peak:1.59M | Scene, ViewLayer | Updating Baking
Fra:178 Mem:17.99M (Peak 59.57M) | Time:00:00.02 | Mem:1.59M, Peak:1.59M | Scene, ViewLayer | Updating Device | Writing constant memory
Fra:178 Mem:17.99M (Peak 59.57M) | Time:00:00.02 | Mem:1.59M, Peak:1.59M | Scene, ViewLayer | Sample 0/32
Fra:178 Mem:35.83M (Peak 59.57M) | Time:00:00.23 | Remaining:00:06.60 | Mem:19.39M, Peak:19.39M | Scene, ViewLayer | Sample 1/32
Fra:178 Mem:43.74M (Peak 59.57M) | Time:00:06.86 | Mem:19.39M, Peak:19.39M | Scene, ViewLayer | Sample 32/32
Fra:178 Mem:43.74M (Peak 59.57M) | Time:00:06.86 | Mem:19.39M, Peak:19.39M | Scene, ViewLayer | Finished
Saved: '/home/runner/work/chaosim/chaosim/outputs/renders/paper_to_cloth_frames/frame_0178.png'
Time: 00:06.92 (Saving: 00:00.05)

Fra:179 Mem:22.41M (Peak 59.57M) | Time:00:00.00 | Mem:0.00M, Peak:0.00M | Scene, ViewLayer | Synchronizing object | ClothKey
Fra:179 Mem:22.42M (Peak 59.57M) | Time:00:00.00 | Mem:0.00M, Peak:0.00M | Scene, ViewLayer | Synchronizing object | ClothRim
Fra:179 Mem:22.42M (Peak 59.57M) | Time:00:00.00 | Mem:0.00M, Peak:0.00M | Scene, ViewLayer | Synchronizing object | Rod
Fra:179 Mem:22.42M (Peak 59.57M) | Time:00:00.00 | Mem:0.00M, Peak:0.00M | Scene, ViewLayer | Synchronizing object | Sheet
Fra:179 Mem:22.42M (Peak 59.57M) | Time:00:00.00 | Mem:0.00M, Peak:0.00M | Scene, ViewLayer | Synchronizing object | FacesLabel
Fra:179 Mem:22.51M (Peak 59.57M) | Time:00:00.00 | Mem:0.00M, Peak:0.00M | Scene, ViewLayer | Synchronizing object | GlassSphere
Fra:179 Mem:23.20M (Peak 59.57M) | Time:00:00.00 | Mem:0.00M, Peak:0.00M | Scene, ViewLayer | Initializing
Fra:179 Mem:17.03M (Peak 59.57M) | Time:00:00.00 | Mem:0.00M, Peak:0.00M | Scene, ViewLayer | Waiting for render to start
Fra:179 Mem:17.03M (Peak 59.57M) | Time:00:00.00 | Mem:0.00M, Peak:0.00M | Scene, ViewLayer | Updating Scene
Fra:179 Mem:17.03M (Peak 59.57M) | Time:00:00.00 | Mem:0.00M, Peak:0.00M | Scene, ViewLayer | Updating Shaders
Fra:179 Mem:17.03M (Peak 59.57M) | Time:00:00.00 | Mem:0.00M, Peak:0.00M | Scene, ViewLayer | Loading render kernels (may take a few minutes the first time)
Fra:179 Mem:17.11M (Peak 59.57M) | Time:00:00.00 | Mem:0.00M, Peak:0.00M | Scene, ViewLayer | Updating Procedurals
Fra:179 Mem:17.11M (Peak 59.57M) | Time:00:00.00 | Mem:0.00M, Peak:0.00M | Scene, ViewLayer | Updating Background
Fra:179 Mem:17.11M (Peak 59.57M) | Time:00:00.00 | Mem:0.00M, Peak:0.00M | Scene, ViewLayer | Updating Camera
Fra:179 Mem:17.11M (Peak 59.57M) | Time:00:00.00 | Mem:0.00M, Peak:0.00M | Scene, ViewLayer | Updating Meshes Flags
Fra:179 Mem:17.11M (Peak 59.57M) | Time:00:00.00 | Mem:0.00M, Peak:0.00M | Scene, ViewLayer | Updating Objects
Fra:179 Mem:17.11M (Peak 59.57M) | Time:00:00.00 | Mem:0.00M, Peak:0.00M | Scene, ViewLayer | Updating Objects | Copying Transformations to device
Fra:179 Mem:17.12M (Peak 59.57M) | Time:00:00.00 | Mem:0.01M, Peak:0.01M | Scene, ViewLayer | Updating Particle Systems
Fra:179 Mem:17.12M (Peak 59.57M) | Time:00:00.00 | Mem:0.01M, Peak:0.01M | Scene, ViewLayer | Updating Particle Systems | Copying Particles to device
Fra:179 Mem:17.12M (Peak 59.57M) | Time:00:00.00 | Mem:0.01M, Peak:0.01M | Scene, ViewLayer | Updating Meshes
Fra:179 Mem:17.12M (Peak 59.57M) | Time:00:00.00 | Mem:0.01M, Peak:0.01M | Scene, ViewLayer | Updating Objects | Applying Static Transformations
Fra:179 Mem:17.12M (Peak 59.57M) | Time:00:00.00 | Mem:0.01M, Peak:0.01M | Scene, ViewLayer | Updating Mesh | Computing attributes
Fra:179 Mem:17.19M (Peak 59.57M) | Time:00:00.00 | Mem:0.01M, Peak:0.01M | Scene, ViewLayer | Updating Mesh | Copying Attributes to device
Fra:179 Mem:17.19M (Peak 59.57M) | Time:00:00.00 | Mem:0.08M, Peak:0.08M | Scene, ViewLayer | Updating Scene BVH | Building
Fra:179 Mem:17.19M (Peak 59.57M) | Time:00:00.00 | Mem:0.08M, Peak:0.08M | Scene, ViewLayer | Updating Scene BVH | Building BVH
Fra:179 Mem:17.19M (Peak 59.57M) | Time:00:00.00 | Mem:0.38M, Peak:0.38M | Scene, ViewLayer | Updating Scene BVH | Building BVH 0%
Fra:179 Mem:17.19M (Peak 59.57M) | Time:00:00.01 | Mem:0.71M, Peak:1.01M | Scene, ViewLayer | Updating Scene BVH | Copying BVH to device
Fra:179 Mem:17.19M (Peak 59.57M) | Time:00:00.01 | Mem:0.71M, Peak:1.01M | Scene, ViewLayer | Updating Mesh | Computing normals
Fra:179 Mem:17.48M (Peak 59.57M) | Time:00:00.01 | Mem:0.71M, Peak:1.01M | Scene, ViewLayer | Updating Mesh | Copying Mesh to device
Fra:179 Mem:17.48M (Peak 59.57M) | Time:00:00.01 | Mem:1.00M, Peak:1.01M | Scene, ViewLayer | Updating Objects Flags
Fra:179 Mem:17.48M (Peak 59.57M) | Time:00:00.01 | Mem:1.00M, Peak:1.01M | Scene, ViewLayer | Updating Primitive Offsets
Fra:179 Mem:17.48M (Peak 59.57M) | Time:00:00.01 | Mem:1.00M, Peak:1.01M | Scene, ViewLayer | Updating Images
Fra:179 Mem:17.48M (Peak 59.57M) | Time:00:00.01 | Mem:1.00M, Peak:1.01M | Scene, ViewLayer | Updating Camera Volume
Fra:179 Mem:17.48M (Peak 59.57M) | Time:00:00.01 | Mem:1.00M, Peak:1.01M | Scene, ViewLayer | Updating Lookup Tables
Fra:179 Mem:17.48M (Peak 59.57M) | Time:00:00.01 | Mem:1.08M, Peak:1.08M | Scene, ViewLayer | Updating Lights
Fra:179 Mem:17.48M (Peak 59.57M) | Time:00:00.01 | Mem:1.08M, Peak:1.08M | Scene, ViewLayer | Updating Lights | Computing tree
Fra:179 Mem:17.99M (Peak 59.57M) | Time:00:00.02 | Mem:1.59M, Peak:1.59M | Scene, ViewLayer | Updating Integrator
Fra:179 Mem:17.99M (Peak 59.57M) | Time:00:00.02 | Mem:1.59M, Peak:1.59M | Scene, ViewLayer | Updating Film
Fra:179 Mem:17.99M (Peak 59.57M) | Time:00:00.02 | Mem:1.51M, Peak:1.59M | Scene, ViewLayer | Updating Lookup Tables
Fra:179 Mem:17.99M (Peak 59.57M) | Time:00:00.02 | Mem:1.59M, Peak:1.59M | Scene, ViewLayer | Updating Baking
Fra:179 Mem:17.99M (Peak 59.57M) | Time:00:00.02 | Mem:1.59M, Peak:1.59M | Scene, ViewLayer | Updating Device | Writing constant memory
Fra:179 Mem:17.99M (Peak 59.57M) | Time:00:00.02 | Mem:1.59M, Peak:1.59M | Scene, ViewLayer | Sample 0/32
Fra:179 Mem:35.83M (Peak 59.57M) | Time:00:00.23 | Remaining:00:06.49 | Mem:19.39M, Peak:19.39M | Scene, ViewLayer | Sample 1/32
Fra:179 Mem:43.74M (Peak 59.57M) | Time:00:06.70 | Mem:19.39M, Peak:19.39M | Scene, ViewLayer | Sample 32/32
Fra:179 Mem:43.74M (Peak 59.57M) | Time:00:06.70 | Mem:19.39M, Peak:19.39M | Scene, ViewLayer | Finished
Saved: '/home/runner/work/chaosim/chaosim/outputs/renders/paper_to_cloth_frames/frame_0179.png'
Time: 00:06.76 (Saving: 00:00.05)

Fra:180 Mem:22.41M (Peak 59.57M) | Time:00:00.00 | Mem:0.00M, Peak:0.00M | Scene, ViewLayer | Synchronizing object | ClothKey
Fra:180 Mem:22.42M (Peak 59.57M) | Time:00:00.00 | Mem:0.00M, Peak:0.00M | Scene, ViewLayer | Synchronizing object | ClothRim
Fra:180 Mem:22.42M (Peak 59.57M) | Time:00:00.00 | Mem:0.00M, Peak:0.00M | Scene, ViewLayer | Synchronizing object | Sheet
Fra:180 Mem:22.42M (Peak 59.57M) | Time:00:00.00 | Mem:0.00M, Peak:0.00M | Scene, ViewLayer | Synchronizing object | FacesLabel
Fra:180 Mem:22.62M (Peak 59.57M) | Time:00:00.00 | Mem:0.00M, Peak:0.00M | Scene, ViewLayer | Synchronizing object | GlassSphere
Fra:180 Mem:23.20M (Peak 59.57M) | Time:00:00.00 | Mem:0.00M, Peak:0.00M | Scene, ViewLayer | Initializing
Fra:180 Mem:17.03M (Peak 59.57M) | Time:00:00.00 | Mem:0.00M, Peak:0.00M | Scene, ViewLayer | Waiting for render to start
Fra:180 Mem:17.03M (Peak 59.57M) | Time:00:00.00 | Mem:0.00M, Peak:0.00M | Scene, ViewLayer | Updating Scene
Fra:180 Mem:17.03M (Peak 59.57M) | Time:00:00.00 | Mem:0.00M, Peak:0.00M | Scene, ViewLayer | Updating Shaders
Fra:180 Mem:17.03M (Peak 59.57M) | Time:00:00.00 | Mem:0.00M, Peak:0.00M | Scene, ViewLayer | Loading render kernels (may take a few minutes the first time)
Fra:180 Mem:17.11M (Peak 59.57M) | Time:00:00.00 | Mem:0.00M, Peak:0.00M | Scene, ViewLayer | Updating Procedurals
Fra:180 Mem:17.11M (Peak 59.57M) | Time:00:00.00 | Mem:0.00M, Peak:0.00M | Scene, ViewLayer | Updating Background
Fra:180 Mem:17.11M (Peak 59.57M) | Time:00:00.00 | Mem:0.00M, Peak:0.00M | Scene, ViewLayer | Updating Camera
Fra:180 Mem:17.11M (Peak 59.57M) | Time:00:00.00 | Mem:0.00M, Peak:0.00M | Scene, ViewLayer | Updating Meshes Flags
Fra:180 Mem:17.11M (Peak 59.57M) | Time:00:00.00 | Mem:0.00M, Peak:0.00M | Scene, ViewLayer | Updating Objects
Fra:180 Mem:17.11M (Peak 59.57M) | Time:00:00.00 | Mem:0.00M, Peak:0.00M | Scene, ViewLayer | Updating Objects | Copying Transformations to device
Fra:180 Mem:17.12M (Peak 59.57M) | Time:00:00.00 | Mem:0.01M, Peak:0.01M | Scene, ViewLayer | Updating Particle Systems
Fra:180 Mem:17.12M (Peak 59.57M) | Time:00:00.00 | Mem:0.01M, Peak:0.01M | Scene, ViewLayer | Updating Particle Systems | Copying Particles to device
Fra:180 Mem:17.12M (Peak 59.57M) | Time:00:00.00 | Mem:0.01M, Peak:0.01M | Scene, ViewLayer | Updating Meshes
Fra:180 Mem:17.12M (Peak 59.57M) | Time:00:00.00 | Mem:0.01M, Peak:0.01M | Scene, ViewLayer | Updating Objects | Applying Static Transformations
Fra:180 Mem:17.12M (Peak 59.57M) | Time:00:00.00 | Mem:0.01M, Peak:0.01M | Scene, ViewLayer | Updating Mesh | Computing attributes
Fra:180 Mem:17.19M (Peak 59.57M) | Time:00:00.00 | Mem:0.01M, Peak:0.01M | Scene, ViewLayer | Updating Mesh | Copying Attributes to device
Fra:180 Mem:17.19M (Peak 59.57M) | Time:00:00.00 | Mem:0.08M, Peak:0.08M | Scene, ViewLayer | Updating Scene BVH | Building
Fra:180 Mem:17.19M (Peak 59.57M) | Time:00:00.00 | Mem:0.08M, Peak:0.08M | Scene, ViewLayer | Updating Scene BVH | Building BVH
Fra:180 Mem:17.19M (Peak 59.57M) | Time:00:00.00 | Mem:0.38M, Peak:0.38M | Scene, ViewLayer | Updating Scene BVH | Building BVH 0%
Fra:180 Mem:17.19M (Peak 59.57M) | Time:00:00.01 | Mem:0.71M, Peak:1.01M | Scene, ViewLayer | Updating Scene BVH | Copying BVH to device
Fra:180 Mem:17.19M (Peak 59.57M) | Time:00:00.01 | Mem:0.71M, Peak:1.01M | Scene, ViewLayer | Updating Mesh | Computing normals
Fra:180 Mem:17.48M (Peak 59.57M) | Time:00:00.01 | Mem:0.71M, Peak:1.01M | Scene, ViewLayer | Updating Mesh | Copying Mesh to device
Fra:180 Mem:17.48M (Peak 59.57M) | Time:00:00.01 | Mem:1.00M, Peak:1.01M | Scene, ViewLayer | Updating Objects Flags
Fra:180 Mem:17.48M (Peak 59.57M) | Time:00:00.01 | Mem:1.00M, Peak:1.01M | Scene, ViewLayer | Updating Primitive Offsets
Fra:180 Mem:17.48M (Peak 59.57M) | Time:00:00.01 | Mem:1.00M, Peak:1.01M | Scene, ViewLayer | Updating Images
Fra:180 Mem:17.48M (Peak 59.57M) | Time:00:00.01 | Mem:1.00M, Peak:1.01M | Scene, ViewLayer | Updating Camera Volume
Fra:180 Mem:17.48M (Peak 59.57M) | Time:00:00.01 | Mem:1.00M, Peak:1.01M | Scene, ViewLayer | Updating Lookup Tables
Fra:180 Mem:17.48M (Peak 59.57M) | Time:00:00.01 | Mem:1.08M, Peak:1.08M | Scene, ViewLayer | Updating Lights
Fra:180 Mem:17.48M (Peak 59.57M) | Time:00:00.01 | Mem:1.08M, Peak:1.08M | Scene, ViewLayer | Updating Lights | Computing tree
Fra:180 Mem:17.99M (Peak 59.57M) | Time:00:00.02 | Mem:1.59M, Peak:1.59M | Scene, ViewLayer | Updating Integrator
Fra:180 Mem:17.99M (Peak 59.57M) | Time:00:00.02 | Mem:1.59M, Peak:1.59M | Scene, ViewLayer | Updating Film
Fra:180 Mem:17.99M (Peak 59.57M) | Time:00:00.02 | Mem:1.51M, Peak:1.59M | Scene, ViewLayer | Updating Lookup Tables
Fra:180 Mem:17.99M (Peak 59.57M) | Time:00:00.02 | Mem:1.59M, Peak:1.59M | Scene, ViewLayer | Updating Baking
Fra:180 Mem:17.99M (Peak 59.57M) | Time:00:00.02 | Mem:1.59M, Peak:1.59M | Scene, ViewLayer | Updating Device | Writing constant memory
Fra:180 Mem:17.99M (Peak 59.57M) | Time:00:00.02 | Mem:1.59M, Peak:1.59M | Scene, ViewLayer | Sample 0/32
Fra:180 Mem:35.83M (Peak 59.57M) | Time:00:00.22 | Remaining:00:06.13 | Mem:19.39M, Peak:19.39M | Scene, ViewLayer | Sample 1/32
Fra:180 Mem:43.74M (Peak 59.57M) | Time:00:06.50 | Mem:19.39M, Peak:19.39M | Scene, ViewLayer | Sample 32/32
Fra:180 Mem:43.74M (Peak 59.57M) | Time:00:06.50 | Mem:19.39M, Peak:19.39M | Scene, ViewLayer | Finished
Saved: '/home/runner/work/chaosim/chaosim/outputs/renders/paper_to_cloth_frames/frame_0180.png'
Time: 00:06.56 (Saving: 00:00.05)

CHAOSIM_MAX_FRAMES=180: truncating frame_end 720 -> 180
Engine=CYCLES frames=1-180 res%=50 fps=30
CHAOSIM_MAX_FRAMES=180: stage_duration_sec -> 1.500s x 4 stages
Staged frame_end override -> 180
paper_to_cloth staged: 4 stages × 45 frames (total 180)
  Stage 1/4: target=16 faces, frames 1-45
    actual faces=16
  Cloth baked frames 1-45
  Stage 2/4: target=64 faces, frames 46-90
    actual faces=64
  Cloth baked frames 46-90
  Stage 3/4: target=256 faces, frames 91-135
    actual faces=256
  Cloth baked frames 91-135
  Stage 4/4: target=1024 faces, frames 136-180
    actual faces=1024
  Cloth baked frames 136-180
paper_to_cloth staged render complete → /home/runner/work/chaosim/chaosim/outputs/renders/paper_to_cloth_frames
Mux: /usr/bin/ffmpeg -y -framerate 30 -i /home/runner/work/chaosim/chaosim/outputs/renders/paper_to_cloth_frames/frame_%04d.png -c:v libx264 -pix_fmt yuv420p -movflags +faststart /home/runner/work/chaosim/chaosim/outputs/renders/paper_to_cloth.mp4
Render complete: /home/runner/work/chaosim/chaosim/outputs/renders/paper_to_cloth.mp4

Blender quit
Running: /home/runner/blender/blender --background --python /home/runner/work/chaosim/chaosim/simulators/blender/runner.py -- /home/runner/work/chaosim/chaosim/outputs/renders/paper_to_cloth_concept.json /home/runner/work/chaosim/chaosim/outputs/renders/paper_to_cloth.mp4 preview
Rendered: outputs/renders/paper_to_cloth.mp4
